collection_time,disruption_id,category,severity,location,corridor,comments
2025-12-29T14:07:33.582231,TIMS-206772,Works,Moderate,"[A12] EASTERN AVENUE EAST (RM2 ,RM3 ) (Havering)",['a12'],"Gallows Corner Flyover Refurbishment - [A12] Eastern Avenue East (All directions) at the junction of [A12] Colchester Road - Various restrictions, to facilitate the refurbishment of Gallows Corner Flyover. Full closure of the Flyover and the roundabout including all approaches in place."
2025-12-29T14:07:33.582231,TIMS-213893,Works,Moderate,"[A23] STREATHAM HILL (SW16 ,SW2 ) (Lambeth)",['a23'],"[A23] Streatham Hill (Both directions) between [A205] Christchurch Road and Leigham Court Road - Various restrictions for TfL works. Lane restrictions, in place over the course of the works. On 15/02/2026, 16/02/2026, 17/05/2026, 18/05/2026 there will be a full overnight closure. "
2025-12-29T14:07:33.582231,TIMS-200007,Works,Moderate,"KING WILLIAM STREET (EC3V,EC4N,EC4R) (City of London)",['bishopsgate cross route'],King William Street (Southbound) at the junction of Lombard Street - Road closed to facilitate urban realm works.
2025-12-29T14:07:33.582231,TIMS-218732,Planned events,Moderate,"[A4202] PARK LANE (W1J ,W1K ,W2 ) (Westminster)",['inner ring'],Winter Wonderland - Hyde Park - [A4202] Park Lane (All directions) at the junction of [A4202] Achilles Way - Winter Wonderland event has opened at 10:00
2025-12-29T14:07:33.582231,TIMS-216408,Works,Moderate,[A400] HAMPSTEAD ROAD (NW1 ) (Camden),['inner ring'],[A400] Hampstead Road (Both directions) at the junction of Robert Street - Temporary traffic signals and lane restrictions are in place for HS2 works.
2025-12-29T14:07:33.582231,TIMS-204461,Works,Moderate,"[A3203] LAMBETH BRIDGE (SE1 ,SW1P ) (Lambeth,Westminster)",['southern river route'],[A3203] Lambeth Bridge (Eastbound) between [A3036] A 3036 and [A3212] Millbank - Lane restrictions are in place at either side of the bridge for junction improvement works.
2025-12-29T14:07:33.582231,TIMS-221134,Network delays,Moderate,"[A101] ROTHERHITHE TUNNEL (E1W ,SE16 ) (Southwark,Tower Hamlets)",['southern river route'],"[A101] Rotherhithe Tunnel (Both directions) between [A200] Jamaica Road and [A13] Commercial Road - The Tunnel may be subject to short, intermittent closures"
2025-12-29T14:07:33.582231,TIMS-221661,Works,Moderate,[A308] KINGSTON HILL (KT2 ) (Kingston upon Thames),[],[A308] Kingston Hill (Both directions) at the junction of Park Road - Temporary traffic signals are in use to facilitate works. 
2025-12-29T14:07:33.582231,TIMS-220472,Hazards,Moderate,"[A4200] SOUTHAMPTON ROW (WC1A ,WC1B ,WC1N ,WC1V ) (Camden)",[],[A4200] Southampton Row (Both directions) between [A40] High Holborn and [A40] Vernon Place - The road is closed due to emergency UKPN works. Vernon Place westbound bus lane is also closed. 
2025-12-29T14:07:33.582231,TIMS-222032,Collisions,Moderate,[A2] BLACKHEATH ROAD (SE10 ) (Greenwich),['a2'],[A2] Blackheath Road (Both directions) between [A2211] Greenwich South Street and [A206] Greenwich High Road - The road is closed due to a collision.
2025-12-29T14:07:33.582231,TIMS-222012,Works,Minimal,[A212] CATFORD HILL (SE6 ) (Lewisham),['a205'],[A212] Catford Hill (Both directions) at the junction of Beechfield Road - Two way temporary traffic lights in place to facilitate Thames Water works. 
2025-12-29T14:07:33.582231,TIMS-221961,Network delays,Minimal,[A2204] FERRY APPROACH (SE18 ) (Greenwich),['a205'],[A2204] Ferry Approach (Both directions) at the junction of [A206] Woolwich Ferry Roundabout - The Woolwich Ferry is not in operation due to a power failure in the area. 
2025-12-29T14:07:33.582231,TIMS-221957,Works,Minimal,[A3] WANDSWORTH HIGH STREET (SW18 ) (Wandsworth),['a205'],[A3] Wandsworth High Street (Both directions) between [A3] West Hill and [A3] East Hill - Road closures in place due to a burst water main. 
2025-12-29T14:07:33.582231,TIMS-222025,Works,Minimal,[A22] GODSTONE ROAD (CR8 ) (Croydon),['a23'],"[A22] Godstone Road (Both directions) at the junction of Station Road - Two-way temporary signals in operation near Kenley station, due to burst water main repairs. "
2025-12-29T14:07:33.582231,TIMS-221773,Works,Minimal,"[A216] MITCHAM LANE (SW16 ) (Lambeth,Wandsworth)",['a23'],[A216] Mitcham Lane (Both directions) at the junction of Fernwood Avenue - Temporary signals in operation to facilitate repairs to a burst water main.
2025-12-29T14:07:33.582231,TIMS-222023,Works,Minimal,"[A40] WESTERN AVENUE (HA4 ,UB10 ) (Hillingdon)",['a40'],"[A40] Western Avenue (Westbound) at the junction of [A4180] West End Road - Lane one (of three) closure after the onslip from Polish War Memorial, due to urgent water main repairs. "
2025-12-29T14:07:33.582231,TIMS-210389,Works,Minimal,"[A40] WESTWAY (W10 ,W12 ) (Hammersmith & Fulham,Kensington & Chelsea)",['a40'],[A40] Westway (Eastbound) at the junction of [A3220] West Cross Route - The exit slip road to the Northern Roundabout is closed to facilitate repair works. 
2025-12-29T14:07:33.582231,TIMS-222024,Works,Minimal,"[A41] HENDON WAY (NW11 ,NW2 ) (Barnet)",['a41'],"[A41] Hendon Way (Northbound) at the junction of Ridge Hill - Lane one (of three) closure opposite the junction of Ridge Hill, due to urgent water leak repairs. "
2025-12-29T14:07:33.582231,TIMS-222029,Works,Minimal,"[A1203] THE HIGHWAY (E1 ,E1W ) (Tower Hamlets)",['city route'],"[A1203] The Highway (Westbound) at the junction of [A1202] Dock Street - Lane closure due to urgent UKPN cable repairs.
"
2025-12-29T14:07:33.582231,TIMS-216723,Works,Minimal,"TILLING ROAD (NW2 ,NW4 ) (Barnet)",[],Tilling Road (All approaches) at the junction of Claremont Road. - Temporary traffic signals in place to facilitate roadworks. 
2025-12-29T14:07:33.582231,TIMS-221963,Works,Minimal,JAIL LANE (TN16 ) (Bromley),[],Jail Lane (Both directions) at the junction of Old Tye Avenue - Road closed to facilitate Thames Water works. 
2025-12-29T14:07:33.582231,TIMS-221831,Works,Minimal,"PECKHAM RYE (SE15 ,SE22 ) (Southwark)",[],Peckham Rye (All directions) at the junction of [A2214] Nunhead Lane - Temporary traffic signals are in place to facilitate ermergency SGN works.
2025-12-29T14:07:33.582231,TIMS-220707,Planned events,Minimal,MILLENNIUM WAY (SE10 ) (Greenwich),[],Disney on Ice - The O2 - Millennium Way (All approaches) at the junction of Ordnance Crescent - Disney on Ice.
2025-12-29T14:07:33.582231,TIMS-212391,Works,Minimal,[A4020] UXBRIDGE ROAD (W12 ) (Hammersmith & Fulham),[],[A4020] Uxbridge Road (Both directions) at the junction of [A402] Shepherds Bush Green - Restrictions in place in various locations on Uxbridge Road and Shepherds Bush Green due to C34 cycle lane scheme works.
2025-12-29T14:07:33.582231,TIMS-217012,Works,Minimal,[A206] WOOLWICH ROAD (SE7 ) (Greenwich),[],[A206] Woolwich Road (Both directions) between Anchor & Hope Lane and John Wilson Street. - Lane restrictions to facilitate the construction of a segregated cycle lane. 
2025-12-29T14:07:33.582231,TIMS-213362,Works,Minimal,"[A107] MARE STREET (E8 ,E9 ) (Hackney)",[],"[A107] Mare Street (Both directions) between [A1207] Graham Road and [A107] Amhurst Road - Road is closed to facilitate urban realm works. Additionally, temporary signals are in place at the junction of Graham Road."
2025-12-29T14:07:33.582231,TIMS-220784,Works,Minimal,"[A1205] BURDETT ROAD (E1 ,E14 ,E3 ) (Tower Hamlets)",[],"[A1205] Burdett Road (Both directions) at the junction of [B140] St Pauls Way - Temporary traffic signals lane restrictions in use to facilitate Thames Water works. In addition, no access to St Paul's Way."
2025-12-29T14:07:33.582231,TIMS-219173,Works,Minimal,[A219] WOOD LANE (W12 ) (Hammersmith & Fulham),[],[A219] Wood Lane (Both directions) at the junction of [A40] Westway - Various carriageway and footway restrictions in place to facilitate Cycle Superhighway works.
2025-12-29T14:07:33.582231,TIMS-221854,Works,Minimal,"[A20] ELTHAM ROAD (SE12 ,SE3 ) (Greenwich,Lewisham)",['a20'],[A20] Eltham Road (Westbound) at the junction of Cambridge Drive - Lane restrictions to be implemented to facilitate SGN works. 
2025-12-29T14:07:33.582231,TIMS-221700,Works,Minimal,[A205] WALDRAM CRESCENT (SE23 ) (Lewisham),['a205'],[A205] Waldram Crescent (Both directions) at the junction of Stanstead Road - Contra-flow in operation to facilitate SGN works.
2025-12-29T14:07:33.582231,TIMS-221978,Works,Minimal,"[A3] BATTERSEA RISE (SW11 ,SW18 ) (Wandsworth)",['a205'],[A3] Battersea Rise (Both directions) at the junction of Bolingbroke Grove - There are 2-way temporary traffic lights at this location for Thames Water works. 
2025-12-29T14:07:33.582231,TIMS-209852,Works,Minimal,"[A3205] NINE ELMS LANE (SW11 ,SW8 ) (Lambeth,Wandsworth)","['a3', 'inner ring']",[A3205] Nine Elms Lane (Both directions) at the junction of Ponton Road - Lane closures in place to facilitate Urban Realm Works.
2025-12-29T14:07:33.582231,TIMS-220695,Works,Minimal,"[A41] FINCHLEY ROAD (NW3 ,NW6 ,NW8 ) (Camden)",['a41'],[A41] Finchley Road (Southbound) at the junction of [B511] College Crescent - Lanes one and two (of three) closed to facilitate emergency Thames Water works.
2025-12-29T14:07:33.582231,TIMS-221816,Works,Minimal,[A302] GROSVENOR GARDENS (SW1W ) (Westminster),['inner ring'],[A302] Grosvenor Gardens (Southbound) at the junction of [A3214] Buckingham Palace Road - The right turn from Buckingham Palace Road into Grosvenor Gardens has been closed due to emergency repairs by Cadent Gas.
2025-12-29T14:07:33.582231,TIMS-222027,Works,Minimal,"[B212] STRATHEDEN ROAD (SE3 ) (Greenwich,Lewisham)",[],Thames Water works - [B212] Stratheden Road (Both directions) at the junction of [A2] Shooters Hill Road - The road is closed due to Thames Water works. 
2025-12-29T14:07:33.582231,TIMS-218924,Works,Minimal,[A206] WOOLWICH CHURCH STREET (SE18 ) (Greenwich),[],[A206] Woolwich Church Street (Both directions) at the junction of [A206] Woolwich Ferry Roundabout - Various restrictions in place to facilitate cycle lane works.
2025-12-29T14:07:33.582231,TIMS-219994,Works,Minimal,[A200] LOWER ROAD (SE16 ) (Southwark),[],[A200] Lower Road (Both directions) at the junction of Surrey Quays Road - Temporary traffic signals to be implemented to facilitate cable works. 
2025-12-29T14:07:33.582231,TIMS-219993,Works,Minimal,[A200] LOWER ROAD (SE16 ) (Southwark),[],[A200] Lower Road (Both directions) at the junction of Gomm Road - Temporary traffic signals to be implemented to facilitate cable works. 
2025-12-29T14:07:33.582231,TIMS-221911,Works,Minimal,SELBORNE ROAD (E17 ) (Waltham Forest),[],Selborne Road (Both directions) at the junction of Vernon Road - Temporary traffic signals in operation to facilitate Thames Water works. 
2025-12-29T14:07:33.582231,TIMS-220134,Works,Minimal,"[A206] WOOLWICH CHURCH STREET (SE18 ,SE7 ) (Greenwich)",[],[A206] Woolwich Church Street (Westbound) at the junction of Warspite Road - Lane restriction due to ongoing cycle scheme works.
2025-12-29T14:07:33.582231,TIMS-221797,Planned events,Minimal,HORSE GUARDS AVENUE (SW1A ) (Westminster),[],Horse Guards Avenue (Both directions) between [A3211] Victoria Embankment and Whitehall Court - The road will be closed to facilitate the build for New Year's Eve celebrations. 
2025-12-29T14:07:33.582231,TIMS-215004,Works,Minimal,"DU CANE ROAD (W12 ,W3 ) (Hammersmith & Fulham)",[],Du Cane Road (Both directions) at the junction of Hilary Road - Two-way temporary traffic signals are in operation for bridge works.
2025-12-29T14:07:33.582231,TIMS-219885,Works,Minimal,"[A1205] BURDETT ROAD (E1 ,E3 ) (Tower Hamlets)",[],[A1205] Burdett Road (Both directions) at the junction of [A11] Mile End Road - Lane restrictions in place to facilitate Thames Water works.
2025-12-29T14:07:33.582231,TIMS-221720,Works,Minimal,"[A112] PRINCE REGENT LANE (E13 ,E16 ) (Newham)",[],[A112] Prince Regent Lane (Northbound) at the junction of Churchill Road - Road closed northbound due to emergency Thames Water works.
2025-12-29T14:26:12.272702,TIMS-206772,Works,Moderate,"[A12] EASTERN AVENUE EAST (RM2 ,RM3 ) (Havering)",['a12'],"Gallows Corner Flyover Refurbishment - [A12] Eastern Avenue East (All directions) at the junction of [A12] Colchester Road - Various restrictions, to facilitate the refurbishment of Gallows Corner Flyover. Full closure of the Flyover and the roundabout including all approaches in place."
2025-12-29T14:26:12.272702,TIMS-213893,Works,Moderate,"[A23] STREATHAM HILL (SW16 ,SW2 ) (Lambeth)",['a23'],"[A23] Streatham Hill (Both directions) between [A205] Christchurch Road and Leigham Court Road - Various restrictions for TfL works. Lane restrictions, in place over the course of the works. On 15/02/2026, 16/02/2026, 17/05/2026, 18/05/2026 there will be a full overnight closure. "
2025-12-29T14:26:12.272702,TIMS-200007,Works,Moderate,"KING WILLIAM STREET (EC3V,EC4N,EC4R) (City of London)",['bishopsgate cross route'],King William Street (Southbound) at the junction of Lombard Street - Road closed to facilitate urban realm works.
2025-12-29T14:26:12.272702,TIMS-218732,Planned events,Moderate,"[A4202] PARK LANE (W1J ,W1K ,W2 ) (Westminster)",['inner ring'],Winter Wonderland - Hyde Park - [A4202] Park Lane (All directions) at the junction of [A4202] Achilles Way - Winter Wonderland event has opened at 10:00
2025-12-29T14:26:12.272702,TIMS-216408,Works,Moderate,[A400] HAMPSTEAD ROAD (NW1 ) (Camden),['inner ring'],[A400] Hampstead Road (Both directions) at the junction of Robert Street - Temporary traffic signals and lane restrictions are in place for HS2 works.
2025-12-29T14:26:12.272702,TIMS-204461,Works,Moderate,"[A3203] LAMBETH BRIDGE (SE1 ,SW1P ) (Lambeth,Westminster)",['southern river route'],[A3203] Lambeth Bridge (Eastbound) between [A3036] A 3036 and [A3212] Millbank - Lane restrictions are in place at either side of the bridge for junction improvement works.
2025-12-29T14:26:12.272702,TIMS-221134,Network delays,Moderate,"[A101] ROTHERHITHE TUNNEL (E1W ,SE16 ) (Southwark,Tower Hamlets)",['southern river route'],"[A101] Rotherhithe Tunnel (Both directions) between [A200] Jamaica Road and [A13] Commercial Road - The Tunnel may be subject to short, intermittent closures"
2025-12-29T14:26:12.272702,TIMS-221661,Works,Moderate,[A308] KINGSTON HILL (KT2 ) (Kingston upon Thames),[],[A308] Kingston Hill (Both directions) at the junction of Park Road - Temporary traffic signals are in use to facilitate works. 
2025-12-29T14:26:12.272702,TIMS-220472,Hazards,Moderate,"[A4200] SOUTHAMPTON ROW (WC1A ,WC1B ,WC1N ,WC1V ) (Camden)",[],[A4200] Southampton Row (Both directions) between [A40] High Holborn and [A40] Vernon Place - The road is closed due to emergency UKPN works. Vernon Place westbound bus lane is also closed. 
2025-12-29T14:26:12.272702,TIMS-222032,Collisions,Moderate,[A2] BLACKHEATH ROAD (SE10 ) (Greenwich),['a2'],[A2] Blackheath Road (Both directions) between [A2211] Greenwich South Street and [A206] Greenwich High Road - The road is closed due to a collision.
2025-12-29T14:26:12.272702,TIMS-222012,Works,Minimal,[A212] CATFORD HILL (SE6 ) (Lewisham),['a205'],[A212] Catford Hill (Both directions) at the junction of Beechfield Road - Two way temporary traffic lights in place to facilitate Thames Water works. 
2025-12-29T14:26:12.272702,TIMS-221961,Network delays,Minimal,[A2204] FERRY APPROACH (SE18 ) (Greenwich),['a205'],[A2204] Ferry Approach (Both directions) at the junction of [A206] Woolwich Ferry Roundabout - The Woolwich Ferry is not in operation due to a power failure in the area. 
2025-12-29T14:26:12.272702,TIMS-221957,Works,Minimal,[A3] WANDSWORTH HIGH STREET (SW18 ) (Wandsworth),['a205'],[A3] Wandsworth High Street (Both directions) between [A3] West Hill and [A3] East Hill - Road closures in place due to a burst water main. 
2025-12-29T14:26:12.272702,TIMS-222025,Works,Minimal,[A22] GODSTONE ROAD (CR8 ) (Croydon),['a23'],"[A22] Godstone Road (Both directions) at the junction of Station Road - Two-way temporary signals in operation near Kenley station, due to burst water main repairs. "
2025-12-29T14:26:12.272702,TIMS-221773,Works,Minimal,"[A216] MITCHAM LANE (SW16 ) (Lambeth,Wandsworth)",['a23'],[A216] Mitcham Lane (Both directions) at the junction of Fernwood Avenue - Temporary signals in operation to facilitate repairs to a burst water main.
2025-12-29T14:26:12.272702,TIMS-222023,Works,Minimal,"[A40] WESTERN AVENUE (HA4 ,UB10 ) (Hillingdon)",['a40'],"[A40] Western Avenue (Westbound) at the junction of [A4180] West End Road - Lane one (of three) closure after the onslip from Polish War Memorial, due to urgent water main repairs. "
2025-12-29T14:26:12.272702,TIMS-210389,Works,Minimal,"[A40] WESTWAY (W10 ,W12 ) (Hammersmith & Fulham,Kensington & Chelsea)",['a40'],[A40] Westway (Eastbound) at the junction of [A3220] West Cross Route - The exit slip road to the Northern Roundabout is closed to facilitate repair works. 
2025-12-29T14:26:12.272702,TIMS-222024,Works,Minimal,"[A41] HENDON WAY (NW11 ,NW2 ) (Barnet)",['a41'],"[A41] Hendon Way (Northbound) at the junction of Ridge Hill - Lane one (of three) closure opposite the junction of Ridge Hill, due to urgent water leak repairs. "
2025-12-29T14:26:12.272702,TIMS-222029,Works,Minimal,"[A1203] THE HIGHWAY (E1 ,E1W ) (Tower Hamlets)",['city route'],"[A1203] The Highway (Westbound) at the junction of [A1202] Dock Street - Lane closure due to urgent UKPN cable repairs.
"
2025-12-29T14:26:12.272702,TIMS-216723,Works,Minimal,"TILLING ROAD (NW2 ,NW4 ) (Barnet)",[],Tilling Road (All approaches) at the junction of Claremont Road. - Temporary traffic signals in place to facilitate roadworks. 
2025-12-29T14:26:12.272702,TIMS-221963,Works,Minimal,JAIL LANE (TN16 ) (Bromley),[],Jail Lane (Both directions) at the junction of Old Tye Avenue - Road closed to facilitate Thames Water works. 
2025-12-29T14:26:12.272702,TIMS-221831,Works,Minimal,"PECKHAM RYE (SE15 ,SE22 ) (Southwark)",[],Peckham Rye (All directions) at the junction of [A2214] Nunhead Lane - Temporary traffic signals are in place to facilitate ermergency SGN works.
2025-12-29T14:26:12.272702,TIMS-220707,Planned events,Minimal,MILLENNIUM WAY (SE10 ) (Greenwich),[],Disney on Ice - The O2 - Millennium Way (All approaches) at the junction of Ordnance Crescent - Disney on Ice.
2025-12-29T14:26:12.272702,TIMS-212391,Works,Minimal,[A4020] UXBRIDGE ROAD (W12 ) (Hammersmith & Fulham),[],[A4020] Uxbridge Road (Both directions) at the junction of [A402] Shepherds Bush Green - Restrictions in place in various locations on Uxbridge Road and Shepherds Bush Green due to C34 cycle lane scheme works.
2025-12-29T14:26:12.272702,TIMS-217012,Works,Minimal,[A206] WOOLWICH ROAD (SE7 ) (Greenwich),[],[A206] Woolwich Road (Both directions) between Anchor & Hope Lane and John Wilson Street. - Lane restrictions to facilitate the construction of a segregated cycle lane. 
2025-12-29T14:26:12.272702,TIMS-213362,Works,Minimal,"[A107] MARE STREET (E8 ,E9 ) (Hackney)",[],"[A107] Mare Street (Both directions) between [A1207] Graham Road and [A107] Amhurst Road - Road is closed to facilitate urban realm works. Additionally, temporary signals are in place at the junction of Graham Road."
2025-12-29T14:26:12.272702,TIMS-220784,Works,Minimal,"[A1205] BURDETT ROAD (E1 ,E14 ,E3 ) (Tower Hamlets)",[],"[A1205] Burdett Road (Both directions) at the junction of [B140] St Pauls Way - Temporary traffic signals lane restrictions in use to facilitate Thames Water works. In addition, no access to St Paul's Way."
2025-12-29T14:26:12.272702,TIMS-219173,Works,Minimal,[A219] WOOD LANE (W12 ) (Hammersmith & Fulham),[],[A219] Wood Lane (Both directions) at the junction of [A40] Westway - Various carriageway and footway restrictions in place to facilitate Cycle Superhighway works.
2025-12-29T14:26:12.272702,TIMS-221854,Works,Minimal,"[A20] ELTHAM ROAD (SE12 ,SE3 ) (Greenwich,Lewisham)",['a20'],[A20] Eltham Road (Westbound) at the junction of Cambridge Drive - Lane restrictions to be implemented to facilitate SGN works. 
2025-12-29T14:26:12.272702,TIMS-221700,Works,Minimal,[A205] WALDRAM CRESCENT (SE23 ) (Lewisham),['a205'],[A205] Waldram Crescent (Both directions) at the junction of Stanstead Road - Contra-flow in operation to facilitate SGN works.
2025-12-29T14:26:12.272702,TIMS-221978,Works,Minimal,"[A3] BATTERSEA RISE (SW11 ,SW18 ) (Wandsworth)",['a205'],[A3] Battersea Rise (Both directions) at the junction of Bolingbroke Grove - There are 2-way temporary traffic lights at this location for Thames Water works. 
2025-12-29T14:26:12.272702,TIMS-209852,Works,Minimal,"[A3205] NINE ELMS LANE (SW11 ,SW8 ) (Lambeth,Wandsworth)","['a3', 'inner ring']",[A3205] Nine Elms Lane (Both directions) at the junction of Ponton Road - Lane closures in place to facilitate Urban Realm Works.
2025-12-29T14:26:12.272702,TIMS-220695,Works,Minimal,"[A41] FINCHLEY ROAD (NW3 ,NW6 ,NW8 ) (Camden)",['a41'],[A41] Finchley Road (Southbound) at the junction of [B511] College Crescent - Lanes one and two (of three) closed to facilitate emergency Thames Water works.
2025-12-29T14:26:12.272702,TIMS-221816,Works,Minimal,[A302] GROSVENOR GARDENS (SW1W ) (Westminster),['inner ring'],[A302] Grosvenor Gardens (Southbound) at the junction of [A3214] Buckingham Palace Road - The right turn from Buckingham Palace Road into Grosvenor Gardens has been closed due to emergency repairs by Cadent Gas.
2025-12-29T14:26:12.272702,TIMS-222027,Works,Minimal,"[B212] STRATHEDEN ROAD (SE3 ) (Greenwich,Lewisham)",[],Thames Water works - [B212] Stratheden Road (Both directions) at the junction of [A2] Shooters Hill Road - The road is closed due to Thames Water works. 
2025-12-29T14:26:12.272702,TIMS-218924,Works,Minimal,[A206] WOOLWICH CHURCH STREET (SE18 ) (Greenwich),[],[A206] Woolwich Church Street (Both directions) at the junction of [A206] Woolwich Ferry Roundabout - Various restrictions in place to facilitate cycle lane works.
2025-12-29T14:26:12.272702,TIMS-219994,Works,Minimal,[A200] LOWER ROAD (SE16 ) (Southwark),[],[A200] Lower Road (Both directions) at the junction of Surrey Quays Road - Temporary traffic signals to be implemented to facilitate cable works. 
2025-12-29T14:26:12.272702,TIMS-219993,Works,Minimal,[A200] LOWER ROAD (SE16 ) (Southwark),[],[A200] Lower Road (Both directions) at the junction of Gomm Road - Temporary traffic signals to be implemented to facilitate cable works. 
2025-12-29T14:26:12.272702,TIMS-221911,Works,Minimal,SELBORNE ROAD (E17 ) (Waltham Forest),[],Selborne Road (Both directions) at the junction of Vernon Road - Temporary traffic signals in operation to facilitate Thames Water works. 
2025-12-29T14:26:12.272702,TIMS-220134,Works,Minimal,"[A206] WOOLWICH CHURCH STREET (SE18 ,SE7 ) (Greenwich)",[],[A206] Woolwich Church Street (Westbound) at the junction of Warspite Road - Lane restriction due to ongoing cycle scheme works.
2025-12-29T14:26:12.272702,TIMS-221797,Planned events,Minimal,HORSE GUARDS AVENUE (SW1A ) (Westminster),[],Horse Guards Avenue (Both directions) between [A3211] Victoria Embankment and Whitehall Court - The road will be closed to facilitate the build for New Year's Eve celebrations. 
2025-12-29T14:26:12.272702,TIMS-215004,Works,Minimal,"DU CANE ROAD (W12 ,W3 ) (Hammersmith & Fulham)",[],Du Cane Road (Both directions) at the junction of Hilary Road - Two-way temporary traffic signals are in operation for bridge works.
2025-12-29T14:26:12.272702,TIMS-219885,Works,Minimal,"[A1205] BURDETT ROAD (E1 ,E3 ) (Tower Hamlets)",[],[A1205] Burdett Road (Both directions) at the junction of [A11] Mile End Road - Lane restrictions in place to facilitate Thames Water works.
2025-12-29T14:26:12.272702,TIMS-221720,Works,Minimal,"[A112] PRINCE REGENT LANE (E13 ,E16 ) (Newham)",[],[A112] Prince Regent Lane (Northbound) at the junction of Churchill Road - Road closed northbound due to emergency Thames Water works.
2025-12-29T14:45:31.213073,TIMS-206772,Works,Moderate,"[A12] EASTERN AVENUE EAST (RM2 ,RM3 ) (Havering)",['a12'],"Gallows Corner Flyover Refurbishment - [A12] Eastern Avenue East (All directions) at the junction of [A12] Colchester Road - Various restrictions, to facilitate the refurbishment of Gallows Corner Flyover. Full closure of the Flyover and the roundabout including all approaches in place."
2025-12-29T14:45:31.213073,TIMS-213893,Works,Moderate,"[A23] STREATHAM HILL (SW16 ,SW2 ) (Lambeth)",['a23'],"[A23] Streatham Hill (Both directions) between [A205] Christchurch Road and Leigham Court Road - Various restrictions for TfL works. Lane restrictions, in place over the course of the works. On 15/02/2026, 16/02/2026, 17/05/2026, 18/05/2026 there will be a full overnight closure. "
2025-12-29T14:45:31.213073,TIMS-200007,Works,Moderate,"KING WILLIAM STREET (EC3V,EC4N,EC4R) (City of London)",['bishopsgate cross route'],King William Street (Southbound) at the junction of Lombard Street - Road closed to facilitate urban realm works.
2025-12-29T14:45:31.213073,TIMS-218732,Planned events,Moderate,"[A4202] PARK LANE (W1J ,W1K ,W2 ) (Westminster)",['inner ring'],Winter Wonderland - Hyde Park - [A4202] Park Lane (All directions) at the junction of [A4202] Achilles Way - Winter Wonderland event has opened at 10:00
2025-12-29T14:45:31.213073,TIMS-216408,Works,Moderate,[A400] HAMPSTEAD ROAD (NW1 ) (Camden),['inner ring'],[A400] Hampstead Road (Both directions) at the junction of Robert Street - Temporary traffic signals and lane restrictions are in place for HS2 works.
2025-12-29T14:45:31.213073,TIMS-204461,Works,Moderate,"[A3203] LAMBETH BRIDGE (SE1 ,SW1P ) (Lambeth,Westminster)",['southern river route'],[A3203] Lambeth Bridge (Eastbound) between [A3036] A 3036 and [A3212] Millbank - Lane restrictions are in place at either side of the bridge for junction improvement works.
2025-12-29T14:45:31.213073,TIMS-221134,Network delays,Moderate,"[A101] ROTHERHITHE TUNNEL (E1W ,SE16 ) (Southwark,Tower Hamlets)",['southern river route'],"[A101] Rotherhithe Tunnel (Both directions) between [A200] Jamaica Road and [A13] Commercial Road - The Tunnel may be subject to short, intermittent closures"
2025-12-29T14:45:31.213073,TIMS-221661,Works,Moderate,[A308] KINGSTON HILL (KT2 ) (Kingston upon Thames),[],[A308] Kingston Hill (Both directions) at the junction of Park Road - Temporary traffic signals are in use to facilitate works. 
2025-12-29T14:45:31.213073,TIMS-220472,Hazards,Moderate,"[A4200] SOUTHAMPTON ROW (WC1A ,WC1B ,WC1N ,WC1V ) (Camden)",[],[A4200] Southampton Row (Both directions) between [A40] High Holborn and [A40] Vernon Place - The road is closed due to emergency UKPN works. Vernon Place westbound bus lane is also closed. 
2025-12-29T14:45:31.213073,TIMS-222032,Collisions,Moderate,[A2] BLACKHEATH ROAD (SE10 ) (Greenwich),['a2'],[A2] Blackheath Road (Both directions) between [A2211] Greenwich South Street and [A206] Greenwich High Road - The road is closed due to a collision.
2025-12-29T14:45:31.213073,TIMS-222012,Works,Minimal,[A212] CATFORD HILL (SE6 ) (Lewisham),['a205'],[A212] Catford Hill (Both directions) at the junction of Beechfield Road - Two way temporary traffic lights in place to facilitate Thames Water works. 
2025-12-29T14:45:31.213073,TIMS-221961,Network delays,Minimal,[A2204] FERRY APPROACH (SE18 ) (Greenwich),['a205'],[A2204] Ferry Approach (Both directions) at the junction of [A206] Woolwich Ferry Roundabout - The Woolwich Ferry is not in operation due to a power failure in the area. 
2025-12-29T14:45:31.213073,TIMS-221957,Works,Minimal,[A3] WANDSWORTH HIGH STREET (SW18 ) (Wandsworth),['a205'],[A3] Wandsworth High Street (Both directions) between [A3] West Hill and [A3] East Hill - Road closures in place due to a burst water main. 
2025-12-29T14:45:31.213073,TIMS-222025,Works,Minimal,[A22] GODSTONE ROAD (CR8 ) (Croydon),['a23'],"[A22] Godstone Road (Both directions) at the junction of Station Road - Two-way temporary signals in operation near Kenley station, due to burst water main repairs. "
2025-12-29T14:45:31.213073,TIMS-221773,Works,Minimal,"[A216] MITCHAM LANE (SW16 ) (Lambeth,Wandsworth)",['a23'],[A216] Mitcham Lane (Both directions) at the junction of Fernwood Avenue - Temporary signals in operation to facilitate repairs to a burst water main.
2025-12-29T14:45:31.213073,TIMS-222023,Works,Minimal,"[A40] WESTERN AVENUE (HA4 ,UB10 ) (Hillingdon)",['a40'],"[A40] Western Avenue (Westbound) at the junction of [A4180] West End Road - Lane one (of three) closure after the onslip from Polish War Memorial, due to urgent water main repairs. "
2025-12-29T14:45:31.213073,TIMS-210389,Works,Minimal,"[A40] WESTWAY (W10 ,W12 ) (Hammersmith & Fulham,Kensington & Chelsea)",['a40'],[A40] Westway (Eastbound) at the junction of [A3220] West Cross Route - The exit slip road to the Northern Roundabout is closed to facilitate repair works. 
2025-12-29T14:45:31.213073,TIMS-222024,Works,Minimal,"[A41] HENDON WAY (NW11 ,NW2 ) (Barnet)",['a41'],"[A41] Hendon Way (Northbound) at the junction of Ridge Hill - Lane one (of three) closure opposite the junction of Ridge Hill, due to urgent water leak repairs. "
2025-12-29T14:45:31.213073,TIMS-222029,Works,Minimal,"[A1203] THE HIGHWAY (E1 ,E1W ) (Tower Hamlets)",['city route'],"[A1203] The Highway (Westbound) at the junction of [A1202] Dock Street - Lane closure due to urgent UKPN cable repairs.
"
2025-12-29T14:45:31.213073,TIMS-216723,Works,Minimal,"TILLING ROAD (NW2 ,NW4 ) (Barnet)",[],Tilling Road (All approaches) at the junction of Claremont Road. - Temporary traffic signals in place to facilitate roadworks. 
2025-12-29T14:45:31.213073,TIMS-221963,Works,Minimal,JAIL LANE (TN16 ) (Bromley),[],Jail Lane (Both directions) at the junction of Old Tye Avenue - Road closed to facilitate Thames Water works. 
2025-12-29T14:45:31.213073,TIMS-221831,Works,Minimal,"PECKHAM RYE (SE15 ,SE22 ) (Southwark)",[],Peckham Rye (All directions) at the junction of [A2214] Nunhead Lane - Temporary traffic signals are in place to facilitate ermergency SGN works.
2025-12-29T14:45:31.213073,TIMS-220707,Planned events,Minimal,MILLENNIUM WAY (SE10 ) (Greenwich),[],Disney on Ice - The O2 - Millennium Way (All approaches) at the junction of Ordnance Crescent - Disney on Ice.
2025-12-29T14:45:31.213073,TIMS-212391,Works,Minimal,[A4020] UXBRIDGE ROAD (W12 ) (Hammersmith & Fulham),[],[A4020] Uxbridge Road (Both directions) at the junction of [A402] Shepherds Bush Green - Restrictions in place in various locations on Uxbridge Road and Shepherds Bush Green due to C34 cycle lane scheme works.
2025-12-29T14:45:31.213073,TIMS-217012,Works,Minimal,[A206] WOOLWICH ROAD (SE7 ) (Greenwich),[],[A206] Woolwich Road (Both directions) between Anchor & Hope Lane and John Wilson Street. - Lane restrictions to facilitate the construction of a segregated cycle lane. 
2025-12-29T14:45:31.213073,TIMS-213362,Works,Minimal,"[A107] MARE STREET (E8 ,E9 ) (Hackney)",[],"[A107] Mare Street (Both directions) between [A1207] Graham Road and [A107] Amhurst Road - Road is closed to facilitate urban realm works. Additionally, temporary signals are in place at the junction of Graham Road."
2025-12-29T14:45:31.213073,TIMS-220784,Works,Minimal,"[A1205] BURDETT ROAD (E1 ,E14 ,E3 ) (Tower Hamlets)",[],"[A1205] Burdett Road (Both directions) at the junction of [B140] St Pauls Way - Temporary traffic signals lane restrictions in use to facilitate Thames Water works. In addition, no access to St Paul's Way."
2025-12-29T14:45:31.213073,TIMS-219173,Works,Minimal,[A219] WOOD LANE (W12 ) (Hammersmith & Fulham),[],[A219] Wood Lane (Both directions) at the junction of [A40] Westway - Various carriageway and footway restrictions in place to facilitate Cycle Superhighway works.
2025-12-29T14:45:31.213073,TIMS-221854,Works,Minimal,"[A20] ELTHAM ROAD (SE12 ,SE3 ) (Greenwich,Lewisham)",['a20'],[A20] Eltham Road (Westbound) at the junction of Cambridge Drive - Lane restrictions to be implemented to facilitate SGN works. 
2025-12-29T14:45:31.213073,TIMS-221700,Works,Minimal,[A205] WALDRAM CRESCENT (SE23 ) (Lewisham),['a205'],[A205] Waldram Crescent (Both directions) at the junction of Stanstead Road - Contra-flow in operation to facilitate SGN works.
2025-12-29T14:45:31.213073,TIMS-221978,Works,Minimal,"[A3] BATTERSEA RISE (SW11 ,SW18 ) (Wandsworth)",['a205'],[A3] Battersea Rise (Both directions) at the junction of Bolingbroke Grove - There are 2-way temporary traffic lights at this location for Thames Water works. 
2025-12-29T14:45:31.213073,TIMS-209852,Works,Minimal,"[A3205] NINE ELMS LANE (SW11 ,SW8 ) (Lambeth,Wandsworth)","['a3', 'inner ring']",[A3205] Nine Elms Lane (Both directions) at the junction of Ponton Road - Lane closures in place to facilitate Urban Realm Works.
2025-12-29T14:45:31.213073,TIMS-220695,Works,Minimal,"[A41] FINCHLEY ROAD (NW3 ,NW6 ,NW8 ) (Camden)",['a41'],[A41] Finchley Road (Southbound) at the junction of [B511] College Crescent - Lanes one and two (of three) closed to facilitate emergency Thames Water works.
2025-12-29T14:45:31.213073,TIMS-221816,Works,Minimal,[A302] GROSVENOR GARDENS (SW1W ) (Westminster),['inner ring'],[A302] Grosvenor Gardens (Southbound) at the junction of [A302] Victoria Street - The right turn from Buckingham Palace Road into Grosvenor Gardens has been closed due to emergency repairs by Cadent Gas.
2025-12-29T14:45:31.213073,TIMS-222027,Works,Minimal,"[B212] STRATHEDEN ROAD (SE3 ) (Greenwich,Lewisham)",[],Thames Water works - [B212] Stratheden Road (Both directions) at the junction of [A2] Shooters Hill Road - The road is closed due to Thames Water works. 
2025-12-29T14:45:31.213073,TIMS-218924,Works,Minimal,[A206] WOOLWICH CHURCH STREET (SE18 ) (Greenwich),[],[A206] Woolwich Church Street (Both directions) at the junction of [A206] Woolwich Ferry Roundabout - Various restrictions in place to facilitate cycle lane works.
2025-12-29T14:45:31.213073,TIMS-219994,Works,Minimal,[A200] LOWER ROAD (SE16 ) (Southwark),[],[A200] Lower Road (Both directions) at the junction of Surrey Quays Road - Temporary traffic signals to be implemented to facilitate cable works. 
2025-12-29T14:45:31.213073,TIMS-219993,Works,Minimal,[A200] LOWER ROAD (SE16 ) (Southwark),[],[A200] Lower Road (Both directions) at the junction of Gomm Road - Temporary traffic signals to be implemented to facilitate cable works. 
2025-12-29T14:45:31.213073,TIMS-221911,Works,Minimal,SELBORNE ROAD (E17 ) (Waltham Forest),[],Selborne Road (Both directions) at the junction of Vernon Road - Temporary traffic signals in operation to facilitate Thames Water works. 
2025-12-29T14:45:31.213073,TIMS-220134,Works,Minimal,"[A206] WOOLWICH CHURCH STREET (SE18 ,SE7 ) (Greenwich)",[],[A206] Woolwich Church Street (Westbound) at the junction of Warspite Road - Lane restriction due to ongoing cycle scheme works.
2025-12-29T14:45:31.213073,TIMS-221797,Planned events,Minimal,HORSE GUARDS AVENUE (SW1A ) (Westminster),[],Horse Guards Avenue (Both directions) between [A3211] Victoria Embankment and Whitehall Court - The road will be closed to facilitate the build for New Year's Eve celebrations. 
2025-12-29T14:45:31.213073,TIMS-215004,Works,Minimal,"DU CANE ROAD (W12 ,W3 ) (Hammersmith & Fulham)",[],Du Cane Road (Both directions) at the junction of Hilary Road - Two-way temporary traffic signals are in operation for bridge works.
2025-12-29T14:45:31.213073,TIMS-219885,Works,Minimal,"[A1205] BURDETT ROAD (E1 ,E3 ) (Tower Hamlets)",[],[A1205] Burdett Road (Both directions) at the junction of [A11] Mile End Road - Lane restrictions in place to facilitate Thames Water works.
2025-12-29T14:45:31.213073,TIMS-221720,Works,Minimal,"[A112] PRINCE REGENT LANE (E13 ,E16 ) (Newham)",[],[A112] Prince Regent Lane (Northbound) at the junction of Churchill Road - Road closed northbound due to emergency Thames Water works.
2025-12-29T14:56:55.399421,TIMS-206772,Works,Moderate,"[A12] EASTERN AVENUE EAST (RM2 ,RM3 ) (Havering)",['a12'],"Gallows Corner Flyover Refurbishment - [A12] Eastern Avenue East (All directions) at the junction of [A12] Colchester Road - Various restrictions, to facilitate the refurbishment of Gallows Corner Flyover. Full closure of the Flyover and the roundabout including all approaches in place."
2025-12-29T14:56:55.399421,TIMS-213893,Works,Moderate,"[A23] STREATHAM HILL (SW16 ,SW2 ) (Lambeth)",['a23'],"[A23] Streatham Hill (Both directions) between [A205] Christchurch Road and Leigham Court Road - Various restrictions for TfL works. Lane restrictions, in place over the course of the works. On 15/02/2026, 16/02/2026, 17/05/2026, 18/05/2026 there will be a full overnight closure. "
2025-12-29T14:56:55.399421,TIMS-200007,Works,Moderate,"KING WILLIAM STREET (EC3V,EC4N,EC4R) (City of London)",['bishopsgate cross route'],King William Street (Southbound) at the junction of Lombard Street - Road closed to facilitate urban realm works.
2025-12-29T14:56:55.399421,TIMS-218732,Planned events,Moderate,"[A4202] PARK LANE (W1J ,W1K ,W2 ) (Westminster)",['inner ring'],Winter Wonderland - Hyde Park - [A4202] Park Lane (All directions) at the junction of [A4202] Achilles Way - Winter Wonderland event has opened at 10:00
2025-12-29T14:56:55.399421,TIMS-216408,Works,Moderate,[A400] HAMPSTEAD ROAD (NW1 ) (Camden),['inner ring'],[A400] Hampstead Road (Both directions) at the junction of Robert Street - Temporary traffic signals and lane restrictions are in place for HS2 works.
2025-12-29T14:56:55.399421,TIMS-204461,Works,Moderate,"[A3203] LAMBETH BRIDGE (SE1 ,SW1P ) (Lambeth,Westminster)",['southern river route'],[A3203] Lambeth Bridge (Eastbound) between [A3036] A 3036 and [A3212] Millbank - Lane restrictions are in place at either side of the bridge for junction improvement works.
2025-12-29T14:56:55.399421,TIMS-221134,Network delays,Moderate,"[A101] ROTHERHITHE TUNNEL (E1W ,SE16 ) (Southwark,Tower Hamlets)",['southern river route'],"[A101] Rotherhithe Tunnel (Both directions) between [A200] Jamaica Road and [A13] Commercial Road - The Tunnel may be subject to short, intermittent closures"
2025-12-29T14:56:55.399421,TIMS-221661,Works,Moderate,[A308] KINGSTON HILL (KT2 ) (Kingston upon Thames),[],[A308] Kingston Hill (Both directions) at the junction of Park Road - Temporary traffic signals are in use to facilitate works. 
2025-12-29T14:56:55.399421,TIMS-220472,Hazards,Moderate,"[A4200] SOUTHAMPTON ROW (WC1A ,WC1B ,WC1N ,WC1V ) (Camden)",[],[A4200] Southampton Row (Both directions) between [A40] High Holborn and [A40] Vernon Place - The road is closed due to emergency UKPN works. Vernon Place westbound bus lane is also closed. 
2025-12-29T14:56:55.399421,TIMS-222032,Collisions,Moderate,[A2] BLACKHEATH ROAD (SE10 ) (Greenwich),['a2'],[A2] Blackheath Road (Both directions) between [A2211] Greenwich South Street and [A206] Greenwich High Road - The road is closed due to a collision.
2025-12-29T14:56:55.399421,TIMS-222035,Breakdowns,Minimal,"[A202] CAMBERWELL NEW ROAD (SE5 ) (Lambeth,Southwark)",['a20'],[A202] Camberwell New Road (Westbound) at the junction of Lothian Road - The carriageway is obstructed by a broken down Bus
2025-12-29T14:56:55.399421,TIMS-222012,Works,Minimal,[A212] CATFORD HILL (SE6 ) (Lewisham),['a205'],[A212] Catford Hill (Both directions) at the junction of Beechfield Road - Two way temporary traffic lights in place to facilitate Thames Water works. 
2025-12-29T14:56:55.399421,TIMS-221961,Network delays,Minimal,[A2204] FERRY APPROACH (SE18 ) (Greenwich),['a205'],[A2204] Ferry Approach (Both directions) at the junction of [A206] Woolwich Ferry Roundabout - The Woolwich Ferry is not in operation due to a power failure in the area. 
2025-12-29T14:56:55.399421,TIMS-221957,Works,Minimal,[A3] WANDSWORTH HIGH STREET (SW18 ) (Wandsworth),['a205'],[A3] Wandsworth High Street (Both directions) between [A3] West Hill and [A3] East Hill - Road closures in place due to a burst water main. 
2025-12-29T14:56:55.399421,TIMS-221773,Works,Minimal,"[A216] MITCHAM LANE (SW16 ) (Lambeth,Wandsworth)",['a23'],[A216] Mitcham Lane (Both directions) at the junction of Fernwood Avenue - Temporary signals in operation to facilitate repairs to a burst water main.
2025-12-29T14:56:55.399421,TIMS-222025,Works,Minimal,[A22] GODSTONE ROAD (CR8 ) (Croydon),['a23'],"[A22] Godstone Road (Both directions) at the junction of Station Road - Two-way temporary signals in operation near Kenley station, due to burst water main repairs. "
2025-12-29T14:56:55.399421,TIMS-222023,Works,Minimal,"[A40] WESTERN AVENUE (HA4 ,UB10 ) (Hillingdon)",['a40'],"[A40] Western Avenue (Westbound) at the junction of [A4180] West End Road - Lane one (of three) closure after the onslip from Polish War Memorial, due to urgent water main repairs. "
2025-12-29T14:56:55.399421,TIMS-210389,Works,Minimal,"[A40] WESTWAY (W10 ,W12 ) (Hammersmith & Fulham,Kensington & Chelsea)",['a40'],[A40] Westway (Eastbound) at the junction of [A3220] West Cross Route - The exit slip road to the Northern Roundabout is closed to facilitate repair works. 
2025-12-29T14:56:55.399421,TIMS-222024,Works,Minimal,"[A41] HENDON WAY (NW11 ,NW2 ) (Barnet)",['a41'],"[A41] Hendon Way (Northbound) at the junction of Ridge Hill - Lane one (of three) closure opposite the junction of Ridge Hill, due to urgent water leak repairs. "
2025-12-29T14:56:55.399421,TIMS-222029,Works,Minimal,"[A1203] THE HIGHWAY (E1 ,E1W ) (Tower Hamlets)",['city route'],"[A1203] The Highway (Westbound) at the junction of [A1202] Dock Street - Lane closure due to urgent UKPN cable repairs.
"
2025-12-29T14:56:55.399421,TIMS-221963,Works,Minimal,JAIL LANE (TN16 ) (Bromley),[],Jail Lane (Both directions) at the junction of Old Tye Avenue - Road closed to facilitate Thames Water works. 
2025-12-29T14:56:55.399421,TIMS-221831,Works,Minimal,"PECKHAM RYE (SE15 ,SE22 ) (Southwark)",[],Peckham Rye (All directions) at the junction of [A2214] Nunhead Lane - Temporary traffic signals are in place to facilitate ermergency SGN works.
2025-12-29T14:56:55.399421,TIMS-216723,Works,Minimal,"TILLING ROAD (NW2 ,NW4 ) (Barnet)",[],Tilling Road (All approaches) at the junction of Claremont Road. - Temporary traffic signals in place to facilitate roadworks. 
2025-12-29T14:56:55.399421,TIMS-217012,Works,Minimal,[A206] WOOLWICH ROAD (SE7 ) (Greenwich),[],[A206] Woolwich Road (Both directions) between Anchor & Hope Lane and John Wilson Street. - Lane restrictions to facilitate the construction of a segregated cycle lane. 
2025-12-29T14:56:55.399421,TIMS-220784,Works,Minimal,"[A1205] BURDETT ROAD (E1 ,E14 ,E3 ) (Tower Hamlets)",[],"[A1205] Burdett Road (Both directions) at the junction of [B140] St Pauls Way - Temporary traffic signals lane restrictions in use to facilitate Thames Water works. In addition, no access to St Paul's Way."
2025-12-29T14:56:55.399421,TIMS-219173,Works,Minimal,[A219] WOOD LANE (W12 ) (Hammersmith & Fulham),[],[A219] Wood Lane (Both directions) at the junction of [A40] Westway - Various carriageway and footway restrictions in place to facilitate Cycle Superhighway works.
2025-12-29T14:56:55.399421,TIMS-220707,Planned events,Minimal,MILLENNIUM WAY (SE10 ) (Greenwich),[],Disney on Ice - The O2 - Millennium Way (All approaches) at the junction of Ordnance Crescent - Disney on Ice.
2025-12-29T14:56:55.399421,TIMS-212391,Works,Minimal,[A4020] UXBRIDGE ROAD (W12 ) (Hammersmith & Fulham),[],[A4020] Uxbridge Road (Both directions) at the junction of [A402] Shepherds Bush Green - Restrictions in place in various locations on Uxbridge Road and Shepherds Bush Green due to C34 cycle lane scheme works.
2025-12-29T14:56:55.399421,TIMS-213362,Works,Minimal,"[A107] MARE STREET (E8 ,E9 ) (Hackney)",[],"[A107] Mare Street (Both directions) between [A1207] Graham Road and [A107] Amhurst Road - Road is closed to facilitate urban realm works. Additionally, temporary signals are in place at the junction of Graham Road."
2025-12-29T14:56:55.399421,TIMS-221854,Works,Minimal,"[A20] ELTHAM ROAD (SE12 ,SE3 ) (Greenwich,Lewisham)",['a20'],[A20] Eltham Road (Westbound) at the junction of Cambridge Drive - Lane restrictions to be implemented to facilitate SGN works. 
2025-12-29T14:56:55.399421,TIMS-221700,Works,Minimal,[A205] WALDRAM CRESCENT (SE23 ) (Lewisham),['a205'],[A205] Waldram Crescent (Both directions) at the junction of Stanstead Road - Contra-flow in operation to facilitate SGN works.
2025-12-29T14:56:55.399421,TIMS-221978,Works,Minimal,"[A3] BATTERSEA RISE (SW11 ,SW18 ) (Wandsworth)",['a205'],[A3] Battersea Rise (Both directions) at the junction of Bolingbroke Grove - There are 2-way temporary traffic lights at this location for Thames Water works. 
2025-12-29T14:56:55.399421,TIMS-209852,Works,Minimal,"[A3205] NINE ELMS LANE (SW11 ,SW8 ) (Lambeth,Wandsworth)","['a3', 'inner ring']",[A3205] Nine Elms Lane (Both directions) at the junction of Ponton Road - Lane closures in place to facilitate Urban Realm Works.
2025-12-29T14:56:55.399421,TIMS-220695,Works,Minimal,"[A41] FINCHLEY ROAD (NW3 ,NW6 ,NW8 ) (Camden)",['a41'],[A41] Finchley Road (Southbound) at the junction of [B511] College Crescent - Lanes one and two (of three) closed to facilitate emergency Thames Water works.
2025-12-29T14:56:55.399421,TIMS-221816,Works,Minimal,[A302] GROSVENOR GARDENS (SW1W ) (Westminster),['inner ring'],[A302] Grosvenor Gardens (Southbound) at the junction of [A302] Victoria Street - The right turn from Buckingham Palace Road into Grosvenor Gardens has been closed due to emergency repairs by Cadent Gas.
2025-12-29T14:56:55.399421,TIMS-219994,Works,Minimal,[A200] LOWER ROAD (SE16 ) (Southwark),[],[A200] Lower Road (Both directions) at the junction of Surrey Quays Road - Temporary traffic signals to be implemented to facilitate cable works. 
2025-12-29T14:56:55.399421,TIMS-221797,Planned events,Minimal,HORSE GUARDS AVENUE (SW1A ) (Westminster),[],Horse Guards Avenue (Both directions) between [A3211] Victoria Embankment and Whitehall Court - The road will be closed to facilitate the build for New Year's Eve celebrations. 
2025-12-29T14:56:55.399421,TIMS-219993,Works,Minimal,[A200] LOWER ROAD (SE16 ) (Southwark),[],[A200] Lower Road (Both directions) at the junction of Gomm Road - Temporary traffic signals to be implemented to facilitate cable works. 
2025-12-29T14:56:55.399421,TIMS-219885,Works,Minimal,"[A1205] BURDETT ROAD (E1 ,E3 ) (Tower Hamlets)",[],[A1205] Burdett Road (Both directions) at the junction of [A11] Mile End Road - Lane restrictions in place to facilitate Thames Water works.
2025-12-29T14:56:55.399421,TIMS-221720,Works,Minimal,"[A112] PRINCE REGENT LANE (E13 ,E16 ) (Newham)",[],[A112] Prince Regent Lane (Northbound) at the junction of Churchill Road - Road closed northbound due to emergency Thames Water works.
2025-12-29T14:56:55.399421,TIMS-218924,Works,Minimal,[A206] WOOLWICH CHURCH STREET (SE18 ) (Greenwich),[],[A206] Woolwich Church Street (Both directions) at the junction of [A206] Woolwich Ferry Roundabout - Various restrictions in place to facilitate cycle lane works.
2025-12-29T14:56:55.399421,TIMS-222027,Works,Minimal,"[B212] STRATHEDEN ROAD (SE3 ) (Greenwich,Lewisham)",[],Thames Water works - [B212] Stratheden Road (Both directions) at the junction of [A2] Shooters Hill Road - The road is closed due to Thames Water works. 
2025-12-29T14:56:55.399421,TIMS-215004,Works,Minimal,"DU CANE ROAD (W12 ,W3 ) (Hammersmith & Fulham)",[],Du Cane Road (Both directions) at the junction of Hilary Road - Two-way temporary traffic signals are in operation for bridge works.
2025-12-29T14:56:55.399421,TIMS-221911,Works,Minimal,SELBORNE ROAD (E17 ) (Waltham Forest),[],Selborne Road (Both directions) at the junction of Vernon Road - Temporary traffic signals in operation to facilitate Thames Water works. 
2025-12-29T14:56:55.399421,TIMS-220134,Works,Minimal,"[A206] WOOLWICH CHURCH STREET (SE18 ,SE7 ) (Greenwich)",[],[A206] Woolwich Church Street (Westbound) at the junction of Warspite Road - Lane restriction due to ongoing cycle scheme works.
2025-12-29T15:19:39.106819,TIMS-206772,Works,Moderate,"[A12] EASTERN AVENUE EAST (RM2 ,RM3 ) (Havering)",['a12'],"Gallows Corner Flyover Refurbishment - [A12] Eastern Avenue East (All directions) at the junction of [A12] Colchester Road - Various restrictions, to facilitate the refurbishment of Gallows Corner Flyover. Full closure of the Flyover and the roundabout including all approaches in place."
2025-12-29T15:19:39.106819,TIMS-213893,Works,Moderate,"[A23] STREATHAM HILL (SW16 ,SW2 ) (Lambeth)",['a23'],"[A23] Streatham Hill (Both directions) between [A205] Christchurch Road and Leigham Court Road - Various restrictions for TfL works. Lane restrictions, in place over the course of the works. On 15/02/2026, 16/02/2026, 17/05/2026, 18/05/2026 there will be a full overnight closure. "
2025-12-29T15:19:39.106819,TIMS-200007,Works,Moderate,"KING WILLIAM STREET (EC3V,EC4N,EC4R) (City of London)",['bishopsgate cross route'],King William Street (Southbound) at the junction of Lombard Street - Road closed to facilitate urban realm works.
2025-12-29T15:19:39.106819,TIMS-218732,Planned events,Moderate,"[A4202] PARK LANE (W1J ,W1K ,W2 ) (Westminster)",['inner ring'],Winter Wonderland - Hyde Park - [A4202] Park Lane (All directions) at the junction of [A4202] Achilles Way - Winter Wonderland event has opened at 10:00
2025-12-29T15:19:39.106819,TIMS-216408,Works,Moderate,[A400] HAMPSTEAD ROAD (NW1 ) (Camden),['inner ring'],[A400] Hampstead Road (Both directions) at the junction of Robert Street - Temporary traffic signals and lane restrictions are in place for HS2 works.
2025-12-29T15:19:39.106819,TIMS-204461,Works,Moderate,"[A3203] LAMBETH BRIDGE (SE1 ,SW1P ) (Lambeth,Westminster)",['southern river route'],[A3203] Lambeth Bridge (Eastbound) between [A3036] A 3036 and [A3212] Millbank - Lane restrictions are in place at either side of the bridge for junction improvement works.
2025-12-29T15:19:39.106819,TIMS-221134,Network delays,Moderate,"[A101] ROTHERHITHE TUNNEL (E1W ,SE16 ) (Southwark,Tower Hamlets)",['southern river route'],"[A101] Rotherhithe Tunnel (Both directions) between [A200] Jamaica Road and [A13] Commercial Road - The Tunnel may be subject to short, intermittent closures"
2025-12-29T15:19:39.106819,TIMS-221661,Works,Moderate,[A308] KINGSTON HILL (KT2 ) (Kingston upon Thames),[],[A308] Kingston Hill (Both directions) at the junction of Park Road - Temporary traffic signals are in use to facilitate works. 
2025-12-29T15:19:39.106819,TIMS-220472,Hazards,Moderate,"[A4200] SOUTHAMPTON ROW (WC1A ,WC1B ,WC1N ,WC1V ) (Camden)",[],[A4200] Southampton Row (Both directions) between [A40] High Holborn and [A40] Vernon Place - The road is closed due to emergency UKPN works. Vernon Place westbound bus lane is also closed. 
2025-12-29T15:19:39.106819,TIMS-222032,Collisions,Moderate,[A2] BLACKHEATH ROAD (SE10 ) (Greenwich),['a2'],[A2] Blackheath Road (Both directions) between [A2211] Greenwich South Street and [A206] Greenwich High Road - The road is closed due to a collision.
2025-12-29T15:19:39.106819,TIMS-222012,Works,Minimal,[A212] CATFORD HILL (SE6 ) (Lewisham),['a205'],[A212] Catford Hill (Both directions) at the junction of Beechfield Road - Two way temporary traffic lights in place to facilitate Thames Water works. 
2025-12-29T15:19:39.106819,TIMS-221961,Network delays,Minimal,[A2204] FERRY APPROACH (SE18 ) (Greenwich),['a205'],[A2204] Ferry Approach (Both directions) at the junction of [A206] Woolwich Ferry Roundabout - The Woolwich Ferry is not in operation due to a power failure in the area. 
2025-12-29T15:19:39.106819,TIMS-221957,Works,Minimal,[A3] WANDSWORTH HIGH STREET (SW18 ) (Wandsworth),['a205'],[A3] Wandsworth High Street (Both directions) between [A3] West Hill and [A3] East Hill - Road closures in place due to a burst water main. 
2025-12-29T15:19:39.106819,TIMS-222025,Works,Minimal,[A22] GODSTONE ROAD (CR8 ) (Croydon),['a23'],"[A22] Godstone Road (Both directions) at the junction of Station Road - Two-way temporary signals in operation near Kenley station, due to burst water main repairs. "
2025-12-29T15:19:39.106819,TIMS-221773,Works,Minimal,"[A216] MITCHAM LANE (SW16 ) (Lambeth,Wandsworth)",['a23'],[A216] Mitcham Lane (Both directions) at the junction of Fernwood Avenue - Temporary signals in operation to facilitate repairs to a burst water main.
2025-12-29T15:19:39.106819,TIMS-222023,Works,Minimal,"[A40] WESTERN AVENUE (HA4 ,UB10 ) (Hillingdon)",['a40'],"[A40] Western Avenue (Westbound) at the junction of [A4180] West End Road - Lane one (of three) closure after the onslip from Polish War Memorial, due to urgent water main repairs. "
2025-12-29T15:19:39.106819,TIMS-210389,Works,Minimal,"[A40] WESTWAY (W10 ,W12 ) (Hammersmith & Fulham,Kensington & Chelsea)",['a40'],[A40] Westway (Eastbound) at the junction of [A3220] West Cross Route - The exit slip road to the Northern Roundabout is closed to facilitate repair works. 
2025-12-29T15:19:39.106819,TIMS-222024,Works,Minimal,"[A41] HENDON WAY (NW11 ,NW2 ) (Barnet)",['a41'],"[A41] Hendon Way (Northbound) at the junction of Ridge Hill - Lane one (of three) closure opposite the junction of Ridge Hill, due to urgent water leak repairs. "
2025-12-29T15:19:39.106819,TIMS-222029,Works,Minimal,"[A1203] THE HIGHWAY (E1 ,E1W ) (Tower Hamlets)",['city route'],"[A1203] The Highway (Westbound) at the junction of [A1202] Dock Street - Lane closure due to urgent UKPN cable repairs.
"
2025-12-29T15:19:39.106819,TIMS-216723,Works,Minimal,"TILLING ROAD (NW2 ,NW4 ) (Barnet)",[],Tilling Road (All approaches) at the junction of Claremont Road. - Temporary traffic signals in place to facilitate roadworks. 
2025-12-29T15:19:39.106819,TIMS-221963,Works,Minimal,JAIL LANE (TN16 ) (Bromley),[],Jail Lane (Both directions) at the junction of Old Tye Avenue - Road closed to facilitate Thames Water works. 
2025-12-29T15:19:39.106819,TIMS-221831,Works,Minimal,"PECKHAM RYE (SE15 ,SE22 ) (Southwark)",[],Peckham Rye (All directions) at the junction of [A2214] Nunhead Lane - Temporary traffic signals are in place to facilitate ermergency SGN works.
2025-12-29T15:19:39.106819,TIMS-220707,Planned events,Minimal,MILLENNIUM WAY (SE10 ) (Greenwich),[],Disney on Ice - The O2 - Millennium Way (All approaches) at the junction of Ordnance Crescent - Disney on Ice.
2025-12-29T15:19:39.106819,TIMS-212391,Works,Minimal,[A4020] UXBRIDGE ROAD (W12 ) (Hammersmith & Fulham),[],[A4020] Uxbridge Road (Both directions) at the junction of [A402] Shepherds Bush Green - Restrictions in place in various locations on Uxbridge Road and Shepherds Bush Green due to C34 cycle lane scheme works.
2025-12-29T15:19:39.106819,TIMS-217012,Works,Minimal,[A206] WOOLWICH ROAD (SE7 ) (Greenwich),[],[A206] Woolwich Road (Both directions) between Anchor & Hope Lane and John Wilson Street. - Lane restrictions to facilitate the construction of a segregated cycle lane. 
2025-12-29T15:19:39.106819,TIMS-213362,Works,Minimal,"[A107] MARE STREET (E8 ,E9 ) (Hackney)",[],"[A107] Mare Street (Both directions) between [A1207] Graham Road and [A107] Amhurst Road - Road is closed to facilitate urban realm works. Additionally, temporary signals are in place at the junction of Graham Road."
2025-12-29T15:19:39.106819,TIMS-220784,Works,Minimal,"[A1205] BURDETT ROAD (E1 ,E14 ,E3 ) (Tower Hamlets)",[],"[A1205] Burdett Road (Both directions) at the junction of [B140] St Pauls Way - Temporary traffic signals lane restrictions in use to facilitate Thames Water works. In addition, no access to St Paul's Way."
2025-12-29T15:19:39.106819,TIMS-219173,Works,Minimal,[A219] WOOD LANE (W12 ) (Hammersmith & Fulham),[],[A219] Wood Lane (Both directions) at the junction of [A40] Westway - Various carriageway and footway restrictions in place to facilitate Cycle Superhighway works.
2025-12-29T15:19:39.106819,TIMS-221854,Works,Minimal,"[A20] ELTHAM ROAD (SE12 ,SE3 ) (Greenwich,Lewisham)",['a20'],[A20] Eltham Road (Westbound) at the junction of Cambridge Drive - Lane restrictions to be implemented to facilitate SGN works. 
2025-12-29T15:19:39.106819,TIMS-221700,Works,Minimal,[A205] WALDRAM CRESCENT (SE23 ) (Lewisham),['a205'],[A205] Waldram Crescent (Both directions) at the junction of Stanstead Road - Contra-flow in operation to facilitate SGN works.
2025-12-29T15:19:39.106819,TIMS-221978,Works,Minimal,"[A3] BATTERSEA RISE (SW11 ,SW18 ) (Wandsworth)",['a205'],[A3] Battersea Rise (Both directions) at the junction of Bolingbroke Grove - There are 2-way temporary traffic lights at this location for Thames Water works. 
2025-12-29T15:19:39.106819,TIMS-209852,Works,Minimal,"[A3205] NINE ELMS LANE (SW11 ,SW8 ) (Lambeth,Wandsworth)","['a3', 'inner ring']",[A3205] Nine Elms Lane (Both directions) at the junction of Ponton Road - Lane closures in place to facilitate Urban Realm Works.
2025-12-29T15:19:39.106819,TIMS-220695,Works,Minimal,"[A41] FINCHLEY ROAD (NW3 ,NW6 ,NW8 ) (Camden)",['a41'],[A41] Finchley Road (Southbound) at the junction of [B511] College Crescent - Lanes one and two (of three) closed to facilitate emergency Thames Water works.
2025-12-29T15:19:39.106819,TIMS-221816,Works,Minimal,[A302] GROSVENOR GARDENS (SW1W ) (Westminster),['inner ring'],[A302] Grosvenor Gardens (Southbound) at the junction of [A302] Victoria Street - The right turn from Buckingham Palace Road into Grosvenor Gardens has been closed due to emergency repairs by Cadent Gas.
2025-12-29T15:19:39.106819,TIMS-222027,Works,Minimal,"[B212] STRATHEDEN ROAD (SE3 ) (Greenwich,Lewisham)",[],Thames Water works - [B212] Stratheden Road (Both directions) at the junction of [A2] Shooters Hill Road - The road is closed due to Thames Water works. 
2025-12-29T15:19:39.106819,TIMS-218924,Works,Minimal,[A206] WOOLWICH CHURCH STREET (SE18 ) (Greenwich),[],[A206] Woolwich Church Street (Both directions) at the junction of [A206] Woolwich Ferry Roundabout - Various restrictions in place to facilitate cycle lane works.
2025-12-29T15:19:39.106819,TIMS-219994,Works,Minimal,[A200] LOWER ROAD (SE16 ) (Southwark),[],[A200] Lower Road (Both directions) at the junction of Surrey Quays Road - Temporary traffic signals to be implemented to facilitate cable works. 
2025-12-29T15:19:39.106819,TIMS-219993,Works,Minimal,[A200] LOWER ROAD (SE16 ) (Southwark),[],[A200] Lower Road (Both directions) at the junction of Gomm Road - Temporary traffic signals to be implemented to facilitate cable works. 
2025-12-29T15:19:39.106819,TIMS-221911,Works,Minimal,SELBORNE ROAD (E17 ) (Waltham Forest),[],Selborne Road (Both directions) at the junction of Vernon Road - Temporary traffic signals in operation to facilitate Thames Water works. 
2025-12-29T15:19:39.106819,TIMS-220134,Works,Minimal,"[A206] WOOLWICH CHURCH STREET (SE18 ,SE7 ) (Greenwich)",[],[A206] Woolwich Church Street (Westbound) at the junction of Warspite Road - Lane restriction due to ongoing cycle scheme works.
2025-12-29T15:19:39.106819,TIMS-221797,Planned events,Minimal,HORSE GUARDS AVENUE (SW1A ) (Westminster),[],Horse Guards Avenue (Both directions) between [A3211] Victoria Embankment and Whitehall Court - The road will be closed to facilitate the build for New Year's Eve celebrations. 
2025-12-29T15:19:39.106819,TIMS-215004,Works,Minimal,"DU CANE ROAD (W12 ,W3 ) (Hammersmith & Fulham)",[],Du Cane Road (Both directions) at the junction of Hilary Road - Two-way temporary traffic signals are in operation for bridge works.
2025-12-29T15:19:39.106819,TIMS-219885,Works,Minimal,"[A1205] BURDETT ROAD (E1 ,E3 ) (Tower Hamlets)",[],[A1205] Burdett Road (Both directions) at the junction of [A11] Mile End Road - Lane restrictions in place to facilitate Thames Water works.
2025-12-29T15:19:39.106819,TIMS-221720,Works,Minimal,"[A112] PRINCE REGENT LANE (E13 ,E16 ) (Newham)",[],[A112] Prince Regent Lane (Northbound) at the junction of Churchill Road - Road closed northbound due to emergency Thames Water works.
2025-12-29T15:40:54.039506,TIMS-206772,Works,Moderate,"[A12] EASTERN AVENUE EAST (RM2 ,RM3 ) (Havering)",['a12'],"Gallows Corner Flyover Refurbishment - [A12] Eastern Avenue East (All directions) at the junction of [A12] Colchester Road - Various restrictions, to facilitate the refurbishment of Gallows Corner Flyover. Full closure of the Flyover and the roundabout including all approaches in place."
2025-12-29T15:40:54.039506,TIMS-213893,Works,Moderate,"[A23] STREATHAM HILL (SW16 ,SW2 ) (Lambeth)",['a23'],"[A23] Streatham Hill (Both directions) between [A205] Christchurch Road and Leigham Court Road - Various restrictions for TfL works. Lane restrictions, in place over the course of the works. On 15/02/2026, 16/02/2026, 17/05/2026, 18/05/2026 there will be a full overnight closure. "
2025-12-29T15:40:54.039506,TIMS-200007,Works,Moderate,"KING WILLIAM STREET (EC3V,EC4N,EC4R) (City of London)",['bishopsgate cross route'],King William Street (Southbound) at the junction of Lombard Street - Road closed to facilitate urban realm works.
2025-12-29T15:40:54.039506,TIMS-218732,Planned events,Moderate,"[A4202] PARK LANE (W1J ,W1K ,W2 ) (Westminster)",['inner ring'],Winter Wonderland - Hyde Park - [A4202] Park Lane (All directions) at the junction of [A4202] Achilles Way - Winter Wonderland event has opened at 10:00
2025-12-29T15:40:54.039506,TIMS-216408,Works,Moderate,[A400] HAMPSTEAD ROAD (NW1 ) (Camden),['inner ring'],[A400] Hampstead Road (Both directions) at the junction of Robert Street - Temporary traffic signals and lane restrictions are in place for HS2 works.
2025-12-29T15:40:54.039506,TIMS-204461,Works,Moderate,"[A3203] LAMBETH BRIDGE (SE1 ,SW1P ) (Lambeth,Westminster)",['southern river route'],[A3203] Lambeth Bridge (Eastbound) between [A3036] A 3036 and [A3212] Millbank - Lane restrictions are in place at either side of the bridge for junction improvement works.
2025-12-29T15:40:54.039506,TIMS-221134,Network delays,Moderate,"[A101] ROTHERHITHE TUNNEL (E1W ,SE16 ) (Southwark,Tower Hamlets)",['southern river route'],"[A101] Rotherhithe Tunnel (Both directions) between [A200] Jamaica Road and [A13] Commercial Road - The Tunnel may be subject to short, intermittent closures"
2025-12-29T15:40:54.039506,TIMS-221661,Works,Moderate,[A308] KINGSTON HILL (KT2 ) (Kingston upon Thames),[],[A308] Kingston Hill (Both directions) at the junction of Park Road - Temporary traffic signals are in use to facilitate works. 
2025-12-29T15:40:54.039506,TIMS-220472,Hazards,Moderate,"[A4200] SOUTHAMPTON ROW (WC1A ,WC1B ,WC1N ,WC1V ) (Camden)",[],[A4200] Southampton Row (Both directions) between [A40] High Holborn and [A40] Vernon Place - The road is closed due to emergency UKPN works. Vernon Place westbound bus lane is also closed. 
2025-12-29T15:40:54.039506,TIMS-222032,Collisions,Moderate,[A2] BLACKHEATH ROAD (SE10 ) (Greenwich),['a2'],[A2] Blackheath Road (Both directions) between [A2211] Greenwich South Street and [A206] Greenwich High Road - The road is closed due to a collision.
2025-12-29T15:40:54.039506,TIMS-222012,Works,Minimal,[A212] CATFORD HILL (SE6 ) (Lewisham),['a205'],[A212] Catford Hill (Both directions) at the junction of Beechfield Road - Two way temporary traffic lights in place to facilitate Thames Water works. 
2025-12-29T15:40:54.039506,TIMS-221961,Network delays,Minimal,[A2204] FERRY APPROACH (SE18 ) (Greenwich),['a205'],[A2204] Ferry Approach (Both directions) at the junction of [A206] Woolwich Ferry Roundabout - The Woolwich Ferry is not in operation due to a power failure in the area. 
2025-12-29T15:40:54.039506,TIMS-221957,Works,Minimal,[A3] WANDSWORTH HIGH STREET (SW18 ) (Wandsworth),['a205'],[A3] Wandsworth High Street (Both directions) between [A3] West Hill and [A3] East Hill - Road closures in place due to a burst water main. 
2025-12-29T15:40:54.039506,TIMS-222025,Works,Minimal,[A22] GODSTONE ROAD (CR8 ) (Croydon),['a23'],"[A22] Godstone Road (Both directions) at the junction of Station Road - Two-way temporary signals in operation near Kenley station, due to burst water main repairs. "
2025-12-29T15:40:54.039506,TIMS-221773,Works,Minimal,"[A216] MITCHAM LANE (SW16 ) (Lambeth,Wandsworth)",['a23'],[A216] Mitcham Lane (Both directions) at the junction of Fernwood Avenue - Temporary signals in operation to facilitate repairs to a burst water main.
2025-12-29T15:40:54.039506,TIMS-222023,Works,Minimal,"[A40] WESTERN AVENUE (HA4 ,UB10 ) (Hillingdon)",['a40'],"[A40] Western Avenue (Westbound) at the junction of [A4180] West End Road - Lane one (of three) closure after the onslip from Polish War Memorial, due to urgent water main repairs. "
2025-12-29T15:40:54.039506,TIMS-210389,Works,Minimal,"[A40] WESTWAY (W10 ,W12 ) (Hammersmith & Fulham,Kensington & Chelsea)",['a40'],[A40] Westway (Eastbound) at the junction of [A3220] West Cross Route - The exit slip road to the Northern Roundabout is closed to facilitate repair works. 
2025-12-29T15:40:54.039506,TIMS-222024,Works,Minimal,"[A41] HENDON WAY (NW11 ,NW2 ) (Barnet)",['a41'],"[A41] Hendon Way (Northbound) at the junction of Ridge Hill - Lane one (of three) closure opposite the junction of Ridge Hill, due to urgent water leak repairs. "
2025-12-29T15:40:54.039506,TIMS-222029,Works,Minimal,"[A1203] THE HIGHWAY (E1 ,E1W ) (Tower Hamlets)",['city route'],"[A1203] The Highway (Westbound) at the junction of [A1202] Dock Street - Lane closure due to urgent UKPN cable repairs.
"
2025-12-29T15:40:54.039506,TIMS-216723,Works,Minimal,"TILLING ROAD (NW2 ,NW4 ) (Barnet)",[],Tilling Road (All approaches) at the junction of Claremont Road. - Temporary traffic signals in place to facilitate roadworks. 
2025-12-29T15:40:54.039506,TIMS-221963,Works,Minimal,JAIL LANE (TN16 ) (Bromley),[],Jail Lane (Both directions) at the junction of Old Tye Avenue - Road closed to facilitate Thames Water works. 
2025-12-29T15:40:54.039506,TIMS-221831,Works,Minimal,"PECKHAM RYE (SE15 ,SE22 ) (Southwark)",[],Peckham Rye (All directions) at the junction of [A2214] Nunhead Lane - Temporary traffic signals are in place to facilitate ermergency SGN works.
2025-12-29T15:40:54.039506,TIMS-220707,Planned events,Minimal,MILLENNIUM WAY (SE10 ) (Greenwich),[],Disney on Ice - The O2 - Millennium Way (All approaches) at the junction of Ordnance Crescent - Disney on Ice.
2025-12-29T15:40:54.039506,TIMS-212391,Works,Minimal,[A4020] UXBRIDGE ROAD (W12 ) (Hammersmith & Fulham),[],[A4020] Uxbridge Road (Both directions) at the junction of [A402] Shepherds Bush Green - Restrictions in place in various locations on Uxbridge Road and Shepherds Bush Green due to C34 cycle lane scheme works.
2025-12-29T15:40:54.039506,TIMS-217012,Works,Minimal,[A206] WOOLWICH ROAD (SE7 ) (Greenwich),[],[A206] Woolwich Road (Both directions) between Anchor & Hope Lane and John Wilson Street. - Lane restrictions to facilitate the construction of a segregated cycle lane. 
2025-12-29T15:40:54.039506,TIMS-213362,Works,Minimal,"[A107] MARE STREET (E8 ,E9 ) (Hackney)",[],"[A107] Mare Street (Both directions) between [A1207] Graham Road and [A107] Amhurst Road - Road is closed to facilitate urban realm works. Additionally, temporary signals are in place at the junction of Graham Road."
2025-12-29T15:40:54.039506,TIMS-220784,Works,Minimal,"[A1205] BURDETT ROAD (E1 ,E14 ,E3 ) (Tower Hamlets)",[],"[A1205] Burdett Road (Both directions) at the junction of [B140] St Pauls Way - Temporary traffic signals lane restrictions in use to facilitate Thames Water works. In addition, no access to St Paul's Way."
2025-12-29T15:40:54.039506,TIMS-219173,Works,Minimal,[A219] WOOD LANE (W12 ) (Hammersmith & Fulham),[],[A219] Wood Lane (Both directions) at the junction of [A40] Westway - Various carriageway and footway restrictions in place to facilitate Cycle Superhighway works.
2025-12-29T15:40:54.039506,TIMS-221854,Works,Minimal,"[A20] ELTHAM ROAD (SE12 ,SE3 ) (Greenwich,Lewisham)",['a20'],[A20] Eltham Road (Westbound) at the junction of Cambridge Drive - Lane restrictions to be implemented to facilitate SGN works. 
2025-12-29T15:40:54.039506,TIMS-221700,Works,Minimal,[A205] WALDRAM CRESCENT (SE23 ) (Lewisham),['a205'],[A205] Waldram Crescent (Both directions) at the junction of Stanstead Road - Contra-flow in operation to facilitate SGN works.
2025-12-29T15:40:54.039506,TIMS-221978,Works,Minimal,"[A3] BATTERSEA RISE (SW11 ,SW18 ) (Wandsworth)",['a205'],[A3] Battersea Rise (Both directions) at the junction of Bolingbroke Grove - There are 2-way temporary traffic lights at this location for Thames Water works. 
2025-12-29T15:40:54.039506,TIMS-209852,Works,Minimal,"[A3205] NINE ELMS LANE (SW11 ,SW8 ) (Lambeth,Wandsworth)","['a3', 'inner ring']",[A3205] Nine Elms Lane (Both directions) at the junction of Ponton Road - Lane closures in place to facilitate Urban Realm Works.
2025-12-29T15:40:54.039506,TIMS-220695,Works,Minimal,"[A41] FINCHLEY ROAD (NW3 ,NW6 ,NW8 ) (Camden)",['a41'],[A41] Finchley Road (Southbound) at the junction of [B511] College Crescent - Lanes one and two (of three) closed to facilitate emergency Thames Water works.
2025-12-29T15:40:54.039506,TIMS-221816,Works,Minimal,[A302] GROSVENOR GARDENS (SW1W ) (Westminster),['inner ring'],[A302] Grosvenor Gardens (Southbound) at the junction of [A302] Victoria Street - The right turn from Buckingham Palace Road into Grosvenor Gardens has been closed due to emergency repairs by Cadent Gas.
2025-12-29T15:40:54.039506,TIMS-222027,Works,Minimal,"[B212] STRATHEDEN ROAD (SE3 ) (Greenwich,Lewisham)",[],Thames Water works - [B212] Stratheden Road (Both directions) at the junction of [A2] Shooters Hill Road - The road is closed due to Thames Water works. 
2025-12-29T15:40:54.039506,TIMS-218924,Works,Minimal,[A206] WOOLWICH CHURCH STREET (SE18 ) (Greenwich),[],[A206] Woolwich Church Street (Both directions) at the junction of [A206] Woolwich Ferry Roundabout - Various restrictions in place to facilitate cycle lane works.
2025-12-29T15:40:54.039506,TIMS-219994,Works,Minimal,[A200] LOWER ROAD (SE16 ) (Southwark),[],[A200] Lower Road (Both directions) at the junction of Surrey Quays Road - Temporary traffic signals to be implemented to facilitate cable works. 
2025-12-29T15:40:54.039506,TIMS-219993,Works,Minimal,[A200] LOWER ROAD (SE16 ) (Southwark),[],[A200] Lower Road (Both directions) at the junction of Gomm Road - Temporary traffic signals to be implemented to facilitate cable works. 
2025-12-29T15:40:54.039506,TIMS-221911,Works,Minimal,SELBORNE ROAD (E17 ) (Waltham Forest),[],Selborne Road (Both directions) at the junction of Vernon Road - Temporary traffic signals in operation to facilitate Thames Water works. 
2025-12-29T15:40:54.039506,TIMS-220134,Works,Minimal,"[A206] WOOLWICH CHURCH STREET (SE18 ,SE7 ) (Greenwich)",[],[A206] Woolwich Church Street (Westbound) at the junction of Warspite Road - Lane restriction due to ongoing cycle scheme works.
2025-12-29T15:40:54.039506,TIMS-221797,Planned events,Minimal,HORSE GUARDS AVENUE (SW1A ) (Westminster),[],Horse Guards Avenue (Both directions) between [A3211] Victoria Embankment and Whitehall Court - The road will be closed to facilitate the build for New Year's Eve celebrations. 
2025-12-29T15:40:54.039506,TIMS-215004,Works,Minimal,"DU CANE ROAD (W12 ,W3 ) (Hammersmith & Fulham)",[],Du Cane Road (Both directions) at the junction of Hilary Road - Two-way temporary traffic signals are in operation for bridge works.
2025-12-29T15:40:54.039506,TIMS-219885,Works,Minimal,"[A1205] BURDETT ROAD (E1 ,E3 ) (Tower Hamlets)",[],[A1205] Burdett Road (Both directions) at the junction of [A11] Mile End Road - Lane restrictions in place to facilitate Thames Water works.
2025-12-29T15:40:54.039506,TIMS-221720,Works,Minimal,"[A112] PRINCE REGENT LANE (E13 ,E16 ) (Newham)",[],[A112] Prince Regent Lane (Northbound) at the junction of Churchill Road - Road closed northbound due to emergency Thames Water works.
2025-12-29T15:55:11.925337,TIMS-206772,Works,Moderate,"[A12] EASTERN AVENUE EAST (RM2 ,RM3 ) (Havering)",['a12'],"Gallows Corner Flyover Refurbishment - [A12] Eastern Avenue East (All directions) at the junction of [A12] Colchester Road - Various restrictions, to facilitate the refurbishment of Gallows Corner Flyover. Full closure of the Flyover and the roundabout including all approaches in place."
2025-12-29T15:55:11.925337,TIMS-213893,Works,Moderate,"[A23] STREATHAM HILL (SW16 ,SW2 ) (Lambeth)",['a23'],"[A23] Streatham Hill (Both directions) between [A205] Christchurch Road and Leigham Court Road - Various restrictions for TfL works. Lane restrictions, in place over the course of the works. On 15/02/2026, 16/02/2026, 17/05/2026, 18/05/2026 there will be a full overnight closure. "
2025-12-29T15:55:11.925337,TIMS-200007,Works,Moderate,"KING WILLIAM STREET (EC3V,EC4N,EC4R) (City of London)",['bishopsgate cross route'],King William Street (Southbound) at the junction of Lombard Street - Road closed to facilitate urban realm works.
2025-12-29T15:55:11.925337,TIMS-218732,Planned events,Moderate,"[A4202] PARK LANE (W1J ,W1K ,W2 ) (Westminster)",['inner ring'],Winter Wonderland - Hyde Park - [A4202] Park Lane (All directions) at the junction of [A4202] Achilles Way - Winter Wonderland event has opened at 10:00
2025-12-29T15:55:11.925337,TIMS-216408,Works,Moderate,[A400] HAMPSTEAD ROAD (NW1 ) (Camden),['inner ring'],[A400] Hampstead Road (Both directions) at the junction of Robert Street - Temporary traffic signals and lane restrictions are in place for HS2 works.
2025-12-29T15:55:11.925337,TIMS-204461,Works,Moderate,"[A3203] LAMBETH BRIDGE (SE1 ,SW1P ) (Lambeth,Westminster)",['southern river route'],[A3203] Lambeth Bridge (Eastbound) between [A3036] A 3036 and [A3212] Millbank - Lane restrictions are in place at either side of the bridge for junction improvement works.
2025-12-29T15:55:11.925337,TIMS-221134,Network delays,Moderate,"[A101] ROTHERHITHE TUNNEL (E1W ,SE16 ) (Southwark,Tower Hamlets)",['southern river route'],"[A101] Rotherhithe Tunnel (Both directions) between [A200] Jamaica Road and [A13] Commercial Road - The Tunnel may be subject to short, intermittent closures"
2025-12-29T15:55:11.925337,TIMS-221661,Works,Moderate,[A308] KINGSTON HILL (KT2 ) (Kingston upon Thames),[],[A308] Kingston Hill (Both directions) at the junction of Park Road - Temporary traffic signals are in use to facilitate works. 
2025-12-29T15:55:11.925337,TIMS-220472,Hazards,Moderate,"[A4200] SOUTHAMPTON ROW (WC1A ,WC1B ,WC1N ,WC1V ) (Camden)",[],[A4200] Southampton Row (Both directions) between [A40] High Holborn and [A40] Vernon Place - The road is closed due to emergency UKPN works. Vernon Place westbound bus lane is also closed. 
2025-12-29T15:55:11.925337,TIMS-222032,Collisions,Moderate,[A2] BLACKHEATH ROAD (SE10 ) (Greenwich),['a2'],[A2] Blackheath Road (Both directions) between [A2211] Greenwich South Street and [A206] Greenwich High Road - The road is closed due to a collision.
2025-12-29T15:55:11.925337,TIMS-222012,Works,Minimal,[A212] CATFORD HILL (SE6 ) (Lewisham),['a205'],[A212] Catford Hill (Both directions) at the junction of Beechfield Road - Two way temporary traffic lights in place to facilitate Thames Water works. 
2025-12-29T15:55:11.925337,TIMS-221961,Network delays,Minimal,[A2204] FERRY APPROACH (SE18 ) (Greenwich),['a205'],[A2204] Ferry Approach (Both directions) at the junction of [A206] Woolwich Ferry Roundabout - The Woolwich Ferry is not in operation due to a power failure in the area. 
2025-12-29T15:55:11.925337,TIMS-221957,Works,Minimal,[A3] WANDSWORTH HIGH STREET (SW18 ) (Wandsworth),['a205'],[A3] Wandsworth High Street (Both directions) between [A3] West Hill and [A3] East Hill - Road closures in place due to a burst water main. 
2025-12-29T15:55:11.925337,TIMS-222025,Works,Minimal,[A22] GODSTONE ROAD (CR8 ) (Croydon),['a23'],"[A22] Godstone Road (Both directions) at the junction of Station Road - Two-way temporary signals in operation near Kenley station, due to burst water main repairs. "
2025-12-29T15:55:11.925337,TIMS-221773,Works,Minimal,"[A216] MITCHAM LANE (SW16 ) (Lambeth,Wandsworth)",['a23'],[A216] Mitcham Lane (Both directions) at the junction of Fernwood Avenue - Temporary signals in operation to facilitate repairs to a burst water main.
2025-12-29T15:55:11.925337,TIMS-222023,Works,Minimal,"[A40] WESTERN AVENUE (HA4 ,UB10 ) (Hillingdon)",['a40'],"[A40] Western Avenue (Westbound) at the junction of [A4180] West End Road - Lane one (of three) closure after the onslip from Polish War Memorial, due to urgent water main repairs. "
2025-12-29T15:55:11.925337,TIMS-210389,Works,Minimal,"[A40] WESTWAY (W10 ,W12 ) (Hammersmith & Fulham,Kensington & Chelsea)",['a40'],[A40] Westway (Eastbound) at the junction of [A3220] West Cross Route - The exit slip road to the Northern Roundabout is closed to facilitate repair works. 
2025-12-29T15:55:11.925337,TIMS-222024,Works,Minimal,"[A41] HENDON WAY (NW11 ,NW2 ) (Barnet)",['a41'],"[A41] Hendon Way (Northbound) at the junction of Ridge Hill - Lane one (of three) closure opposite the junction of Ridge Hill, due to urgent water leak repairs. "
2025-12-29T15:55:11.925337,TIMS-222029,Works,Minimal,"[A1203] THE HIGHWAY (E1 ,E1W ) (Tower Hamlets)",['city route'],"[A1203] The Highway (Westbound) at the junction of [A1202] Dock Street - Lane closure due to urgent UKPN cable repairs.
"
2025-12-29T15:55:11.925337,TIMS-216723,Works,Minimal,"TILLING ROAD (NW2 ,NW4 ) (Barnet)",[],Tilling Road (All approaches) at the junction of Claremont Road. - Temporary traffic signals in place to facilitate roadworks. 
2025-12-29T15:55:11.925337,TIMS-221963,Works,Minimal,JAIL LANE (TN16 ) (Bromley),[],Jail Lane (Both directions) at the junction of Old Tye Avenue - Road closed to facilitate Thames Water works. 
2025-12-29T15:55:11.925337,TIMS-221831,Works,Minimal,"PECKHAM RYE (SE15 ,SE22 ) (Southwark)",[],Peckham Rye (All directions) at the junction of [A2214] Nunhead Lane - Temporary traffic signals are in place to facilitate ermergency SGN works.
2025-12-29T15:55:11.925337,TIMS-220707,Planned events,Minimal,MILLENNIUM WAY (SE10 ) (Greenwich),[],Disney on Ice - The O2 - Millennium Way (All approaches) at the junction of Ordnance Crescent - Disney on Ice.
2025-12-29T15:55:11.925337,TIMS-212391,Works,Minimal,[A4020] UXBRIDGE ROAD (W12 ) (Hammersmith & Fulham),[],[A4020] Uxbridge Road (Both directions) at the junction of [A402] Shepherds Bush Green - Restrictions in place in various locations on Uxbridge Road and Shepherds Bush Green due to C34 cycle lane scheme works.
2025-12-29T15:55:11.925337,TIMS-217012,Works,Minimal,[A206] WOOLWICH ROAD (SE7 ) (Greenwich),[],[A206] Woolwich Road (Both directions) between Anchor & Hope Lane and John Wilson Street. - Lane restrictions to facilitate the construction of a segregated cycle lane. 
2025-12-29T15:55:11.925337,TIMS-213362,Works,Minimal,"[A107] MARE STREET (E8 ,E9 ) (Hackney)",[],"[A107] Mare Street (Both directions) between [A1207] Graham Road and [A107] Amhurst Road - Road is closed to facilitate urban realm works. Additionally, temporary signals are in place at the junction of Graham Road."
2025-12-29T15:55:11.925337,TIMS-220784,Works,Minimal,"[A1205] BURDETT ROAD (E1 ,E14 ,E3 ) (Tower Hamlets)",[],"[A1205] Burdett Road (Both directions) at the junction of [B140] St Pauls Way - Temporary traffic signals lane restrictions in use to facilitate Thames Water works. In addition, no access to St Paul's Way."
2025-12-29T15:55:11.925337,TIMS-219173,Works,Minimal,[A219] WOOD LANE (W12 ) (Hammersmith & Fulham),[],[A219] Wood Lane (Both directions) at the junction of [A40] Westway - Various carriageway and footway restrictions in place to facilitate Cycle Superhighway works.
2025-12-29T15:55:11.925337,TIMS-221854,Works,Minimal,"[A20] ELTHAM ROAD (SE12 ,SE3 ) (Greenwich,Lewisham)",['a20'],[A20] Eltham Road (Westbound) at the junction of Cambridge Drive - Lane restrictions to be implemented to facilitate SGN works. 
2025-12-29T15:55:11.925337,TIMS-221700,Works,Minimal,[A205] WALDRAM CRESCENT (SE23 ) (Lewisham),['a205'],[A205] Waldram Crescent (Both directions) at the junction of Stanstead Road - Contra-flow in operation to facilitate SGN works.
2025-12-29T15:55:11.925337,TIMS-221978,Works,Minimal,"[A3] BATTERSEA RISE (SW11 ,SW18 ) (Wandsworth)",['a205'],[A3] Battersea Rise (Both directions) at the junction of Bolingbroke Grove - There are 2-way temporary traffic lights at this location for Thames Water works. 
2025-12-29T15:55:11.925337,TIMS-209852,Works,Minimal,"[A3205] NINE ELMS LANE (SW11 ,SW8 ) (Lambeth,Wandsworth)","['a3', 'inner ring']",[A3205] Nine Elms Lane (Both directions) at the junction of Ponton Road - Lane closures in place to facilitate Urban Realm Works.
2025-12-29T15:55:11.925337,TIMS-220695,Works,Minimal,"[A41] FINCHLEY ROAD (NW3 ,NW6 ,NW8 ) (Camden)",['a41'],[A41] Finchley Road (Southbound) at the junction of [B511] College Crescent - Lanes one and two (of three) closed to facilitate emergency Thames Water works.
2025-12-29T15:55:11.925337,TIMS-221816,Works,Minimal,[A302] GROSVENOR GARDENS (SW1W ) (Westminster),['inner ring'],[A302] Grosvenor Gardens (Southbound) at the junction of [A302] Victoria Street - The right turn from Buckingham Palace Road into Grosvenor Gardens has been closed due to emergency repairs by Cadent Gas.
2025-12-29T15:55:11.925337,TIMS-222027,Works,Minimal,"[B212] STRATHEDEN ROAD (SE3 ) (Greenwich,Lewisham)",[],Thames Water works - [B212] Stratheden Road (Both directions) at the junction of [A2] Shooters Hill Road - The road is closed due to Thames Water works. 
2025-12-29T15:55:11.925337,TIMS-218924,Works,Minimal,[A206] WOOLWICH CHURCH STREET (SE18 ) (Greenwich),[],[A206] Woolwich Church Street (Both directions) at the junction of [A206] Woolwich Ferry Roundabout - Various restrictions in place to facilitate cycle lane works.
2025-12-29T15:55:11.925337,TIMS-219994,Works,Minimal,[A200] LOWER ROAD (SE16 ) (Southwark),[],[A200] Lower Road (Both directions) at the junction of Surrey Quays Road - Temporary traffic signals to be implemented to facilitate cable works. 
2025-12-29T15:55:11.925337,TIMS-219993,Works,Minimal,[A200] LOWER ROAD (SE16 ) (Southwark),[],[A200] Lower Road (Both directions) at the junction of Gomm Road - Temporary traffic signals to be implemented to facilitate cable works. 
2025-12-29T15:55:11.925337,TIMS-221911,Works,Minimal,SELBORNE ROAD (E17 ) (Waltham Forest),[],Selborne Road (Both directions) at the junction of Vernon Road - Temporary traffic signals in operation to facilitate Thames Water works. 
2025-12-29T15:55:11.925337,TIMS-220134,Works,Minimal,"[A206] WOOLWICH CHURCH STREET (SE18 ,SE7 ) (Greenwich)",[],[A206] Woolwich Church Street (Westbound) at the junction of Warspite Road - Lane restriction due to ongoing cycle scheme works.
2025-12-29T15:55:11.925337,TIMS-221797,Planned events,Minimal,HORSE GUARDS AVENUE (SW1A ) (Westminster),[],Horse Guards Avenue (Both directions) between [A3211] Victoria Embankment and Whitehall Court - The road will be closed to facilitate the build for New Year's Eve celebrations. 
2025-12-29T15:55:11.925337,TIMS-215004,Works,Minimal,"DU CANE ROAD (W12 ,W3 ) (Hammersmith & Fulham)",[],Du Cane Road (Both directions) at the junction of Hilary Road - Two-way temporary traffic signals are in operation for bridge works.
2025-12-29T15:55:11.925337,TIMS-219885,Works,Minimal,"[A1205] BURDETT ROAD (E1 ,E3 ) (Tower Hamlets)",[],[A1205] Burdett Road (Both directions) at the junction of [A11] Mile End Road - Lane restrictions in place to facilitate Thames Water works.
2025-12-29T15:55:11.925337,TIMS-221720,Works,Minimal,"[A112] PRINCE REGENT LANE (E13 ,E16 ) (Newham)",[],[A112] Prince Regent Lane (Northbound) at the junction of Churchill Road - Road closed northbound due to emergency Thames Water works.
2025-12-29T16:17:31.117315,TIMS-218732,Planned events,Serious,"[A4202] PARK LANE (W1J ,W1K ,W2 ) (Westminster)",['inner ring'],Winter Wonderland - Hyde Park - [A4202] Park Lane (All directions) at the junction of [A4202] Achilles Way - Winter Wonderland event has opened at 10:00
2025-12-29T16:17:31.117315,TIMS-206772,Works,Moderate,"[A12] EASTERN AVENUE EAST (RM2 ,RM3 ) (Havering)",['a12'],"Gallows Corner Flyover Refurbishment - [A12] Eastern Avenue East (All directions) at the junction of [A12] Colchester Road - Various restrictions, to facilitate the refurbishment of Gallows Corner Flyover. Full closure of the Flyover and the roundabout including all approaches in place."
2025-12-29T16:17:31.117315,TIMS-213893,Works,Moderate,"[A23] STREATHAM HILL (SW16 ,SW2 ) (Lambeth)",['a23'],"[A23] Streatham Hill (Both directions) between [A205] Christchurch Road and Leigham Court Road - Various restrictions for TfL works. Lane restrictions, in place over the course of the works. On 15/02/2026, 16/02/2026, 17/05/2026, 18/05/2026 there will be a full overnight closure. "
2025-12-29T16:17:31.117315,TIMS-200007,Works,Moderate,"KING WILLIAM STREET (EC3V,EC4N,EC4R) (City of London)",['bishopsgate cross route'],King William Street (Southbound) at the junction of Lombard Street - Road closed to facilitate urban realm works.
2025-12-29T16:17:31.117315,TIMS-216408,Works,Moderate,[A400] HAMPSTEAD ROAD (NW1 ) (Camden),['inner ring'],[A400] Hampstead Road (Both directions) at the junction of Robert Street - Temporary traffic signals and lane restrictions are in place for HS2 works.
2025-12-29T16:17:31.117315,TIMS-204461,Works,Moderate,"[A3203] LAMBETH BRIDGE (SE1 ,SW1P ) (Lambeth,Westminster)",['southern river route'],[A3203] Lambeth Bridge (Eastbound) between [A3036] A 3036 and [A3212] Millbank - Lane restrictions are in place at either side of the bridge for junction improvement works.
2025-12-29T16:17:31.117315,TIMS-221134,Network delays,Moderate,"[A101] ROTHERHITHE TUNNEL (E1W ,SE16 ) (Southwark,Tower Hamlets)",['southern river route'],"[A101] Rotherhithe Tunnel (Both directions) between [A200] Jamaica Road and [A13] Commercial Road - The Tunnel may be subject to short, intermittent closures"
2025-12-29T16:17:31.117315,TIMS-221661,Works,Moderate,[A308] KINGSTON HILL (KT2 ) (Kingston upon Thames),[],[A308] Kingston Hill (Both directions) at the junction of Park Road - Temporary traffic signals are in use to facilitate works. 
2025-12-29T16:17:31.117315,TIMS-220472,Hazards,Moderate,"[A4200] SOUTHAMPTON ROW (WC1A ,WC1B ,WC1N ,WC1V ) (Camden)",[],[A4200] Southampton Row (Both directions) between [A40] High Holborn and [A40] Vernon Place - The road is closed due to emergency UKPN works. Vernon Place westbound bus lane is also closed. 
2025-12-29T16:17:31.117315,TIMS-222032,Collisions,Moderate,[A2] BLACKHEATH ROAD (SE10 ) (Greenwich),['a2'],[A2] Blackheath Road (Both directions) between [A2211] Greenwich South Street and [A206] Greenwich High Road - The road is closed due to a collision.
2025-12-29T16:17:31.117315,TIMS-222038,Breakdowns,Minimal,"[A13] NEWHAM WAY (E13 ,E16 ,E6 ) (Newham)",['a13'],[A13] Newham Way (Westbound) at the junction of [A112] Prince Regent Lane - Lane one (of two) of on slip for A13 blocked due to a broken down vehicle.
2025-12-29T16:17:31.117315,TIMS-222012,Works,Minimal,[A212] CATFORD HILL (SE6 ) (Lewisham),['a205'],[A212] Catford Hill (Both directions) at the junction of Beechfield Road - Two way temporary traffic lights in place to facilitate Thames Water works. 
2025-12-29T16:17:31.117315,TIMS-221961,Network delays,Minimal,[A2204] FERRY APPROACH (SE18 ) (Greenwich),['a205'],[A2204] Ferry Approach (Both directions) at the junction of [A206] Woolwich Ferry Roundabout - The Woolwich Ferry is not in operation due to a power failure in the area. 
2025-12-29T16:17:31.117315,TIMS-221957,Works,Minimal,[A3] WANDSWORTH HIGH STREET (SW18 ) (Wandsworth),['a205'],[A3] Wandsworth High Street (Both directions) between [A3] West Hill and [A3] East Hill - Road closures in place due to a burst water main. 
2025-12-29T16:17:31.117315,TIMS-221773,Works,Minimal,"[A216] MITCHAM LANE (SW16 ) (Lambeth,Wandsworth)",['a23'],[A216] Mitcham Lane (Both directions) at the junction of Fernwood Avenue - Temporary signals in operation to facilitate repairs to a burst water main.
2025-12-29T16:17:31.117315,TIMS-222025,Works,Minimal,[A22] GODSTONE ROAD (CR8 ) (Croydon),['a23'],"[A22] Godstone Road (Both directions) at the junction of Station Road - Two-way temporary signals in operation near Kenley station, due to burst water main repairs. "
2025-12-29T16:17:31.117315,TIMS-222023,Works,Minimal,"[A40] WESTERN AVENUE (HA4 ,UB10 ) (Hillingdon)",['a40'],"[A40] Western Avenue (Westbound) at the junction of [A4180] West End Road - Lane one (of three) closure after the onslip from Polish War Memorial, due to urgent water main repairs. "
2025-12-29T16:17:31.117315,TIMS-210389,Works,Minimal,"[A40] WESTWAY (W10 ,W12 ) (Hammersmith & Fulham,Kensington & Chelsea)",['a40'],[A40] Westway (Eastbound) at the junction of [A3220] West Cross Route - The exit slip road to the Northern Roundabout is closed to facilitate repair works. 
2025-12-29T16:17:31.117315,TIMS-222024,Works,Minimal,"[A41] HENDON WAY (NW11 ,NW2 ) (Barnet)",['a41'],"[A41] Hendon Way (Northbound) at the junction of Ridge Hill - Lane one (of three) closure opposite the junction of Ridge Hill, due to urgent water leak repairs. "
2025-12-29T16:17:31.117315,TIMS-222029,Works,Minimal,"[A1203] THE HIGHWAY (E1 ,E1W ) (Tower Hamlets)",['city route'],"[A1203] The Highway (Westbound) at the junction of [A1202] Dock Street - Lane closure due to urgent UKPN cable repairs.
"
2025-12-29T16:17:31.117315,TIMS-221963,Works,Minimal,JAIL LANE (TN16 ) (Bromley),[],Jail Lane (Both directions) at the junction of Old Tye Avenue - Road closed to facilitate Thames Water works. 
2025-12-29T16:17:31.117315,TIMS-221831,Works,Minimal,"PECKHAM RYE (SE15 ,SE22 ) (Southwark)",[],Peckham Rye (All directions) at the junction of [A2214] Nunhead Lane - Temporary traffic signals are in place to facilitate ermergency SGN works.
2025-12-29T16:17:31.117315,TIMS-216723,Works,Minimal,"TILLING ROAD (NW2 ,NW4 ) (Barnet)",[],Tilling Road (All approaches) at the junction of Claremont Road. - Temporary traffic signals in place to facilitate roadworks. 
2025-12-29T16:17:31.117315,TIMS-217012,Works,Minimal,[A206] WOOLWICH ROAD (SE7 ) (Greenwich),[],[A206] Woolwich Road (Both directions) between Anchor & Hope Lane and John Wilson Street. - Lane restrictions to facilitate the construction of a segregated cycle lane. 
2025-12-29T16:17:31.117315,TIMS-220784,Works,Minimal,"[A1205] BURDETT ROAD (E1 ,E14 ,E3 ) (Tower Hamlets)",[],"[A1205] Burdett Road (Both directions) at the junction of [B140] St Pauls Way - Temporary traffic signals lane restrictions in use to facilitate Thames Water works. In addition, no access to St Paul's Way."
2025-12-29T16:17:31.117315,TIMS-219173,Works,Minimal,[A219] WOOD LANE (W12 ) (Hammersmith & Fulham),[],[A219] Wood Lane (Both directions) at the junction of [A40] Westway - Various carriageway and footway restrictions in place to facilitate Cycle Superhighway works.
2025-12-29T16:17:31.117315,TIMS-220707,Planned events,Minimal,MILLENNIUM WAY (SE10 ) (Greenwich),[],Disney on Ice - The O2 - Millennium Way (All approaches) at the junction of Ordnance Crescent - Disney on Ice.
2025-12-29T16:17:31.117315,TIMS-212391,Works,Minimal,[A4020] UXBRIDGE ROAD (W12 ) (Hammersmith & Fulham),[],[A4020] Uxbridge Road (Both directions) at the junction of [A402] Shepherds Bush Green - Restrictions in place in various locations on Uxbridge Road and Shepherds Bush Green due to C34 cycle lane scheme works.
2025-12-29T16:17:31.117315,TIMS-213362,Works,Minimal,"[A107] MARE STREET (E8 ,E9 ) (Hackney)",[],"[A107] Mare Street (Both directions) between [A1207] Graham Road and [A107] Amhurst Road - Road is closed to facilitate urban realm works. Additionally, temporary signals are in place at the junction of Graham Road."
2025-12-29T16:17:31.117315,TIMS-221854,Works,Minimal,"[A20] ELTHAM ROAD (SE12 ,SE3 ) (Greenwich,Lewisham)",['a20'],[A20] Eltham Road (Westbound) at the junction of Cambridge Drive - Lane restrictions to be implemented to facilitate SGN works. 
2025-12-29T16:17:31.117315,TIMS-221700,Works,Minimal,[A205] WALDRAM CRESCENT (SE23 ) (Lewisham),['a205'],[A205] Waldram Crescent (Both directions) at the junction of Stanstead Road - Contra-flow in operation to facilitate SGN works.
2025-12-29T16:17:31.117315,TIMS-221978,Works,Minimal,"[A3] BATTERSEA RISE (SW11 ,SW18 ) (Wandsworth)",['a205'],[A3] Battersea Rise (Both directions) at the junction of Bolingbroke Grove - There are 2-way temporary traffic lights at this location for Thames Water works. 
2025-12-29T16:17:31.117315,TIMS-209852,Works,Minimal,"[A3205] NINE ELMS LANE (SW11 ,SW8 ) (Lambeth,Wandsworth)","['a3', 'inner ring']",[A3205] Nine Elms Lane (Both directions) at the junction of Ponton Road - Lane closures in place to facilitate Urban Realm Works.
2025-12-29T16:17:31.117315,TIMS-220695,Works,Minimal,"[A41] FINCHLEY ROAD (NW3 ,NW6 ,NW8 ) (Camden)",['a41'],[A41] Finchley Road (Southbound) at the junction of [B511] College Crescent - Lanes one and two (of three) closed to facilitate emergency Thames Water works.
2025-12-29T16:17:31.117315,TIMS-221816,Works,Minimal,[A302] GROSVENOR GARDENS (SW1W ) (Westminster),['inner ring'],[A302] Grosvenor Gardens (Southbound) at the junction of [A302] Victoria Street - The right turn from Buckingham Palace Road into Grosvenor Gardens has been closed due to emergency repairs by Cadent Gas.
2025-12-29T16:17:31.117315,TIMS-219994,Works,Minimal,[A200] LOWER ROAD (SE16 ) (Southwark),[],[A200] Lower Road (Both directions) at the junction of Surrey Quays Road - Temporary traffic signals to be implemented to facilitate cable works. 
2025-12-29T16:17:31.117315,TIMS-221797,Planned events,Minimal,HORSE GUARDS AVENUE (SW1A ) (Westminster),[],Horse Guards Avenue (Both directions) between [A3211] Victoria Embankment and Whitehall Court - The road will be closed to facilitate the build for New Year's Eve celebrations. 
2025-12-29T16:17:31.117315,TIMS-219993,Works,Minimal,[A200] LOWER ROAD (SE16 ) (Southwark),[],[A200] Lower Road (Both directions) at the junction of Gomm Road - Temporary traffic signals to be implemented to facilitate cable works. 
2025-12-29T16:17:31.117315,TIMS-219885,Works,Minimal,"[A1205] BURDETT ROAD (E1 ,E3 ) (Tower Hamlets)",[],[A1205] Burdett Road (Both directions) at the junction of [A11] Mile End Road - Lane restrictions in place to facilitate Thames Water works.
2025-12-29T16:17:31.117315,TIMS-221720,Works,Minimal,"[A112] PRINCE REGENT LANE (E13 ,E16 ) (Newham)",[],[A112] Prince Regent Lane (Northbound) at the junction of Churchill Road - Road closed northbound due to emergency Thames Water works.
2025-12-29T16:17:31.117315,TIMS-218924,Works,Minimal,[A206] WOOLWICH CHURCH STREET (SE18 ) (Greenwich),[],[A206] Woolwich Church Street (Both directions) at the junction of [A206] Woolwich Ferry Roundabout - Various restrictions in place to facilitate cycle lane works.
2025-12-29T16:17:31.117315,TIMS-222027,Works,Minimal,"[B212] STRATHEDEN ROAD (SE3 ) (Greenwich,Lewisham)",[],Thames Water works - [B212] Stratheden Road (Both directions) at the junction of [A2] Shooters Hill Road - The road is closed due to Thames Water works. 
2025-12-29T16:17:31.117315,TIMS-215004,Works,Minimal,"DU CANE ROAD (W12 ,W3 ) (Hammersmith & Fulham)",[],Du Cane Road (Both directions) at the junction of Hilary Road - Two-way temporary traffic signals are in operation for bridge works.
2025-12-29T16:17:31.117315,TIMS-221911,Works,Minimal,SELBORNE ROAD (E17 ) (Waltham Forest),[],Selborne Road (Both directions) at the junction of Vernon Road - Temporary traffic signals in operation to facilitate Thames Water works. 
2025-12-29T16:17:31.117315,TIMS-220134,Works,Minimal,"[A206] WOOLWICH CHURCH STREET (SE18 ,SE7 ) (Greenwich)",[],[A206] Woolwich Church Street (Westbound) at the junction of Warspite Road - Lane restriction due to ongoing cycle scheme works.
2025-12-29T16:44:41.222566,TIMS-218732,Planned events,Serious,"[A4202] PARK LANE (W1J ,W1K ,W2 ) (Westminster)",['inner ring'],Winter Wonderland - Hyde Park - [A4202] Park Lane (All directions) at the junction of [A4202] Achilles Way - Winter Wonderland event has opened at 10:00
2025-12-29T16:44:41.222566,TIMS-206772,Works,Moderate,"[A12] EASTERN AVENUE EAST (RM2 ,RM3 ) (Havering)",['a12'],"Gallows Corner Flyover Refurbishment - [A12] Eastern Avenue East (All directions) at the junction of [A12] Colchester Road - Various restrictions, to facilitate the refurbishment of Gallows Corner Flyover. Full closure of the Flyover and the roundabout including all approaches in place."
2025-12-29T16:44:41.222566,TIMS-213893,Works,Moderate,"[A23] STREATHAM HILL (SW16 ,SW2 ) (Lambeth)",['a23'],"[A23] Streatham Hill (Both directions) between [A205] Christchurch Road and Leigham Court Road - Various restrictions for TfL works. Lane restrictions, in place over the course of the works. On 15/02/2026, 16/02/2026, 17/05/2026, 18/05/2026 there will be a full overnight closure. "
2025-12-29T16:44:41.222566,TIMS-200007,Works,Moderate,"KING WILLIAM STREET (EC3V,EC4N,EC4R) (City of London)",['bishopsgate cross route'],King William Street (Southbound) at the junction of Lombard Street - Road closed to facilitate urban realm works.
2025-12-29T16:44:41.222566,TIMS-216408,Works,Moderate,[A400] HAMPSTEAD ROAD (NW1 ) (Camden),['inner ring'],[A400] Hampstead Road (Both directions) at the junction of Robert Street - Temporary traffic signals and lane restrictions are in place for HS2 works.
2025-12-29T16:44:41.222566,TIMS-204461,Works,Moderate,"[A3203] LAMBETH BRIDGE (SE1 ,SW1P ) (Lambeth,Westminster)",['southern river route'],[A3203] Lambeth Bridge (Eastbound) between [A3036] A 3036 and [A3212] Millbank - Lane restrictions are in place at either side of the bridge for junction improvement works.
2025-12-29T16:44:41.222566,TIMS-221134,Network delays,Moderate,"[A101] ROTHERHITHE TUNNEL (E1W ,SE16 ) (Southwark,Tower Hamlets)",['southern river route'],"[A101] Rotherhithe Tunnel (Both directions) between [A200] Jamaica Road and [A13] Commercial Road - The Tunnel may be subject to short, intermittent closures"
2025-12-29T16:44:41.222566,TIMS-221661,Works,Moderate,[A308] KINGSTON HILL (KT2 ) (Kingston upon Thames),[],[A308] Kingston Hill (Both directions) at the junction of Park Road - Temporary traffic signals are in use to facilitate works. 
2025-12-29T16:44:41.222566,TIMS-220472,Hazards,Moderate,"[A4200] SOUTHAMPTON ROW (WC1A ,WC1B ,WC1N ,WC1V ) (Camden)",[],[A4200] Southampton Row (Both directions) between [A40] High Holborn and [A40] Vernon Place - The road is closed due to emergency UKPN works. Vernon Place westbound bus lane is also closed. 
2025-12-29T16:44:41.222566,TIMS-222032,Collisions,Moderate,[A2] BLACKHEATH ROAD (SE10 ) (Greenwich),['a2'],[A2] Blackheath Road (Both directions) between [A2211] Greenwich South Street and [A206] Greenwich High Road - The road is closed due to a collision.
2025-12-29T16:44:41.222566,TIMS-222038,Breakdowns,Minimal,"[A13] NEWHAM WAY (E13 ,E16 ,E6 ) (Newham)",['a13'],[A13] Newham Way (Westbound) at the junction of [A112] Prince Regent Lane - Lane one (of two) of on slip for A13 blocked due to a broken down vehicle.
2025-12-29T16:44:41.222566,TIMS-222012,Works,Minimal,[A212] CATFORD HILL (SE6 ) (Lewisham),['a205'],[A212] Catford Hill (Both directions) at the junction of Beechfield Road - Two way temporary traffic lights in place to facilitate Thames Water works. 
2025-12-29T16:44:41.222566,TIMS-221961,Network delays,Minimal,[A2204] FERRY APPROACH (SE18 ) (Greenwich),['a205'],[A2204] Ferry Approach (Both directions) at the junction of [A206] Woolwich Ferry Roundabout - The Woolwich Ferry is not in operation due to a power failure in the area. 
2025-12-29T16:44:41.222566,TIMS-221957,Works,Minimal,[A3] WANDSWORTH HIGH STREET (SW18 ) (Wandsworth),['a205'],[A3] Wandsworth High Street (Both directions) between [A3] West Hill and [A3] East Hill - Road closures in place due to a burst water main. 
2025-12-29T16:44:41.222566,TIMS-221773,Works,Minimal,"[A216] MITCHAM LANE (SW16 ) (Lambeth,Wandsworth)",['a23'],[A216] Mitcham Lane (Both directions) at the junction of Fernwood Avenue - Temporary signals in operation to facilitate repairs to a burst water main.
2025-12-29T16:44:41.222566,TIMS-222025,Works,Minimal,[A22] GODSTONE ROAD (CR8 ) (Croydon),['a23'],"[A22] Godstone Road (Both directions) at the junction of Station Road - Two-way temporary signals in operation near Kenley station, due to burst water main repairs. "
2025-12-29T16:44:41.222566,TIMS-222023,Works,Minimal,"[A40] WESTERN AVENUE (HA4 ,UB10 ) (Hillingdon)",['a40'],"[A40] Western Avenue (Westbound) at the junction of [A4180] West End Road - Lane one (of three) closure after the onslip from Polish War Memorial, due to urgent water main repairs. "
2025-12-29T16:44:41.222566,TIMS-210389,Works,Minimal,"[A40] WESTWAY (W10 ,W12 ) (Hammersmith & Fulham,Kensington & Chelsea)",['a40'],[A40] Westway (Eastbound) at the junction of [A3220] West Cross Route - The exit slip road to the Northern Roundabout is closed to facilitate repair works. 
2025-12-29T16:44:41.222566,TIMS-222024,Works,Minimal,"[A41] HENDON WAY (NW11 ,NW2 ) (Barnet)",['a41'],"[A41] Hendon Way (Northbound) at the junction of Ridge Hill - Lane one (of three) closure opposite the junction of Ridge Hill, due to urgent water leak repairs. "
2025-12-29T16:44:41.222566,TIMS-222029,Works,Minimal,"[A1203] THE HIGHWAY (E1 ,E1W ) (Tower Hamlets)",['city route'],"[A1203] The Highway (Westbound) at the junction of [A1202] Dock Street - Lane closure due to urgent UKPN cable repairs.
"
2025-12-29T16:44:41.222566,TIMS-221963,Works,Minimal,JAIL LANE (TN16 ) (Bromley),[],Jail Lane (Both directions) at the junction of Old Tye Avenue - Road closed to facilitate Thames Water works. 
2025-12-29T16:44:41.222566,TIMS-221831,Works,Minimal,"PECKHAM RYE (SE15 ,SE22 ) (Southwark)",[],Peckham Rye (All directions) at the junction of [A2214] Nunhead Lane - Temporary traffic signals are in place to facilitate ermergency SGN works.
2025-12-29T16:44:41.222566,TIMS-216723,Works,Minimal,"TILLING ROAD (NW2 ,NW4 ) (Barnet)",[],Tilling Road (All approaches) at the junction of Claremont Road. - Temporary traffic signals in place to facilitate roadworks. 
2025-12-29T16:44:41.222566,TIMS-217012,Works,Minimal,[A206] WOOLWICH ROAD (SE7 ) (Greenwich),[],[A206] Woolwich Road (Both directions) between Anchor & Hope Lane and John Wilson Street. - Lane restrictions to facilitate the construction of a segregated cycle lane. 
2025-12-29T16:44:41.222566,TIMS-220784,Works,Minimal,"[A1205] BURDETT ROAD (E1 ,E14 ,E3 ) (Tower Hamlets)",[],"[A1205] Burdett Road (Both directions) at the junction of [B140] St Pauls Way - Temporary traffic signals lane restrictions in use to facilitate Thames Water works. In addition, no access to St Paul's Way."
2025-12-29T16:44:41.222566,TIMS-219173,Works,Minimal,[A219] WOOD LANE (W12 ) (Hammersmith & Fulham),[],[A219] Wood Lane (Both directions) at the junction of [A40] Westway - Various carriageway and footway restrictions in place to facilitate Cycle Superhighway works.
2025-12-29T16:44:41.222566,TIMS-220707,Planned events,Minimal,MILLENNIUM WAY (SE10 ) (Greenwich),[],Disney on Ice - The O2 - Millennium Way (All approaches) at the junction of Ordnance Crescent - Disney on Ice.
2025-12-29T16:44:41.222566,TIMS-212391,Works,Minimal,[A4020] UXBRIDGE ROAD (W12 ) (Hammersmith & Fulham),[],[A4020] Uxbridge Road (Both directions) at the junction of [A402] Shepherds Bush Green - Restrictions in place in various locations on Uxbridge Road and Shepherds Bush Green due to C34 cycle lane scheme works.
2025-12-29T16:44:41.222566,TIMS-213362,Works,Minimal,"[A107] MARE STREET (E8 ,E9 ) (Hackney)",[],"[A107] Mare Street (Both directions) between [A1207] Graham Road and [A107] Amhurst Road - Road is closed to facilitate urban realm works. Additionally, temporary signals are in place at the junction of Graham Road."
2025-12-29T16:44:41.222566,TIMS-221854,Works,Minimal,"[A20] ELTHAM ROAD (SE12 ,SE3 ) (Greenwich,Lewisham)",['a20'],[A20] Eltham Road (Westbound) at the junction of Cambridge Drive - Lane restrictions to be implemented to facilitate SGN works. 
2025-12-29T16:44:41.222566,TIMS-221700,Works,Minimal,[A205] WALDRAM CRESCENT (SE23 ) (Lewisham),['a205'],[A205] Waldram Crescent (Both directions) at the junction of Stanstead Road - Contra-flow in operation to facilitate SGN works.
2025-12-29T16:44:41.222566,TIMS-221978,Works,Minimal,"[A3] BATTERSEA RISE (SW11 ,SW18 ) (Wandsworth)",['a205'],[A3] Battersea Rise (Both directions) at the junction of Bolingbroke Grove - There are 2-way temporary traffic lights at this location for Thames Water works. 
2025-12-29T16:44:41.222566,TIMS-209852,Works,Minimal,"[A3205] NINE ELMS LANE (SW11 ,SW8 ) (Lambeth,Wandsworth)","['a3', 'inner ring']",[A3205] Nine Elms Lane (Both directions) at the junction of Ponton Road - Lane closures in place to facilitate Urban Realm Works.
2025-12-29T16:44:41.222566,TIMS-220695,Works,Minimal,"[A41] FINCHLEY ROAD (NW3 ,NW6 ,NW8 ) (Camden)",['a41'],[A41] Finchley Road (Southbound) at the junction of [B511] College Crescent - Lanes one and two (of three) closed to facilitate emergency Thames Water works.
2025-12-29T16:44:41.222566,TIMS-221816,Works,Minimal,[A302] GROSVENOR GARDENS (SW1W ) (Westminster),['inner ring'],[A302] Grosvenor Gardens (Southbound) at the junction of [A302] Victoria Street - The right turn from Buckingham Palace Road into Grosvenor Gardens has been closed due to emergency repairs by Cadent Gas.
2025-12-29T16:44:41.222566,TIMS-219994,Works,Minimal,[A200] LOWER ROAD (SE16 ) (Southwark),[],[A200] Lower Road (Both directions) at the junction of Surrey Quays Road - Temporary traffic signals to be implemented to facilitate cable works. 
2025-12-29T16:44:41.222566,TIMS-221797,Planned events,Minimal,HORSE GUARDS AVENUE (SW1A ) (Westminster),[],Horse Guards Avenue (Both directions) between [A3211] Victoria Embankment and Whitehall Court - The road will be closed to facilitate the build for New Year's Eve celebrations. 
2025-12-29T16:44:41.222566,TIMS-219993,Works,Minimal,[A200] LOWER ROAD (SE16 ) (Southwark),[],[A200] Lower Road (Both directions) at the junction of Gomm Road - Temporary traffic signals to be implemented to facilitate cable works. 
2025-12-29T16:44:41.222566,TIMS-219885,Works,Minimal,"[A1205] BURDETT ROAD (E1 ,E3 ) (Tower Hamlets)",[],[A1205] Burdett Road (Both directions) at the junction of [A11] Mile End Road - Lane restrictions in place to facilitate Thames Water works.
2025-12-29T16:44:41.222566,TIMS-221720,Works,Minimal,"[A112] PRINCE REGENT LANE (E13 ,E16 ) (Newham)",[],[A112] Prince Regent Lane (Northbound) at the junction of Churchill Road - Road closed northbound due to emergency Thames Water works.
2025-12-29T16:44:41.222566,TIMS-218924,Works,Minimal,[A206] WOOLWICH CHURCH STREET (SE18 ) (Greenwich),[],[A206] Woolwich Church Street (Both directions) at the junction of [A206] Woolwich Ferry Roundabout - Various restrictions in place to facilitate cycle lane works.
2025-12-29T16:44:41.222566,TIMS-222027,Works,Minimal,"[B212] STRATHEDEN ROAD (SE3 ) (Greenwich,Lewisham)",[],Thames Water works - [B212] Stratheden Road (Both directions) at the junction of [A2] Shooters Hill Road - The road is closed due to Thames Water works. 
2025-12-29T16:44:41.222566,TIMS-215004,Works,Minimal,"DU CANE ROAD (W12 ,W3 ) (Hammersmith & Fulham)",[],Du Cane Road (Both directions) at the junction of Hilary Road - Two-way temporary traffic signals are in operation for bridge works.
2025-12-29T16:44:41.222566,TIMS-221911,Works,Minimal,SELBORNE ROAD (E17 ) (Waltham Forest),[],Selborne Road (Both directions) at the junction of Vernon Road - Temporary traffic signals in operation to facilitate Thames Water works. 
2025-12-29T16:44:41.222566,TIMS-220134,Works,Minimal,"[A206] WOOLWICH CHURCH STREET (SE18 ,SE7 ) (Greenwich)",[],[A206] Woolwich Church Street (Westbound) at the junction of Warspite Road - Lane restriction due to ongoing cycle scheme works.
2025-12-29T16:58:31.293025,TIMS-218732,Planned events,Serious,"[A4202] PARK LANE (W1J ,W1K ,W2 ) (Westminster)",['inner ring'],Winter Wonderland - Hyde Park - [A4202] Park Lane (All directions) at the junction of [A4202] Achilles Way - Winter Wonderland event has opened at 10:00
2025-12-29T16:58:31.293025,TIMS-206772,Works,Moderate,"[A12] EASTERN AVENUE EAST (RM2 ,RM3 ) (Havering)",['a12'],"Gallows Corner Flyover Refurbishment - [A12] Eastern Avenue East (All directions) at the junction of [A12] Colchester Road - Various restrictions, to facilitate the refurbishment of Gallows Corner Flyover. Full closure of the Flyover and the roundabout including all approaches in place."
2025-12-29T16:58:31.293025,TIMS-213893,Works,Moderate,"[A23] STREATHAM HILL (SW16 ,SW2 ) (Lambeth)",['a23'],"[A23] Streatham Hill (Both directions) between [A205] Christchurch Road and Leigham Court Road - Various restrictions for TfL works. Lane restrictions, in place over the course of the works. On 15/02/2026, 16/02/2026, 17/05/2026, 18/05/2026 there will be a full overnight closure. "
2025-12-29T16:58:31.293025,TIMS-200007,Works,Moderate,"KING WILLIAM STREET (EC3V,EC4N,EC4R) (City of London)",['bishopsgate cross route'],King William Street (Southbound) at the junction of Lombard Street - Road closed to facilitate urban realm works.
2025-12-29T16:58:31.293025,TIMS-216408,Works,Moderate,[A400] HAMPSTEAD ROAD (NW1 ) (Camden),['inner ring'],[A400] Hampstead Road (Both directions) at the junction of Robert Street - Temporary traffic signals and lane restrictions are in place for HS2 works.
2025-12-29T16:58:31.293025,TIMS-204461,Works,Moderate,"[A3203] LAMBETH BRIDGE (SE1 ,SW1P ) (Lambeth,Westminster)",['southern river route'],[A3203] Lambeth Bridge (Eastbound) between [A3036] A 3036 and [A3212] Millbank - Lane restrictions are in place at either side of the bridge for junction improvement works.
2025-12-29T16:58:31.293025,TIMS-221134,Network delays,Moderate,"[A101] ROTHERHITHE TUNNEL (E1W ,SE16 ) (Southwark,Tower Hamlets)",['southern river route'],"[A101] Rotherhithe Tunnel (Both directions) between [A200] Jamaica Road and [A13] Commercial Road - The Tunnel may be subject to short, intermittent closures"
2025-12-29T16:58:31.293025,TIMS-221661,Works,Moderate,[A308] KINGSTON HILL (KT2 ) (Kingston upon Thames),[],[A308] Kingston Hill (Both directions) at the junction of Park Road - Temporary traffic signals are in use to facilitate works. 
2025-12-29T16:58:31.293025,TIMS-220472,Hazards,Moderate,"[A4200] SOUTHAMPTON ROW (WC1A ,WC1B ,WC1N ,WC1V ) (Camden)",[],[A4200] Southampton Row (Both directions) between [A40] High Holborn and [A40] Vernon Place - The road is closed due to emergency UKPN works. Vernon Place westbound bus lane is also closed. 
2025-12-29T16:58:31.293025,TIMS-222032,Collisions,Moderate,[A2] BLACKHEATH ROAD (SE10 ) (Greenwich),['a2'],[A2] Blackheath Road (Both directions) between [A2211] Greenwich South Street and [A206] Greenwich High Road - The road is closed due to a collision.
2025-12-29T16:58:31.293025,TIMS-222012,Works,Minimal,[A212] CATFORD HILL (SE6 ) (Lewisham),['a205'],[A212] Catford Hill (Both directions) at the junction of Beechfield Road - Two way temporary traffic lights in place to facilitate Thames Water works. 
2025-12-29T16:58:31.293025,TIMS-221961,Network delays,Minimal,[A2204] FERRY APPROACH (SE18 ) (Greenwich),['a205'],[A2204] Ferry Approach (Both directions) at the junction of [A206] Woolwich Ferry Roundabout - The Woolwich Ferry is not in operation due to a power failure in the area. 
2025-12-29T16:58:31.293025,TIMS-221957,Works,Minimal,[A3] WANDSWORTH HIGH STREET (SW18 ) (Wandsworth),['a205'],[A3] Wandsworth High Street (Both directions) between [A3] West Hill and [A3] East Hill - Road closures in place due to a burst water main. 
2025-12-29T16:58:31.293025,TIMS-222025,Works,Minimal,[A22] GODSTONE ROAD (CR8 ) (Croydon),['a23'],"[A22] Godstone Road (Both directions) at the junction of Station Road - Two-way temporary signals in operation near Kenley station, due to burst water main repairs. "
2025-12-29T16:58:31.293025,TIMS-221773,Works,Minimal,"[A216] MITCHAM LANE (SW16 ) (Lambeth,Wandsworth)",['a23'],[A216] Mitcham Lane (Both directions) at the junction of Fernwood Avenue - Temporary signals in operation to facilitate repairs to a burst water main.
2025-12-29T16:58:31.293025,TIMS-222023,Works,Minimal,"[A40] WESTERN AVENUE (HA4 ,UB10 ) (Hillingdon)",['a40'],"[A40] Western Avenue (Westbound) at the junction of [A4180] West End Road - Lane one (of three) closure after the onslip from Polish War Memorial, due to urgent water main repairs. "
2025-12-29T16:58:31.293025,TIMS-210389,Works,Minimal,"[A40] WESTWAY (W10 ,W12 ) (Hammersmith & Fulham,Kensington & Chelsea)",['a40'],[A40] Westway (Eastbound) at the junction of [A3220] West Cross Route - The exit slip road to the Northern Roundabout is closed to facilitate repair works. 
2025-12-29T16:58:31.293025,TIMS-222024,Works,Minimal,"[A41] HENDON WAY (NW11 ,NW2 ) (Barnet)",['a41'],"[A41] Hendon Way (Northbound) at the junction of Ridge Hill - Lane one (of three) closure opposite the junction of Ridge Hill, due to urgent water leak repairs. "
2025-12-29T16:58:31.293025,TIMS-222029,Works,Minimal,"[A1203] THE HIGHWAY (E1 ,E1W ) (Tower Hamlets)",['city route'],"[A1203] The Highway (Westbound) at the junction of [A1202] Dock Street - Lane closure due to urgent UKPN cable repairs.
"
2025-12-29T16:58:31.293025,TIMS-216723,Works,Minimal,"TILLING ROAD (NW2 ,NW4 ) (Barnet)",[],Tilling Road (All approaches) at the junction of Claremont Road. - Temporary traffic signals in place to facilitate roadworks. 
2025-12-29T16:58:31.293025,TIMS-221963,Works,Minimal,JAIL LANE (TN16 ) (Bromley),[],Jail Lane (Both directions) at the junction of Old Tye Avenue - Road closed to facilitate Thames Water works. 
2025-12-29T16:58:31.293025,TIMS-221831,Works,Minimal,"PECKHAM RYE (SE15 ,SE22 ) (Southwark)",[],Peckham Rye (All directions) at the junction of [A2214] Nunhead Lane - Temporary traffic signals are in place to facilitate ermergency SGN works.
2025-12-29T16:58:31.293025,TIMS-220707,Planned events,Minimal,MILLENNIUM WAY (SE10 ) (Greenwich),[],Disney on Ice - The O2 - Millennium Way (All approaches) at the junction of Ordnance Crescent - Disney on Ice.
2025-12-29T16:58:31.293025,TIMS-212391,Works,Minimal,[A4020] UXBRIDGE ROAD (W12 ) (Hammersmith & Fulham),[],[A4020] Uxbridge Road (Both directions) at the junction of [A402] Shepherds Bush Green - Restrictions in place in various locations on Uxbridge Road and Shepherds Bush Green due to C34 cycle lane scheme works.
2025-12-29T16:58:31.293025,TIMS-217012,Works,Minimal,[A206] WOOLWICH ROAD (SE7 ) (Greenwich),[],[A206] Woolwich Road (Both directions) between Anchor & Hope Lane and John Wilson Street. - Lane restrictions to facilitate the construction of a segregated cycle lane. 
2025-12-29T16:58:31.293025,TIMS-213362,Works,Minimal,"[A107] MARE STREET (E8 ,E9 ) (Hackney)",[],"[A107] Mare Street (Both directions) between [A1207] Graham Road and [A107] Amhurst Road - Road is closed to facilitate urban realm works. Additionally, temporary signals are in place at the junction of Graham Road."
2025-12-29T16:58:31.293025,TIMS-220784,Works,Minimal,"[A1205] BURDETT ROAD (E1 ,E14 ,E3 ) (Tower Hamlets)",[],"[A1205] Burdett Road (Both directions) at the junction of [B140] St Pauls Way - Temporary traffic signals lane restrictions in use to facilitate Thames Water works. In addition, no access to St Paul's Way."
2025-12-29T16:58:31.293025,TIMS-219173,Works,Minimal,[A219] WOOD LANE (W12 ) (Hammersmith & Fulham),[],[A219] Wood Lane (Both directions) at the junction of [A40] Westway - Various carriageway and footway restrictions in place to facilitate Cycle Superhighway works.
2025-12-29T16:58:31.293025,TIMS-221854,Works,Minimal,"[A20] ELTHAM ROAD (SE12 ,SE3 ) (Greenwich,Lewisham)",['a20'],[A20] Eltham Road (Westbound) at the junction of Cambridge Drive - Lane restrictions to be implemented to facilitate SGN works. 
2025-12-29T16:58:31.293025,TIMS-221700,Works,Minimal,[A205] WALDRAM CRESCENT (SE23 ) (Lewisham),['a205'],[A205] Waldram Crescent (Both directions) at the junction of Stanstead Road - Contra-flow in operation to facilitate SGN works.
2025-12-29T16:58:31.293025,TIMS-221978,Works,Minimal,"[A3] BATTERSEA RISE (SW11 ,SW18 ) (Wandsworth)",['a205'],[A3] Battersea Rise (Both directions) at the junction of Bolingbroke Grove - There are 2-way temporary traffic lights at this location for Thames Water works. 
2025-12-29T16:58:31.293025,TIMS-209852,Works,Minimal,"[A3205] NINE ELMS LANE (SW11 ,SW8 ) (Lambeth,Wandsworth)","['a3', 'inner ring']",[A3205] Nine Elms Lane (Both directions) at the junction of Ponton Road - Lane closures in place to facilitate Urban Realm Works.
2025-12-29T16:58:31.293025,TIMS-220695,Works,Minimal,"[A41] FINCHLEY ROAD (NW3 ,NW6 ,NW8 ) (Camden)",['a41'],[A41] Finchley Road (Southbound) at the junction of [B511] College Crescent - Lanes one and two (of three) closed to facilitate emergency Thames Water works.
2025-12-29T16:58:31.293025,TIMS-221816,Works,Minimal,[A302] GROSVENOR GARDENS (SW1W ) (Westminster),['inner ring'],[A302] Grosvenor Gardens (Southbound) at the junction of [A302] Victoria Street - The right turn from Buckingham Palace Road into Grosvenor Gardens has been closed due to emergency repairs by Cadent Gas.
2025-12-29T16:58:31.293025,TIMS-222027,Works,Minimal,"[B212] STRATHEDEN ROAD (SE3 ) (Greenwich,Lewisham)",[],Thames Water works - [B212] Stratheden Road (Both directions) at the junction of [A2] Shooters Hill Road - The road is closed due to Thames Water works. 
2025-12-29T16:58:31.293025,TIMS-218924,Works,Minimal,[A206] WOOLWICH CHURCH STREET (SE18 ) (Greenwich),[],[A206] Woolwich Church Street (Both directions) at the junction of [A206] Woolwich Ferry Roundabout - Various restrictions in place to facilitate cycle lane works.
2025-12-29T16:58:31.293025,TIMS-219994,Works,Minimal,[A200] LOWER ROAD (SE16 ) (Southwark),[],[A200] Lower Road (Both directions) at the junction of Surrey Quays Road - Temporary traffic signals to be implemented to facilitate cable works. 
2025-12-29T16:58:31.293025,TIMS-219993,Works,Minimal,[A200] LOWER ROAD (SE16 ) (Southwark),[],[A200] Lower Road (Both directions) at the junction of Gomm Road - Temporary traffic signals to be implemented to facilitate cable works. 
2025-12-29T16:58:31.293025,TIMS-221911,Works,Minimal,SELBORNE ROAD (E17 ) (Waltham Forest),[],Selborne Road (Both directions) at the junction of Vernon Road - Temporary traffic signals in operation to facilitate Thames Water works. 
2025-12-29T16:58:31.293025,TIMS-220134,Works,Minimal,"[A206] WOOLWICH CHURCH STREET (SE18 ,SE7 ) (Greenwich)",[],[A206] Woolwich Church Street (Westbound) at the junction of Warspite Road - Lane restriction due to ongoing cycle scheme works.
2025-12-29T16:58:31.293025,TIMS-221797,Planned events,Minimal,HORSE GUARDS AVENUE (SW1A ) (Westminster),[],Horse Guards Avenue (Both directions) between [A3211] Victoria Embankment and Whitehall Court - The road will be closed to facilitate the build for New Year's Eve celebrations. 
2025-12-29T16:58:31.293025,TIMS-215004,Works,Minimal,"DU CANE ROAD (W12 ,W3 ) (Hammersmith & Fulham)",[],Du Cane Road (Both directions) at the junction of Hilary Road - Two-way temporary traffic signals are in operation for bridge works.
2025-12-29T16:58:31.293025,TIMS-219885,Works,Minimal,"[A1205] BURDETT ROAD (E1 ,E3 ) (Tower Hamlets)",[],[A1205] Burdett Road (Both directions) at the junction of [A11] Mile End Road - Lane restrictions in place to facilitate Thames Water works.
2025-12-29T16:58:31.293025,TIMS-221720,Works,Minimal,"[A112] PRINCE REGENT LANE (E13 ,E16 ) (Newham)",[],[A112] Prince Regent Lane (Northbound) at the junction of Churchill Road - Road closed northbound due to emergency Thames Water works.
2025-12-29T17:20:01.729305,TIMS-218732,Planned events,Serious,"[A4202] PARK LANE (W1J ,W1K ,W2 ) (Westminster)",['inner ring'],Winter Wonderland - Hyde Park - [A4202] Park Lane (All directions) at the junction of [A4202] Achilles Way - Winter Wonderland event has opened at 10:00
2025-12-29T17:20:01.729305,TIMS-206772,Works,Moderate,"[A12] EASTERN AVENUE EAST (RM2 ,RM3 ) (Havering)",['a12'],"Gallows Corner Flyover Refurbishment - [A12] Eastern Avenue East (All directions) at the junction of [A12] Colchester Road - Various restrictions, to facilitate the refurbishment of Gallows Corner Flyover. Full closure of the Flyover and the roundabout including all approaches in place."
2025-12-29T17:20:01.729305,TIMS-213893,Works,Moderate,"[A23] STREATHAM HILL (SW16 ,SW2 ) (Lambeth)",['a23'],"[A23] Streatham Hill (Both directions) between [A205] Christchurch Road and Leigham Court Road - Various restrictions for TfL works. Lane restrictions, in place over the course of the works. On 15/02/2026, 16/02/2026, 17/05/2026, 18/05/2026 there will be a full overnight closure. "
2025-12-29T17:20:01.729305,TIMS-200007,Works,Moderate,"KING WILLIAM STREET (EC3V,EC4N,EC4R) (City of London)",['bishopsgate cross route'],King William Street (Southbound) at the junction of Lombard Street - Road closed to facilitate urban realm works.
2025-12-29T17:20:01.729305,TIMS-216408,Works,Moderate,[A400] HAMPSTEAD ROAD (NW1 ) (Camden),['inner ring'],[A400] Hampstead Road (Both directions) at the junction of Robert Street - Temporary traffic signals and lane restrictions are in place for HS2 works.
2025-12-29T17:20:01.729305,TIMS-204461,Works,Moderate,"[A3203] LAMBETH BRIDGE (SE1 ,SW1P ) (Lambeth,Westminster)",['southern river route'],[A3203] Lambeth Bridge (Eastbound) between [A3036] A 3036 and [A3212] Millbank - Lane restrictions are in place at either side of the bridge for junction improvement works.
2025-12-29T17:20:01.729305,TIMS-221134,Network delays,Moderate,"[A101] ROTHERHITHE TUNNEL (E1W ,SE16 ) (Southwark,Tower Hamlets)",['southern river route'],"[A101] Rotherhithe Tunnel (Both directions) between [A200] Jamaica Road and [A13] Commercial Road - The Tunnel may be subject to short, intermittent closures"
2025-12-29T17:20:01.729305,TIMS-221661,Works,Moderate,[A308] KINGSTON HILL (KT2 ) (Kingston upon Thames),[],[A308] Kingston Hill (Both directions) at the junction of Park Road - Temporary traffic signals are in use to facilitate works. 
2025-12-29T17:20:01.729305,TIMS-220472,Hazards,Moderate,"[A4200] SOUTHAMPTON ROW (WC1A ,WC1B ,WC1N ,WC1V ) (Camden)",[],[A4200] Southampton Row (Both directions) between [A40] High Holborn and [A40] Vernon Place - The road is closed due to emergency UKPN works. Vernon Place westbound bus lane is also closed. 
2025-12-29T17:20:01.729305,TIMS-222032,Collisions,Moderate,[A2] BLACKHEATH ROAD (SE10 ) (Greenwich),['a2'],[A2] Blackheath Road (Both directions) between [A2211] Greenwich South Street and [A206] Greenwich High Road - The road is closed due to a collision.
2025-12-29T17:20:01.729305,TIMS-222012,Works,Minimal,[A212] CATFORD HILL (SE6 ) (Lewisham),['a205'],[A212] Catford Hill (Both directions) at the junction of Beechfield Road - Two way temporary traffic lights in place to facilitate Thames Water works. 
2025-12-29T17:20:01.729305,TIMS-221961,Network delays,Minimal,[A2204] FERRY APPROACH (SE18 ) (Greenwich),['a205'],[A2204] Ferry Approach (Both directions) at the junction of [A206] Woolwich Ferry Roundabout - The Woolwich Ferry is not in operation due to a power failure in the area. 
2025-12-29T17:20:01.729305,TIMS-221957,Works,Minimal,[A3] WANDSWORTH HIGH STREET (SW18 ) (Wandsworth),['a205'],[A3] Wandsworth High Street (Both directions) between [A3] West Hill and [A3] East Hill - Road closures in place due to a burst water main. 
2025-12-29T17:20:01.729305,TIMS-222025,Works,Minimal,[A22] GODSTONE ROAD (CR8 ) (Croydon),['a23'],"[A22] Godstone Road (Both directions) at the junction of Station Road - Two-way temporary signals in operation near Kenley station, due to burst water main repairs. "
2025-12-29T17:20:01.729305,TIMS-221773,Works,Minimal,"[A216] MITCHAM LANE (SW16 ) (Lambeth,Wandsworth)",['a23'],[A216] Mitcham Lane (Both directions) at the junction of Fernwood Avenue - Temporary signals in operation to facilitate repairs to a burst water main.
2025-12-29T17:20:01.729305,TIMS-222023,Works,Minimal,"[A40] WESTERN AVENUE (HA4 ,UB10 ) (Hillingdon)",['a40'],"[A40] Western Avenue (Westbound) at the junction of [A4180] West End Road - Lane one (of three) closure after the onslip from Polish War Memorial, due to urgent water main repairs. "
2025-12-29T17:20:01.729305,TIMS-210389,Works,Minimal,"[A40] WESTWAY (W10 ,W12 ) (Hammersmith & Fulham,Kensington & Chelsea)",['a40'],[A40] Westway (Eastbound) at the junction of [A3220] West Cross Route - The exit slip road to the Northern Roundabout is closed to facilitate repair works. 
2025-12-29T17:20:01.729305,TIMS-222024,Works,Minimal,"[A41] HENDON WAY (NW11 ,NW2 ) (Barnet)",['a41'],"[A41] Hendon Way (Northbound) at the junction of Ridge Hill - Lane one (of three) closure opposite the junction of Ridge Hill, due to urgent water leak repairs. "
2025-12-29T17:20:01.729305,TIMS-222029,Works,Minimal,"[A1203] THE HIGHWAY (E1 ,E1W ) (Tower Hamlets)",['city route'],"[A1203] The Highway (Westbound) at the junction of [A1202] Dock Street - Lane closure due to urgent UKPN cable repairs.
"
2025-12-29T17:20:01.729305,TIMS-216723,Works,Minimal,"TILLING ROAD (NW2 ,NW4 ) (Barnet)",[],Tilling Road (All approaches) at the junction of Claremont Road. - Temporary traffic signals in place to facilitate roadworks. 
2025-12-29T17:20:01.729305,TIMS-221963,Works,Minimal,JAIL LANE (TN16 ) (Bromley),[],Jail Lane (Both directions) at the junction of Old Tye Avenue - Road closed to facilitate Thames Water works. 
2025-12-29T17:20:01.729305,TIMS-221831,Works,Minimal,"PECKHAM RYE (SE15 ,SE22 ) (Southwark)",[],Peckham Rye (All directions) at the junction of [A2214] Nunhead Lane - Temporary traffic signals are in place to facilitate ermergency SGN works.
2025-12-29T17:20:01.729305,TIMS-220707,Planned events,Minimal,MILLENNIUM WAY (SE10 ) (Greenwich),[],Disney on Ice - The O2 - Millennium Way (All approaches) at the junction of Ordnance Crescent - Disney on Ice.
2025-12-29T17:20:01.729305,TIMS-212391,Works,Minimal,[A4020] UXBRIDGE ROAD (W12 ) (Hammersmith & Fulham),[],[A4020] Uxbridge Road (Both directions) at the junction of [A402] Shepherds Bush Green - Restrictions in place in various locations on Uxbridge Road and Shepherds Bush Green due to C34 cycle lane scheme works.
2025-12-29T17:20:01.729305,TIMS-217012,Works,Minimal,[A206] WOOLWICH ROAD (SE7 ) (Greenwich),[],[A206] Woolwich Road (Both directions) between Anchor & Hope Lane and John Wilson Street. - Lane restrictions to facilitate the construction of a segregated cycle lane. 
2025-12-29T17:20:01.729305,TIMS-213362,Works,Minimal,"[A107] MARE STREET (E8 ,E9 ) (Hackney)",[],"[A107] Mare Street (Both directions) between [A1207] Graham Road and [A107] Amhurst Road - Road is closed to facilitate urban realm works. Additionally, temporary signals are in place at the junction of Graham Road."
2025-12-29T17:20:01.729305,TIMS-220784,Works,Minimal,"[A1205] BURDETT ROAD (E1 ,E14 ,E3 ) (Tower Hamlets)",[],"[A1205] Burdett Road (Both directions) at the junction of [B140] St Pauls Way - Temporary traffic signals lane restrictions in use to facilitate Thames Water works. In addition, no access to St Paul's Way."
2025-12-29T17:20:01.729305,TIMS-219173,Works,Minimal,[A219] WOOD LANE (W12 ) (Hammersmith & Fulham),[],[A219] Wood Lane (Both directions) at the junction of [A40] Westway - Various carriageway and footway restrictions in place to facilitate Cycle Superhighway works.
2025-12-29T17:20:01.729305,TIMS-221854,Works,Minimal,"[A20] ELTHAM ROAD (SE12 ,SE3 ) (Greenwich,Lewisham)",['a20'],[A20] Eltham Road (Westbound) at the junction of Cambridge Drive - Lane restrictions to be implemented to facilitate SGN works. 
2025-12-29T17:20:01.729305,TIMS-221700,Works,Minimal,[A205] WALDRAM CRESCENT (SE23 ) (Lewisham),['a205'],[A205] Waldram Crescent (Both directions) at the junction of Stanstead Road - Contra-flow in operation to facilitate SGN works.
2025-12-29T17:20:01.729305,TIMS-221978,Works,Minimal,"[A3] BATTERSEA RISE (SW11 ,SW18 ) (Wandsworth)",['a205'],[A3] Battersea Rise (Both directions) at the junction of Bolingbroke Grove - There are 2-way temporary traffic lights at this location for Thames Water works. 
2025-12-29T17:20:01.729305,TIMS-209852,Works,Minimal,"[A3205] NINE ELMS LANE (SW11 ,SW8 ) (Lambeth,Wandsworth)","['a3', 'inner ring']",[A3205] Nine Elms Lane (Both directions) at the junction of Ponton Road - Lane closures in place to facilitate Urban Realm Works.
2025-12-29T17:20:01.729305,TIMS-220695,Works,Minimal,"[A41] FINCHLEY ROAD (NW3 ,NW6 ,NW8 ) (Camden)",['a41'],[A41] Finchley Road (Southbound) at the junction of [B511] College Crescent - Lanes one and two (of three) closed to facilitate emergency Thames Water works.
2025-12-29T17:20:01.729305,TIMS-221816,Works,Minimal,[A302] GROSVENOR GARDENS (SW1W ) (Westminster),['inner ring'],[A302] Grosvenor Gardens (Southbound) at the junction of [A302] Victoria Street - The right turn from Buckingham Palace Road into Grosvenor Gardens has been closed due to emergency repairs by Cadent Gas.
2025-12-29T17:20:01.729305,TIMS-222027,Works,Minimal,"[B212] STRATHEDEN ROAD (SE3 ) (Greenwich,Lewisham)",[],Thames Water works - [B212] Stratheden Road (Both directions) at the junction of [A2] Shooters Hill Road - The road is closed due to Thames Water works. 
2025-12-29T17:20:01.729305,TIMS-218924,Works,Minimal,[A206] WOOLWICH CHURCH STREET (SE18 ) (Greenwich),[],[A206] Woolwich Church Street (Both directions) at the junction of [A206] Woolwich Ferry Roundabout - Various restrictions in place to facilitate cycle lane works.
2025-12-29T17:20:01.729305,TIMS-219994,Works,Minimal,[A200] LOWER ROAD (SE16 ) (Southwark),[],[A200] Lower Road (Both directions) at the junction of Surrey Quays Road - Temporary traffic signals to be implemented to facilitate cable works. 
2025-12-29T17:20:01.729305,TIMS-219993,Works,Minimal,[A200] LOWER ROAD (SE16 ) (Southwark),[],[A200] Lower Road (Both directions) at the junction of Gomm Road - Temporary traffic signals to be implemented to facilitate cable works. 
2025-12-29T17:20:01.729305,TIMS-221911,Works,Minimal,SELBORNE ROAD (E17 ) (Waltham Forest),[],Selborne Road (Both directions) at the junction of Vernon Road - Temporary traffic signals in operation to facilitate Thames Water works. 
2025-12-29T17:20:01.729305,TIMS-220134,Works,Minimal,"[A206] WOOLWICH CHURCH STREET (SE18 ,SE7 ) (Greenwich)",[],[A206] Woolwich Church Street (Westbound) at the junction of Warspite Road - Lane restriction due to ongoing cycle scheme works.
2025-12-29T17:20:01.729305,TIMS-221797,Planned events,Minimal,HORSE GUARDS AVENUE (SW1A ) (Westminster),[],Horse Guards Avenue (Both directions) between [A3211] Victoria Embankment and Whitehall Court - The road will be closed to facilitate the build for New Year's Eve celebrations. 
2025-12-29T17:20:01.729305,TIMS-215004,Works,Minimal,"DU CANE ROAD (W12 ,W3 ) (Hammersmith & Fulham)",[],Du Cane Road (Both directions) at the junction of Hilary Road - Two-way temporary traffic signals are in operation for bridge works.
2025-12-29T17:20:01.729305,TIMS-219885,Works,Minimal,"[A1205] BURDETT ROAD (E1 ,E3 ) (Tower Hamlets)",[],[A1205] Burdett Road (Both directions) at the junction of [A11] Mile End Road - Lane restrictions in place to facilitate Thames Water works.
2025-12-29T17:20:01.729305,TIMS-221720,Works,Minimal,"[A112] PRINCE REGENT LANE (E13 ,E16 ) (Newham)",[],[A112] Prince Regent Lane (Northbound) at the junction of Churchill Road - Road closed northbound due to emergency Thames Water works.
2025-12-29T17:38:38.504386,TIMS-218732,Planned events,Serious,"[A4202] PARK LANE (W1J ,W1K ,W2 ) (Westminster)",['inner ring'],Winter Wonderland - Hyde Park - [A4202] Park Lane (All directions) at the junction of [A4202] Achilles Way - Winter Wonderland event has opened at 10:00
2025-12-29T17:38:38.504386,TIMS-206772,Works,Moderate,"[A12] EASTERN AVENUE EAST (RM2 ,RM3 ) (Havering)",['a12'],"Gallows Corner Flyover Refurbishment - [A12] Eastern Avenue East (All directions) at the junction of [A12] Colchester Road - Various restrictions, to facilitate the refurbishment of Gallows Corner Flyover. Full closure of the Flyover and the roundabout including all approaches in place."
2025-12-29T17:38:38.504386,TIMS-213893,Works,Moderate,"[A23] STREATHAM HILL (SW16 ,SW2 ) (Lambeth)",['a23'],"[A23] Streatham Hill (Both directions) between [A205] Christchurch Road and Leigham Court Road - Various restrictions for TfL works. Lane restrictions, in place over the course of the works. On 15/02/2026, 16/02/2026, 17/05/2026, 18/05/2026 there will be a full overnight closure. "
2025-12-29T17:38:38.504386,TIMS-200007,Works,Moderate,"KING WILLIAM STREET (EC3V,EC4N,EC4R) (City of London)",['bishopsgate cross route'],King William Street (Southbound) at the junction of Lombard Street - Road closed to facilitate urban realm works.
2025-12-29T17:38:38.504386,TIMS-216408,Works,Moderate,[A400] HAMPSTEAD ROAD (NW1 ) (Camden),['inner ring'],[A400] Hampstead Road (Both directions) at the junction of Robert Street - Temporary traffic signals and lane restrictions are in place for HS2 works.
2025-12-29T17:38:38.504386,TIMS-204461,Works,Moderate,"[A3203] LAMBETH BRIDGE (SE1 ,SW1P ) (Lambeth,Westminster)",['southern river route'],[A3203] Lambeth Bridge (Eastbound) between [A3036] A 3036 and [A3212] Millbank - Lane restrictions are in place at either side of the bridge for junction improvement works.
2025-12-29T17:38:38.504386,TIMS-221134,Network delays,Moderate,"[A101] ROTHERHITHE TUNNEL (E1W ,SE16 ) (Southwark,Tower Hamlets)",['southern river route'],"[A101] Rotherhithe Tunnel (Both directions) between [A200] Jamaica Road and [A13] Commercial Road - The Tunnel may be subject to short, intermittent closures"
2025-12-29T17:38:38.504386,TIMS-221661,Works,Moderate,[A308] KINGSTON HILL (KT2 ) (Kingston upon Thames),[],[A308] Kingston Hill (Both directions) at the junction of Park Road - Temporary traffic signals are in use to facilitate works. 
2025-12-29T17:38:38.504386,TIMS-220472,Hazards,Moderate,"[A4200] SOUTHAMPTON ROW (WC1A ,WC1B ,WC1N ,WC1V ) (Camden)",[],[A4200] Southampton Row (Both directions) between [A40] High Holborn and [A40] Vernon Place - The road is closed due to emergency UKPN works. Vernon Place westbound bus lane is also closed. 
2025-12-29T17:38:38.504386,TIMS-222032,Collisions,Moderate,[A2] BLACKHEATH ROAD (SE10 ) (Greenwich),['a2'],[A2] Blackheath Road (Both directions) between [A2211] Greenwich South Street and [A206] Greenwich High Road - The road is closed due to a collision.
2025-12-29T17:38:38.504386,TIMS-222012,Works,Minimal,[A212] CATFORD HILL (SE6 ) (Lewisham),['a205'],[A212] Catford Hill (Both directions) at the junction of Beechfield Road - Two way temporary traffic lights in place to facilitate Thames Water works. 
2025-12-29T17:38:38.504386,TIMS-221961,Network delays,Minimal,[A2204] FERRY APPROACH (SE18 ) (Greenwich),['a205'],[A2204] Ferry Approach (Both directions) at the junction of [A206] Woolwich Ferry Roundabout - The Woolwich Ferry is not in operation due to a power failure in the area. 
2025-12-29T17:38:38.504386,TIMS-221957,Works,Minimal,[A3] WANDSWORTH HIGH STREET (SW18 ) (Wandsworth),['a205'],[A3] Wandsworth High Street (Both directions) between [A3] West Hill and [A3] East Hill - Road closures in place due to a burst water main. 
2025-12-29T17:38:38.504386,TIMS-222025,Works,Minimal,[A22] GODSTONE ROAD (CR8 ) (Croydon),['a23'],"[A22] Godstone Road (Both directions) at the junction of Station Road - Two-way temporary signals in operation near Kenley station, due to burst water main repairs. "
2025-12-29T17:38:38.504386,TIMS-221773,Works,Minimal,"[A216] MITCHAM LANE (SW16 ) (Lambeth,Wandsworth)",['a23'],[A216] Mitcham Lane (Both directions) at the junction of Fernwood Avenue - Temporary signals in operation to facilitate repairs to a burst water main.
2025-12-29T17:38:38.504386,TIMS-222023,Works,Minimal,"[A40] WESTERN AVENUE (HA4 ,UB10 ) (Hillingdon)",['a40'],"[A40] Western Avenue (Westbound) at the junction of [A4180] West End Road - Lane one (of three) closure after the onslip from Polish War Memorial, due to urgent water main repairs. "
2025-12-29T17:38:38.504386,TIMS-210389,Works,Minimal,"[A40] WESTWAY (W10 ,W12 ) (Hammersmith & Fulham,Kensington & Chelsea)",['a40'],[A40] Westway (Eastbound) at the junction of [A3220] West Cross Route - The exit slip road to the Northern Roundabout is closed to facilitate repair works. 
2025-12-29T17:38:38.504386,TIMS-222024,Works,Minimal,"[A41] HENDON WAY (NW11 ,NW2 ) (Barnet)",['a41'],"[A41] Hendon Way (Northbound) at the junction of Ridge Hill - Lane one (of three) closure opposite the junction of Ridge Hill, due to urgent water leak repairs. "
2025-12-29T17:38:38.504386,TIMS-222029,Works,Minimal,"[A1203] THE HIGHWAY (E1 ,E1W ) (Tower Hamlets)",['city route'],"[A1203] The Highway (Westbound) at the junction of [A1202] Dock Street - Lane closure due to urgent UKPN cable repairs.
"
2025-12-29T17:38:38.504386,TIMS-216723,Works,Minimal,"TILLING ROAD (NW2 ,NW4 ) (Barnet)",[],Tilling Road (All approaches) at the junction of Claremont Road. - Temporary traffic signals in place to facilitate roadworks. 
2025-12-29T17:38:38.504386,TIMS-221963,Works,Minimal,JAIL LANE (TN16 ) (Bromley),[],Jail Lane (Both directions) at the junction of Old Tye Avenue - Road closed to facilitate Thames Water works. 
2025-12-29T17:38:38.504386,TIMS-221831,Works,Minimal,"PECKHAM RYE (SE15 ,SE22 ) (Southwark)",[],Peckham Rye (All directions) at the junction of [A2214] Nunhead Lane - Temporary traffic signals are in place to facilitate ermergency SGN works.
2025-12-29T17:38:38.504386,TIMS-220707,Planned events,Minimal,MILLENNIUM WAY (SE10 ) (Greenwich),[],Disney on Ice - The O2 - Millennium Way (All approaches) at the junction of Ordnance Crescent - Disney on Ice.
2025-12-29T17:38:38.504386,TIMS-212391,Works,Minimal,[A4020] UXBRIDGE ROAD (W12 ) (Hammersmith & Fulham),[],[A4020] Uxbridge Road (Both directions) at the junction of [A402] Shepherds Bush Green - Restrictions in place in various locations on Uxbridge Road and Shepherds Bush Green due to C34 cycle lane scheme works.
2025-12-29T17:38:38.504386,TIMS-217012,Works,Minimal,[A206] WOOLWICH ROAD (SE7 ) (Greenwich),[],[A206] Woolwich Road (Both directions) between Anchor & Hope Lane and John Wilson Street. - Lane restrictions to facilitate the construction of a segregated cycle lane. 
2025-12-29T17:38:38.504386,TIMS-213362,Works,Minimal,"[A107] MARE STREET (E8 ,E9 ) (Hackney)",[],"[A107] Mare Street (Both directions) between [A1207] Graham Road and [A107] Amhurst Road - Road is closed to facilitate urban realm works. Additionally, temporary signals are in place at the junction of Graham Road."
2025-12-29T17:38:38.504386,TIMS-220784,Works,Minimal,"[A1205] BURDETT ROAD (E1 ,E14 ,E3 ) (Tower Hamlets)",[],"[A1205] Burdett Road (Both directions) at the junction of [B140] St Pauls Way - Temporary traffic signals lane restrictions in use to facilitate Thames Water works. In addition, no access to St Paul's Way."
2025-12-29T17:38:38.504386,TIMS-219173,Works,Minimal,[A219] WOOD LANE (W12 ) (Hammersmith & Fulham),[],[A219] Wood Lane (Both directions) at the junction of [A40] Westway - Various carriageway and footway restrictions in place to facilitate Cycle Superhighway works.
2025-12-29T17:38:38.504386,TIMS-221854,Works,Minimal,"[A20] ELTHAM ROAD (SE12 ,SE3 ) (Greenwich,Lewisham)",['a20'],[A20] Eltham Road (Westbound) at the junction of Cambridge Drive - Lane restrictions to be implemented to facilitate SGN works. 
2025-12-29T17:38:38.504386,TIMS-221700,Works,Minimal,[A205] WALDRAM CRESCENT (SE23 ) (Lewisham),['a205'],[A205] Waldram Crescent (Both directions) at the junction of Stanstead Road - Contra-flow in operation to facilitate SGN works.
2025-12-29T17:38:38.504386,TIMS-221978,Works,Minimal,"[A3] BATTERSEA RISE (SW11 ,SW18 ) (Wandsworth)",['a205'],[A3] Battersea Rise (Both directions) at the junction of Bolingbroke Grove - There are 2-way temporary traffic lights at this location for Thames Water works. 
2025-12-29T17:38:38.504386,TIMS-209852,Works,Minimal,"[A3205] NINE ELMS LANE (SW11 ,SW8 ) (Lambeth,Wandsworth)","['a3', 'inner ring']",[A3205] Nine Elms Lane (Both directions) at the junction of Ponton Road - Lane closures in place to facilitate Urban Realm Works.
2025-12-29T17:38:38.504386,TIMS-220695,Works,Minimal,"[A41] FINCHLEY ROAD (NW3 ,NW6 ,NW8 ) (Camden)",['a41'],[A41] Finchley Road (Southbound) at the junction of [B511] College Crescent - Lanes one and two (of three) closed to facilitate emergency Thames Water works.
2025-12-29T17:38:38.504386,TIMS-221816,Works,Minimal,[A302] GROSVENOR GARDENS (SW1W ) (Westminster),['inner ring'],[A302] Grosvenor Gardens (Southbound) at the junction of [A302] Victoria Street - The right turn from Buckingham Palace Road into Grosvenor Gardens has been closed due to emergency repairs by Cadent Gas.
2025-12-29T17:38:38.504386,TIMS-222027,Works,Minimal,"[B212] STRATHEDEN ROAD (SE3 ) (Greenwich,Lewisham)",[],Thames Water works - [B212] Stratheden Road (Both directions) at the junction of [A2] Shooters Hill Road - The road is closed due to Thames Water works. 
2025-12-29T17:38:38.504386,TIMS-218924,Works,Minimal,[A206] WOOLWICH CHURCH STREET (SE18 ) (Greenwich),[],[A206] Woolwich Church Street (Both directions) at the junction of [A206] Woolwich Ferry Roundabout - Various restrictions in place to facilitate cycle lane works.
2025-12-29T17:38:38.504386,TIMS-219994,Works,Minimal,[A200] LOWER ROAD (SE16 ) (Southwark),[],[A200] Lower Road (Both directions) at the junction of Surrey Quays Road - Temporary traffic signals to be implemented to facilitate cable works. 
2025-12-29T17:38:38.504386,TIMS-219993,Works,Minimal,[A200] LOWER ROAD (SE16 ) (Southwark),[],[A200] Lower Road (Both directions) at the junction of Gomm Road - Temporary traffic signals to be implemented to facilitate cable works. 
2025-12-29T17:38:38.504386,TIMS-221911,Works,Minimal,SELBORNE ROAD (E17 ) (Waltham Forest),[],Selborne Road (Both directions) at the junction of Vernon Road - Temporary traffic signals in operation to facilitate Thames Water works. 
2025-12-29T17:38:38.504386,TIMS-220134,Works,Minimal,"[A206] WOOLWICH CHURCH STREET (SE18 ,SE7 ) (Greenwich)",[],[A206] Woolwich Church Street (Westbound) at the junction of Warspite Road - Lane restriction due to ongoing cycle scheme works.
2025-12-29T17:38:38.504386,TIMS-221797,Planned events,Minimal,HORSE GUARDS AVENUE (SW1A ) (Westminster),[],Horse Guards Avenue (Both directions) between [A3211] Victoria Embankment and Whitehall Court - The road will be closed to facilitate the build for New Year's Eve celebrations. 
2025-12-29T17:38:38.504386,TIMS-215004,Works,Minimal,"DU CANE ROAD (W12 ,W3 ) (Hammersmith & Fulham)",[],Du Cane Road (Both directions) at the junction of Hilary Road - Two-way temporary traffic signals are in operation for bridge works.
2025-12-29T17:38:38.504386,TIMS-219885,Works,Minimal,"[A1205] BURDETT ROAD (E1 ,E3 ) (Tower Hamlets)",[],[A1205] Burdett Road (Both directions) at the junction of [A11] Mile End Road - Lane restrictions in place to facilitate Thames Water works.
2025-12-29T17:38:38.504386,TIMS-221720,Works,Minimal,"[A112] PRINCE REGENT LANE (E13 ,E16 ) (Newham)",[],[A112] Prince Regent Lane (Northbound) at the junction of Churchill Road - Road closed northbound due to emergency Thames Water works.
2025-12-29T17:48:59.470397,TIMS-218732,Planned events,Serious,"[A4202] PARK LANE (W1J ,W1K ,W2 ) (Westminster)",['inner ring'],Winter Wonderland - Hyde Park - [A4202] Park Lane (All directions) at the junction of [A4202] Achilles Way - Winter Wonderland event has opened at 10:00
2025-12-29T17:48:59.470397,TIMS-206772,Works,Moderate,"[A12] EASTERN AVENUE EAST (RM2 ,RM3 ) (Havering)",['a12'],"Gallows Corner Flyover Refurbishment - [A12] Eastern Avenue East (All directions) at the junction of [A12] Colchester Road - Various restrictions, to facilitate the refurbishment of Gallows Corner Flyover. Full closure of the Flyover and the roundabout including all approaches in place."
2025-12-29T17:48:59.470397,TIMS-213893,Works,Moderate,"[A23] STREATHAM HILL (SW16 ,SW2 ) (Lambeth)",['a23'],"[A23] Streatham Hill (Both directions) between [A205] Christchurch Road and Leigham Court Road - Various restrictions for TfL works. Lane restrictions, in place over the course of the works. On 15/02/2026, 16/02/2026, 17/05/2026, 18/05/2026 there will be a full overnight closure. "
2025-12-29T17:48:59.470397,TIMS-200007,Works,Moderate,"KING WILLIAM STREET (EC3V,EC4N,EC4R) (City of London)",['bishopsgate cross route'],King William Street (Southbound) at the junction of Lombard Street - Road closed to facilitate urban realm works.
2025-12-29T17:48:59.470397,TIMS-216408,Works,Moderate,[A400] HAMPSTEAD ROAD (NW1 ) (Camden),['inner ring'],[A400] Hampstead Road (Both directions) at the junction of Robert Street - Temporary traffic signals and lane restrictions are in place for HS2 works.
2025-12-29T17:48:59.470397,TIMS-204461,Works,Moderate,"[A3203] LAMBETH BRIDGE (SE1 ,SW1P ) (Lambeth,Westminster)",['southern river route'],[A3203] Lambeth Bridge (Eastbound) between [A3036] A 3036 and [A3212] Millbank - Lane restrictions are in place at either side of the bridge for junction improvement works.
2025-12-29T17:48:59.470397,TIMS-221134,Network delays,Moderate,"[A101] ROTHERHITHE TUNNEL (E1W ,SE16 ) (Southwark,Tower Hamlets)",['southern river route'],"[A101] Rotherhithe Tunnel (Both directions) between [A200] Jamaica Road and [A13] Commercial Road - The Tunnel may be subject to short, intermittent closures"
2025-12-29T17:48:59.470397,TIMS-221661,Works,Moderate,[A308] KINGSTON HILL (KT2 ) (Kingston upon Thames),[],[A308] Kingston Hill (Both directions) at the junction of Park Road - Temporary traffic signals are in use to facilitate works. 
2025-12-29T17:48:59.470397,TIMS-220472,Hazards,Moderate,"[A4200] SOUTHAMPTON ROW (WC1A ,WC1B ,WC1N ,WC1V ) (Camden)",[],[A4200] Southampton Row (Both directions) between [A40] High Holborn and [A40] Vernon Place - The road is closed due to emergency UKPN works. Vernon Place westbound bus lane is also closed. 
2025-12-29T17:48:59.470397,TIMS-222032,Collisions,Moderate,[A2] BLACKHEATH ROAD (SE10 ) (Greenwich),['a2'],[A2] Blackheath Road (Both directions) between [A2211] Greenwich South Street and [A206] Greenwich High Road - The road is closed due to a collision.
2025-12-29T17:48:59.470397,TIMS-222012,Works,Minimal,[A212] CATFORD HILL (SE6 ) (Lewisham),['a205'],[A212] Catford Hill (Both directions) at the junction of Beechfield Road - Two way temporary traffic lights in place to facilitate Thames Water works. 
2025-12-29T17:48:59.470397,TIMS-221961,Network delays,Minimal,[A2204] FERRY APPROACH (SE18 ) (Greenwich),['a205'],[A2204] Ferry Approach (Both directions) at the junction of [A206] Woolwich Ferry Roundabout - The Woolwich Ferry is not in operation due to a power failure in the area. 
2025-12-29T17:48:59.470397,TIMS-221957,Works,Minimal,[A3] WANDSWORTH HIGH STREET (SW18 ) (Wandsworth),['a205'],[A3] Wandsworth High Street (Both directions) between [A3] West Hill and [A3] East Hill - Road closures in place due to a burst water main. 
2025-12-29T17:48:59.470397,TIMS-222025,Works,Minimal,[A22] GODSTONE ROAD (CR8 ) (Croydon),['a23'],"[A22] Godstone Road (Both directions) at the junction of Station Road - Two-way temporary signals in operation near Kenley station, due to burst water main repairs. "
2025-12-29T17:48:59.470397,TIMS-221773,Works,Minimal,"[A216] MITCHAM LANE (SW16 ) (Lambeth,Wandsworth)",['a23'],[A216] Mitcham Lane (Both directions) at the junction of Fernwood Avenue - Temporary signals in operation to facilitate repairs to a burst water main.
2025-12-29T17:48:59.470397,TIMS-222023,Works,Minimal,"[A40] WESTERN AVENUE (HA4 ,UB10 ) (Hillingdon)",['a40'],"[A40] Western Avenue (Westbound) at the junction of [A4180] West End Road - Lane one (of three) closure after the onslip from Polish War Memorial, due to urgent water main repairs. "
2025-12-29T17:48:59.470397,TIMS-210389,Works,Minimal,"[A40] WESTWAY (W10 ,W12 ) (Hammersmith & Fulham,Kensington & Chelsea)",['a40'],[A40] Westway (Eastbound) at the junction of [A3220] West Cross Route - The exit slip road to the Northern Roundabout is closed to facilitate repair works. 
2025-12-29T17:48:59.470397,TIMS-222024,Works,Minimal,"[A41] HENDON WAY (NW11 ,NW2 ) (Barnet)",['a41'],"[A41] Hendon Way (Northbound) at the junction of Ridge Hill - Lane one (of three) closure opposite the junction of Ridge Hill, due to urgent water leak repairs. "
2025-12-29T17:48:59.470397,TIMS-222029,Works,Minimal,"[A1203] THE HIGHWAY (E1 ,E1W ) (Tower Hamlets)",['city route'],"[A1203] The Highway (Westbound) at the junction of [A1202] Dock Street - Lane closure due to urgent UKPN cable repairs.
"
2025-12-29T17:48:59.470397,TIMS-216723,Works,Minimal,"TILLING ROAD (NW2 ,NW4 ) (Barnet)",[],Tilling Road (All approaches) at the junction of Claremont Road. - Temporary traffic signals in place to facilitate roadworks. 
2025-12-29T17:48:59.470397,TIMS-221963,Works,Minimal,JAIL LANE (TN16 ) (Bromley),[],Jail Lane (Both directions) at the junction of Old Tye Avenue - Road closed to facilitate Thames Water works. 
2025-12-29T17:48:59.470397,TIMS-221831,Works,Minimal,"PECKHAM RYE (SE15 ,SE22 ) (Southwark)",[],Peckham Rye (All directions) at the junction of [A2214] Nunhead Lane - Temporary traffic signals are in place to facilitate ermergency SGN works.
2025-12-29T17:48:59.470397,TIMS-220707,Planned events,Minimal,MILLENNIUM WAY (SE10 ) (Greenwich),[],Disney on Ice - The O2 - Millennium Way (All approaches) at the junction of Ordnance Crescent - Disney on Ice.
2025-12-29T17:48:59.470397,TIMS-212391,Works,Minimal,[A4020] UXBRIDGE ROAD (W12 ) (Hammersmith & Fulham),[],[A4020] Uxbridge Road (Both directions) at the junction of [A402] Shepherds Bush Green - Restrictions in place in various locations on Uxbridge Road and Shepherds Bush Green due to C34 cycle lane scheme works.
2025-12-29T17:48:59.470397,TIMS-217012,Works,Minimal,[A206] WOOLWICH ROAD (SE7 ) (Greenwich),[],[A206] Woolwich Road (Both directions) between Anchor & Hope Lane and John Wilson Street. - Lane restrictions to facilitate the construction of a segregated cycle lane. 
2025-12-29T17:48:59.470397,TIMS-213362,Works,Minimal,"[A107] MARE STREET (E8 ,E9 ) (Hackney)",[],"[A107] Mare Street (Both directions) between [A1207] Graham Road and [A107] Amhurst Road - Road is closed to facilitate urban realm works. Additionally, temporary signals are in place at the junction of Graham Road."
2025-12-29T17:48:59.470397,TIMS-220784,Works,Minimal,"[A1205] BURDETT ROAD (E1 ,E14 ,E3 ) (Tower Hamlets)",[],"[A1205] Burdett Road (Both directions) at the junction of [B140] St Pauls Way - Temporary traffic signals lane restrictions in use to facilitate Thames Water works. In addition, no access to St Paul's Way."
2025-12-29T17:48:59.470397,TIMS-219173,Works,Minimal,[A219] WOOD LANE (W12 ) (Hammersmith & Fulham),[],[A219] Wood Lane (Both directions) at the junction of [A40] Westway - Various carriageway and footway restrictions in place to facilitate Cycle Superhighway works.
2025-12-29T17:48:59.470397,TIMS-221854,Works,Minimal,"[A20] ELTHAM ROAD (SE12 ,SE3 ) (Greenwich,Lewisham)",['a20'],[A20] Eltham Road (Westbound) at the junction of Cambridge Drive - Lane restrictions to be implemented to facilitate SGN works. 
2025-12-29T17:48:59.470397,TIMS-221700,Works,Minimal,[A205] WALDRAM CRESCENT (SE23 ) (Lewisham),['a205'],[A205] Waldram Crescent (Both directions) at the junction of Stanstead Road - Contra-flow in operation to facilitate SGN works.
2025-12-29T17:48:59.470397,TIMS-221978,Works,Minimal,"[A3] BATTERSEA RISE (SW11 ,SW18 ) (Wandsworth)",['a205'],[A3] Battersea Rise (Both directions) at the junction of Bolingbroke Grove - There are 2-way temporary traffic lights at this location for Thames Water works. 
2025-12-29T17:48:59.470397,TIMS-209852,Works,Minimal,"[A3205] NINE ELMS LANE (SW11 ,SW8 ) (Lambeth,Wandsworth)","['a3', 'inner ring']",[A3205] Nine Elms Lane (Both directions) at the junction of Ponton Road - Lane closures in place to facilitate Urban Realm Works.
2025-12-29T17:48:59.470397,TIMS-220695,Works,Minimal,"[A41] FINCHLEY ROAD (NW3 ,NW6 ,NW8 ) (Camden)",['a41'],[A41] Finchley Road (Southbound) at the junction of [B511] College Crescent - Lanes one and two (of three) closed to facilitate emergency Thames Water works.
2025-12-29T17:48:59.470397,TIMS-221816,Works,Minimal,[A302] GROSVENOR GARDENS (SW1W ) (Westminster),['inner ring'],[A302] Grosvenor Gardens (Southbound) at the junction of [A302] Victoria Street - The right turn from Buckingham Palace Road into Grosvenor Gardens has been closed due to emergency repairs by Cadent Gas.
2025-12-29T17:48:59.470397,TIMS-222027,Works,Minimal,"[B212] STRATHEDEN ROAD (SE3 ) (Greenwich,Lewisham)",[],Thames Water works - [B212] Stratheden Road (Both directions) at the junction of [A2] Shooters Hill Road - The road is closed due to Thames Water works. 
2025-12-29T17:48:59.470397,TIMS-218924,Works,Minimal,[A206] WOOLWICH CHURCH STREET (SE18 ) (Greenwich),[],[A206] Woolwich Church Street (Both directions) at the junction of [A206] Woolwich Ferry Roundabout - Various restrictions in place to facilitate cycle lane works.
2025-12-29T17:48:59.470397,TIMS-219994,Works,Minimal,[A200] LOWER ROAD (SE16 ) (Southwark),[],[A200] Lower Road (Both directions) at the junction of Surrey Quays Road - Temporary traffic signals to be implemented to facilitate cable works. 
2025-12-29T17:48:59.470397,TIMS-219993,Works,Minimal,[A200] LOWER ROAD (SE16 ) (Southwark),[],[A200] Lower Road (Both directions) at the junction of Gomm Road - Temporary traffic signals to be implemented to facilitate cable works. 
2025-12-29T17:48:59.470397,TIMS-221911,Works,Minimal,SELBORNE ROAD (E17 ) (Waltham Forest),[],Selborne Road (Both directions) at the junction of Vernon Road - Temporary traffic signals in operation to facilitate Thames Water works. 
2025-12-29T17:48:59.470397,TIMS-220134,Works,Minimal,"[A206] WOOLWICH CHURCH STREET (SE18 ,SE7 ) (Greenwich)",[],[A206] Woolwich Church Street (Westbound) at the junction of Warspite Road - Lane restriction due to ongoing cycle scheme works.
2025-12-29T17:48:59.470397,TIMS-221797,Planned events,Minimal,HORSE GUARDS AVENUE (SW1A ) (Westminster),[],Horse Guards Avenue (Both directions) between [A3211] Victoria Embankment and Whitehall Court - The road will be closed to facilitate the build for New Year's Eve celebrations. 
2025-12-29T17:48:59.470397,TIMS-215004,Works,Minimal,"DU CANE ROAD (W12 ,W3 ) (Hammersmith & Fulham)",[],Du Cane Road (Both directions) at the junction of Hilary Road - Two-way temporary traffic signals are in operation for bridge works.
2025-12-29T17:48:59.470397,TIMS-219885,Works,Minimal,"[A1205] BURDETT ROAD (E1 ,E3 ) (Tower Hamlets)",[],[A1205] Burdett Road (Both directions) at the junction of [A11] Mile End Road - Lane restrictions in place to facilitate Thames Water works.
2025-12-29T17:48:59.470397,TIMS-221720,Works,Minimal,"[A112] PRINCE REGENT LANE (E13 ,E16 ) (Newham)",[],[A112] Prince Regent Lane (Northbound) at the junction of Churchill Road - Road closed northbound due to emergency Thames Water works.
2025-12-29T17:56:57.847169,TIMS-218732,Planned events,Serious,"[A4202] PARK LANE (W1J ,W1K ,W2 ) (Westminster)",['inner ring'],Winter Wonderland - Hyde Park - [A4202] Park Lane (All directions) at the junction of [A4202] Achilles Way - Winter Wonderland event has opened at 10:00
2025-12-29T17:56:57.847169,TIMS-206772,Works,Moderate,"[A12] EASTERN AVENUE EAST (RM2 ,RM3 ) (Havering)",['a12'],"Gallows Corner Flyover Refurbishment - [A12] Eastern Avenue East (All directions) at the junction of [A12] Colchester Road - Various restrictions, to facilitate the refurbishment of Gallows Corner Flyover. Full closure of the Flyover and the roundabout including all approaches in place."
2025-12-29T17:56:57.847169,TIMS-213893,Works,Moderate,"[A23] STREATHAM HILL (SW16 ,SW2 ) (Lambeth)",['a23'],"[A23] Streatham Hill (Both directions) between [A205] Christchurch Road and Leigham Court Road - Various restrictions for TfL works. Lane restrictions, in place over the course of the works. On 15/02/2026, 16/02/2026, 17/05/2026, 18/05/2026 there will be a full overnight closure. "
2025-12-29T17:56:57.847169,TIMS-200007,Works,Moderate,"KING WILLIAM STREET (EC3V,EC4N,EC4R) (City of London)",['bishopsgate cross route'],King William Street (Southbound) at the junction of Lombard Street - Road closed to facilitate urban realm works.
2025-12-29T17:56:57.847169,TIMS-216408,Works,Moderate,[A400] HAMPSTEAD ROAD (NW1 ) (Camden),['inner ring'],[A400] Hampstead Road (Both directions) at the junction of Robert Street - Temporary traffic signals and lane restrictions are in place for HS2 works.
2025-12-29T17:56:57.847169,TIMS-204461,Works,Moderate,"[A3203] LAMBETH BRIDGE (SE1 ,SW1P ) (Lambeth,Westminster)",['southern river route'],[A3203] Lambeth Bridge (Eastbound) between [A3036] A 3036 and [A3212] Millbank - Lane restrictions are in place at either side of the bridge for junction improvement works.
2025-12-29T17:56:57.847169,TIMS-221134,Network delays,Moderate,"[A101] ROTHERHITHE TUNNEL (E1W ,SE16 ) (Southwark,Tower Hamlets)",['southern river route'],"[A101] Rotherhithe Tunnel (Both directions) between [A200] Jamaica Road and [A13] Commercial Road - The Tunnel may be subject to short, intermittent closures"
2025-12-29T17:56:57.847169,TIMS-221661,Works,Moderate,[A308] KINGSTON HILL (KT2 ) (Kingston upon Thames),[],[A308] Kingston Hill (Both directions) at the junction of Park Road - Temporary traffic signals are in use to facilitate works. 
2025-12-29T17:56:57.847169,TIMS-220472,Hazards,Moderate,"[A4200] SOUTHAMPTON ROW (WC1A ,WC1B ,WC1N ,WC1V ) (Camden)",[],[A4200] Southampton Row (Both directions) between [A40] High Holborn and [A40] Vernon Place - The road is closed due to emergency UKPN works. Vernon Place westbound bus lane is also closed. 
2025-12-29T17:56:57.847169,TIMS-222032,Collisions,Moderate,[A2] BLACKHEATH ROAD (SE10 ) (Greenwich),['a2'],[A2] Blackheath Road (Both directions) between [A2211] Greenwich South Street and [A206] Greenwich High Road - The road is open following an earlier collision.
2025-12-29T17:56:57.847169,TIMS-222012,Works,Minimal,[A212] CATFORD HILL (SE6 ) (Lewisham),['a205'],[A212] Catford Hill (Both directions) at the junction of Beechfield Road - Two way temporary traffic lights in place to facilitate Thames Water works. 
2025-12-29T17:56:57.847169,TIMS-221961,Network delays,Minimal,[A2204] FERRY APPROACH (SE18 ) (Greenwich),['a205'],[A2204] Ferry Approach (Both directions) at the junction of [A206] Woolwich Ferry Roundabout - The Woolwich Ferry is not in operation due to a power failure in the area. 
2025-12-29T17:56:57.847169,TIMS-221957,Works,Minimal,[A3] WANDSWORTH HIGH STREET (SW18 ) (Wandsworth),['a205'],[A3] Wandsworth High Street (Both directions) between [A3] West Hill and [A3] East Hill - Road closures in place due to a burst water main. 
2025-12-29T17:56:57.847169,TIMS-222025,Works,Minimal,[A22] GODSTONE ROAD (CR8 ) (Croydon),['a23'],"[A22] Godstone Road (Both directions) at the junction of Station Road - Two-way temporary signals in operation near Kenley station, due to burst water main repairs. "
2025-12-29T17:56:57.847169,TIMS-221773,Works,Minimal,"[A216] MITCHAM LANE (SW16 ) (Lambeth,Wandsworth)",['a23'],[A216] Mitcham Lane (Both directions) at the junction of Fernwood Avenue - Temporary signals in operation to facilitate repairs to a burst water main.
2025-12-29T17:56:57.847169,TIMS-222023,Works,Minimal,"[A40] WESTERN AVENUE (HA4 ,UB10 ) (Hillingdon)",['a40'],"[A40] Western Avenue (Westbound) at the junction of [A4180] West End Road - Lane one (of three) closure after the onslip from Polish War Memorial, due to urgent water main repairs. "
2025-12-29T17:56:57.847169,TIMS-210389,Works,Minimal,"[A40] WESTWAY (W10 ,W12 ) (Hammersmith & Fulham,Kensington & Chelsea)",['a40'],[A40] Westway (Eastbound) at the junction of [A3220] West Cross Route - The exit slip road to the Northern Roundabout is closed to facilitate repair works. 
2025-12-29T17:56:57.847169,TIMS-222024,Works,Minimal,"[A41] HENDON WAY (NW11 ,NW2 ) (Barnet)",['a41'],"[A41] Hendon Way (Northbound) at the junction of Ridge Hill - Lane one (of three) closure opposite the junction of Ridge Hill, due to urgent water leak repairs. "
2025-12-29T17:56:57.847169,TIMS-222029,Works,Minimal,"[A1203] THE HIGHWAY (E1 ,E1W ) (Tower Hamlets)",['city route'],"[A1203] The Highway (Westbound) at the junction of [A1202] Dock Street - Lane closure due to urgent UKPN cable repairs.
"
2025-12-29T17:56:57.847169,TIMS-216723,Works,Minimal,"TILLING ROAD (NW2 ,NW4 ) (Barnet)",[],Tilling Road (All approaches) at the junction of Claremont Road. - Temporary traffic signals in place to facilitate roadworks. 
2025-12-29T17:56:57.847169,TIMS-221963,Works,Minimal,JAIL LANE (TN16 ) (Bromley),[],Jail Lane (Both directions) at the junction of Old Tye Avenue - Road closed to facilitate Thames Water works. 
2025-12-29T17:56:57.847169,TIMS-221831,Works,Minimal,"PECKHAM RYE (SE15 ,SE22 ) (Southwark)",[],Peckham Rye (All directions) at the junction of [A2214] Nunhead Lane - Temporary traffic signals are in place to facilitate ermergency SGN works.
2025-12-29T17:56:57.847169,TIMS-220707,Planned events,Minimal,MILLENNIUM WAY (SE10 ) (Greenwich),[],Disney on Ice - The O2 - Millennium Way (All approaches) at the junction of Ordnance Crescent - Disney on Ice.
2025-12-29T17:56:57.847169,TIMS-212391,Works,Minimal,[A4020] UXBRIDGE ROAD (W12 ) (Hammersmith & Fulham),[],[A4020] Uxbridge Road (Both directions) at the junction of [A402] Shepherds Bush Green - Restrictions in place in various locations on Uxbridge Road and Shepherds Bush Green due to C34 cycle lane scheme works.
2025-12-29T17:56:57.847169,TIMS-217012,Works,Minimal,[A206] WOOLWICH ROAD (SE7 ) (Greenwich),[],[A206] Woolwich Road (Both directions) between Anchor & Hope Lane and John Wilson Street. - Lane restrictions to facilitate the construction of a segregated cycle lane. 
2025-12-29T17:56:57.847169,TIMS-213362,Works,Minimal,"[A107] MARE STREET (E8 ,E9 ) (Hackney)",[],"[A107] Mare Street (Both directions) between [A1207] Graham Road and [A107] Amhurst Road - Road is closed to facilitate urban realm works. Additionally, temporary signals are in place at the junction of Graham Road."
2025-12-29T17:56:57.847169,TIMS-220784,Works,Minimal,"[A1205] BURDETT ROAD (E1 ,E14 ,E3 ) (Tower Hamlets)",[],"[A1205] Burdett Road (Both directions) at the junction of [B140] St Pauls Way - Temporary traffic signals lane restrictions in use to facilitate Thames Water works. In addition, no access to St Paul's Way."
2025-12-29T17:56:57.847169,TIMS-219173,Works,Minimal,[A219] WOOD LANE (W12 ) (Hammersmith & Fulham),[],[A219] Wood Lane (Both directions) at the junction of [A40] Westway - Various carriageway and footway restrictions in place to facilitate Cycle Superhighway works.
2025-12-29T17:56:57.847169,TIMS-221854,Works,Minimal,"[A20] ELTHAM ROAD (SE12 ,SE3 ) (Greenwich,Lewisham)",['a20'],[A20] Eltham Road (Westbound) at the junction of Cambridge Drive - Lane restrictions to be implemented to facilitate SGN works. 
2025-12-29T17:56:57.847169,TIMS-221700,Works,Minimal,[A205] WALDRAM CRESCENT (SE23 ) (Lewisham),['a205'],[A205] Waldram Crescent (Both directions) at the junction of Stanstead Road - Contra-flow in operation to facilitate SGN works.
2025-12-29T17:56:57.847169,TIMS-221978,Works,Minimal,"[A3] BATTERSEA RISE (SW11 ,SW18 ) (Wandsworth)",['a205'],[A3] Battersea Rise (Both directions) at the junction of Bolingbroke Grove - There are 2-way temporary traffic lights at this location for Thames Water works. 
2025-12-29T17:56:57.847169,TIMS-209852,Works,Minimal,"[A3205] NINE ELMS LANE (SW11 ,SW8 ) (Lambeth,Wandsworth)","['a3', 'inner ring']",[A3205] Nine Elms Lane (Both directions) at the junction of Ponton Road - Lane closures in place to facilitate Urban Realm Works.
2025-12-29T17:56:57.847169,TIMS-220695,Works,Minimal,"[A41] FINCHLEY ROAD (NW3 ,NW6 ,NW8 ) (Camden)",['a41'],[A41] Finchley Road (Southbound) at the junction of [B511] College Crescent - Lanes one and two (of three) closed to facilitate emergency Thames Water works.
2025-12-29T17:56:57.847169,TIMS-221816,Works,Minimal,[A302] GROSVENOR GARDENS (SW1W ) (Westminster),['inner ring'],[A302] Grosvenor Gardens (Southbound) at the junction of [A302] Victoria Street - The right turn from Buckingham Palace Road into Grosvenor Gardens has been closed due to emergency repairs by Cadent Gas.
2025-12-29T17:56:57.847169,TIMS-222027,Works,Minimal,"[B212] STRATHEDEN ROAD (SE3 ) (Greenwich,Lewisham)",[],Thames Water works - [B212] Stratheden Road (Both directions) at the junction of [A2] Shooters Hill Road - The road is closed due to Thames Water works. 
2025-12-29T17:56:57.847169,TIMS-218924,Works,Minimal,[A206] WOOLWICH CHURCH STREET (SE18 ) (Greenwich),[],[A206] Woolwich Church Street (Both directions) at the junction of [A206] Woolwich Ferry Roundabout - Various restrictions in place to facilitate cycle lane works.
2025-12-29T17:56:57.847169,TIMS-219994,Works,Minimal,[A200] LOWER ROAD (SE16 ) (Southwark),[],[A200] Lower Road (Both directions) at the junction of Surrey Quays Road - Temporary traffic signals to be implemented to facilitate cable works. 
2025-12-29T17:56:57.847169,TIMS-219993,Works,Minimal,[A200] LOWER ROAD (SE16 ) (Southwark),[],[A200] Lower Road (Both directions) at the junction of Gomm Road - Temporary traffic signals to be implemented to facilitate cable works. 
2025-12-29T17:56:57.847169,TIMS-221911,Works,Minimal,SELBORNE ROAD (E17 ) (Waltham Forest),[],Selborne Road (Both directions) at the junction of Vernon Road - Temporary traffic signals in operation to facilitate Thames Water works. 
2025-12-29T17:56:57.847169,TIMS-220134,Works,Minimal,"[A206] WOOLWICH CHURCH STREET (SE18 ,SE7 ) (Greenwich)",[],[A206] Woolwich Church Street (Westbound) at the junction of Warspite Road - Lane restriction due to ongoing cycle scheme works.
2025-12-29T17:56:57.847169,TIMS-221797,Planned events,Minimal,HORSE GUARDS AVENUE (SW1A ) (Westminster),[],Horse Guards Avenue (Both directions) between [A3211] Victoria Embankment and Whitehall Court - The road will be closed to facilitate the build for New Year's Eve celebrations. 
2025-12-29T17:56:57.847169,TIMS-215004,Works,Minimal,"DU CANE ROAD (W12 ,W3 ) (Hammersmith & Fulham)",[],Du Cane Road (Both directions) at the junction of Hilary Road - Two-way temporary traffic signals are in operation for bridge works.
2025-12-29T17:56:57.847169,TIMS-219885,Works,Minimal,"[A1205] BURDETT ROAD (E1 ,E3 ) (Tower Hamlets)",[],[A1205] Burdett Road (Both directions) at the junction of [A11] Mile End Road - Lane restrictions in place to facilitate Thames Water works.
2025-12-29T17:56:57.847169,TIMS-221720,Works,Minimal,"[A112] PRINCE REGENT LANE (E13 ,E16 ) (Newham)",[],[A112] Prince Regent Lane (Northbound) at the junction of Churchill Road - Road closed northbound due to emergency Thames Water works.
2025-12-29T18:27:36.219225,TIMS-218732,Planned events,Serious,"[A4202] PARK LANE (W1J ,W1K ,W2 ) (Westminster)",['inner ring'],Winter Wonderland - Hyde Park - [A4202] Park Lane (All directions) at the junction of [A4202] Achilles Way - Winter Wonderland event has opened at 10:00
2025-12-29T18:27:36.219225,TIMS-206772,Works,Moderate,"[A12] EASTERN AVENUE EAST (RM2 ,RM3 ) (Havering)",['a12'],"Gallows Corner Flyover Refurbishment - [A12] Eastern Avenue East (All directions) at the junction of [A12] Colchester Road - Various restrictions, to facilitate the refurbishment of Gallows Corner Flyover. Full closure of the Flyover and the roundabout including all approaches in place."
2025-12-29T18:27:36.219225,TIMS-213893,Works,Moderate,"[A23] STREATHAM HILL (SW16 ,SW2 ) (Lambeth)",['a23'],"[A23] Streatham Hill (Both directions) between [A205] Christchurch Road and Leigham Court Road - Various restrictions for TfL works. Lane restrictions, in place over the course of the works. On 15/02/2026, 16/02/2026, 17/05/2026, 18/05/2026 there will be a full overnight closure. "
2025-12-29T18:27:36.219225,TIMS-200007,Works,Moderate,"KING WILLIAM STREET (EC3V,EC4N,EC4R) (City of London)",['bishopsgate cross route'],King William Street (Southbound) at the junction of Lombard Street - Road closed to facilitate urban realm works.
2025-12-29T18:27:36.219225,TIMS-216408,Works,Moderate,[A400] HAMPSTEAD ROAD (NW1 ) (Camden),['inner ring'],[A400] Hampstead Road (Both directions) at the junction of Robert Street - Temporary traffic signals and lane restrictions are in place for HS2 works.
2025-12-29T18:27:36.219225,TIMS-204461,Works,Moderate,"[A3203] LAMBETH BRIDGE (SE1 ,SW1P ) (Lambeth,Westminster)",['southern river route'],[A3203] Lambeth Bridge (Eastbound) between [A3036] A 3036 and [A3212] Millbank - Lane restrictions are in place at either side of the bridge for junction improvement works.
2025-12-29T18:27:36.219225,TIMS-221134,Network delays,Moderate,"[A101] ROTHERHITHE TUNNEL (E1W ,SE16 ) (Southwark,Tower Hamlets)",['southern river route'],"[A101] Rotherhithe Tunnel (Both directions) between [A200] Jamaica Road and [A13] Commercial Road - The Tunnel may be subject to short, intermittent closures"
2025-12-29T18:27:36.219225,TIMS-220472,Hazards,Moderate,"[A4200] SOUTHAMPTON ROW (WC1A ,WC1B ,WC1N ,WC1V ) (Camden)",[],[A4200] Southampton Row (Both directions) between [A40] High Holborn and [A40] Vernon Place - The road is closed due to emergency UKPN works. Vernon Place westbound bus lane is also closed. 
2025-12-29T18:27:36.219225,TIMS-221661,Works,Moderate,[A308] KINGSTON HILL (KT2 ) (Kingston upon Thames),[],[A308] Kingston Hill (Both directions) at the junction of Park Road - Temporary traffic signals are in use to facilitate works. 
2025-12-29T18:27:36.219225,TIMS-221961,Network delays,Minimal,[A2204] FERRY APPROACH (SE18 ) (Greenwich),['a205'],[A2204] Ferry Approach (Both directions) at the junction of [A206] Woolwich Ferry Roundabout - The Woolwich Ferry is not in operation due to a power failure in the area. 
2025-12-29T18:27:36.219225,TIMS-221957,Works,Minimal,[A3] WANDSWORTH HIGH STREET (SW18 ) (Wandsworth),['a205'],[A3] Wandsworth High Street (Both directions) between [A3] West Hill and [A3] East Hill - Road closures in place due to a burst water main. 
2025-12-29T18:27:36.219225,TIMS-222012,Works,Minimal,[A212] CATFORD HILL (SE6 ) (Lewisham),['a205'],[A212] Catford Hill (Both directions) at the junction of Beechfield Road - Two way temporary traffic lights in place to facilitate Thames Water works. 
2025-12-29T18:27:36.219225,TIMS-222025,Works,Minimal,[A22] GODSTONE ROAD (CR8 ) (Croydon),['a23'],"[A22] Godstone Road (Both directions) at the junction of Station Road - Two-way temporary signals in operation near Kenley station, due to burst water main repairs. "
2025-12-29T18:27:36.219225,TIMS-221773,Works,Minimal,"[A216] MITCHAM LANE (SW16 ) (Lambeth,Wandsworth)",['a23'],[A216] Mitcham Lane (Both directions) at the junction of Fernwood Avenue - Temporary signals in operation to facilitate repairs to a burst water main.
2025-12-29T18:27:36.219225,TIMS-222023,Works,Minimal,"[A40] WESTERN AVENUE (HA4 ,UB10 ) (Hillingdon)",['a40'],"[A40] Western Avenue (Westbound) at the junction of [A4180] West End Road - Lane one (of three) closure after the onslip from Polish War Memorial, due to urgent water main repairs. "
2025-12-29T18:27:36.219225,TIMS-210389,Works,Minimal,"[A40] WESTWAY (W10 ,W12 ) (Hammersmith & Fulham,Kensington & Chelsea)",['a40'],[A40] Westway (Eastbound) at the junction of [A3220] West Cross Route - The exit slip road to the Northern Roundabout is closed to facilitate repair works. 
2025-12-29T18:27:36.219225,TIMS-222024,Works,Minimal,"[A41] HENDON WAY (NW11 ,NW2 ) (Barnet)",['a41'],"[A41] Hendon Way (Northbound) at the junction of Ridge Hill - Lane one (of three) closure opposite the junction of Ridge Hill, due to urgent water leak repairs. "
2025-12-29T18:27:36.219225,TIMS-222029,Works,Minimal,"[A1203] THE HIGHWAY (E1 ,E1W ) (Tower Hamlets)",['city route'],"[A1203] The Highway (Westbound) at the junction of [A1202] Dock Street - Lane closure due to urgent UKPN cable repairs.
"
2025-12-29T18:27:36.219225,TIMS-220784,Works,Minimal,"[A1205] BURDETT ROAD (E1 ,E14 ,E3 ) (Tower Hamlets)",[],"[A1205] Burdett Road (Both directions) at the junction of [B140] St Pauls Way - Temporary traffic signals lane restrictions in use to facilitate Thames Water works. In addition, no access to St Paul's Way."
2025-12-29T18:27:36.219225,TIMS-221831,Works,Minimal,"PECKHAM RYE (SE15 ,SE22 ) (Southwark)",[],Peckham Rye (All directions) at the junction of [A2214] Nunhead Lane - Temporary traffic signals are in place to facilitate ermergency SGN works.
2025-12-29T18:27:36.219225,TIMS-221963,Works,Minimal,JAIL LANE (TN16 ) (Bromley),[],Jail Lane (Both directions) at the junction of Old Tye Avenue - Road closed to facilitate Thames Water works. 
2025-12-29T18:27:36.219225,TIMS-220707,Planned events,Minimal,MILLENNIUM WAY (SE10 ) (Greenwich),[],Disney on Ice - The O2 - Millennium Way (All approaches) at the junction of Ordnance Crescent - Disney on Ice.
2025-12-29T18:27:36.219225,TIMS-212391,Works,Minimal,[A4020] UXBRIDGE ROAD (W12 ) (Hammersmith & Fulham),[],[A4020] Uxbridge Road (Both directions) at the junction of [A402] Shepherds Bush Green - Restrictions in place in various locations on Uxbridge Road and Shepherds Bush Green due to C34 cycle lane scheme works.
2025-12-29T18:27:36.219225,TIMS-213362,Works,Minimal,"[A107] MARE STREET (E8 ,E9 ) (Hackney)",[],"[A107] Mare Street (Both directions) between [A1207] Graham Road and [A107] Amhurst Road - Road is closed to facilitate urban realm works. Additionally, temporary signals are in place at the junction of Graham Road."
2025-12-29T18:27:36.219225,TIMS-219173,Works,Minimal,[A219] WOOD LANE (W12 ) (Hammersmith & Fulham),[],[A219] Wood Lane (Both directions) at the junction of [A40] Westway - Various carriageway and footway restrictions in place to facilitate Cycle Superhighway works.
2025-12-29T18:27:36.219225,TIMS-217012,Works,Minimal,[A206] WOOLWICH ROAD (SE7 ) (Greenwich),[],[A206] Woolwich Road (Both directions) between Anchor & Hope Lane and John Wilson Street. - Lane restrictions to facilitate the construction of a segregated cycle lane. 
2025-12-29T18:27:36.219225,TIMS-216723,Works,Minimal,"TILLING ROAD (NW2 ,NW4 ) (Barnet)",[],Tilling Road (All approaches) at the junction of Claremont Road. - Temporary traffic signals in place to facilitate roadworks. 
2025-12-29T18:27:36.219225,TIMS-222039,Collisions,Moderate,"[A406] ANGEL ROAD (E4 ,N18 ) (Enfield)",['a406'],[A406] Angel Road (Westbound) at the junction of [A1055] Meridian Way - Road closed due to a collision. Argon Road is also closed in both directions between Meridian Way and Cooks Ferry. 
2025-12-29T18:27:36.219225,TIMS-221854,Works,Minimal,"[A20] ELTHAM ROAD (SE12 ,SE3 ) (Greenwich,Lewisham)",['a20'],[A20] Eltham Road (Westbound) at the junction of Cambridge Drive - Lane restrictions to be implemented to facilitate SGN works. 
2025-12-29T18:27:36.219225,TIMS-221700,Works,Minimal,[A205] WALDRAM CRESCENT (SE23 ) (Lewisham),['a205'],[A205] Waldram Crescent (Both directions) at the junction of Stanstead Road - Contra-flow in operation to facilitate SGN works.
2025-12-29T18:27:36.219225,TIMS-221978,Works,Minimal,"[A3] BATTERSEA RISE (SW11 ,SW18 ) (Wandsworth)",['a205'],[A3] Battersea Rise (Both directions) at the junction of Bolingbroke Grove - There are 2-way temporary traffic lights at this location for Thames Water works. 
2025-12-29T18:27:36.219225,TIMS-209852,Works,Minimal,"[A3205] NINE ELMS LANE (SW11 ,SW8 ) (Lambeth,Wandsworth)","['a3', 'inner ring']",[A3205] Nine Elms Lane (Both directions) at the junction of Ponton Road - Lane closures in place to facilitate Urban Realm Works.
2025-12-29T18:27:36.219225,TIMS-220695,Works,Minimal,"[A41] FINCHLEY ROAD (NW3 ,NW6 ,NW8 ) (Camden)",['a41'],[A41] Finchley Road (Southbound) at the junction of [B511] College Crescent - Lanes one and two (of three) closed to facilitate emergency Thames Water works.
2025-12-29T18:27:36.219225,TIMS-221816,Works,Minimal,[A302] GROSVENOR GARDENS (SW1W ) (Westminster),['inner ring'],[A302] Grosvenor Gardens (Southbound) at the junction of [A302] Victoria Street - The right turn from Buckingham Palace Road into Grosvenor Gardens has been closed due to emergency repairs by Cadent Gas.
2025-12-29T18:27:36.219225,TIMS-222027,Works,Minimal,"[B212] STRATHEDEN ROAD (SE3 ) (Greenwich,Lewisham)",[],Thames Water works - [B212] Stratheden Road (Both directions) at the junction of [A2] Shooters Hill Road - The road is closed due to Thames Water works. 
2025-12-29T18:27:36.219225,TIMS-215004,Works,Minimal,"DU CANE ROAD (W12 ,W3 ) (Hammersmith & Fulham)",[],Du Cane Road (Both directions) at the junction of Hilary Road - Two-way temporary traffic signals are in operation for bridge works.
2025-12-29T18:27:36.219225,TIMS-221911,Works,Minimal,SELBORNE ROAD (E17 ) (Waltham Forest),[],Selborne Road (Both directions) at the junction of Vernon Road - Temporary traffic signals in operation to facilitate Thames Water works. 
2025-12-29T18:27:36.219225,TIMS-221797,Planned events,Minimal,HORSE GUARDS AVENUE (SW1A ) (Westminster),[],Horse Guards Avenue (Both directions) between [A3211] Victoria Embankment and Whitehall Court - The road will be closed to facilitate the build for New Year's Eve celebrations. 
2025-12-29T18:27:36.219225,TIMS-219885,Works,Minimal,"[A1205] BURDETT ROAD (E1 ,E3 ) (Tower Hamlets)",[],[A1205] Burdett Road (Both directions) at the junction of [A11] Mile End Road - Lane restrictions in place to facilitate Thames Water works.
2025-12-29T18:27:36.219225,TIMS-221720,Works,Minimal,"[A112] PRINCE REGENT LANE (E13 ,E16 ) (Newham)",[],[A112] Prince Regent Lane (Northbound) at the junction of Churchill Road - Road closed northbound due to emergency Thames Water works.
2025-12-29T18:27:36.219225,TIMS-219993,Works,Minimal,[A200] LOWER ROAD (SE16 ) (Southwark),[],[A200] Lower Road (Both directions) at the junction of Gomm Road - Temporary traffic signals to be implemented to facilitate cable works. 
2025-12-29T18:27:36.219225,TIMS-219994,Works,Minimal,[A200] LOWER ROAD (SE16 ) (Southwark),[],[A200] Lower Road (Both directions) at the junction of Surrey Quays Road - Temporary traffic signals to be implemented to facilitate cable works. 
2025-12-29T18:27:36.219225,TIMS-218924,Works,Minimal,[A206] WOOLWICH CHURCH STREET (SE18 ) (Greenwich),[],[A206] Woolwich Church Street (Both directions) at the junction of [A206] Woolwich Ferry Roundabout - Various restrictions in place to facilitate cycle lane works.
2025-12-29T18:27:36.219225,TIMS-220134,Works,Minimal,"[A206] WOOLWICH CHURCH STREET (SE18 ,SE7 ) (Greenwich)",[],[A206] Woolwich Church Street (Westbound) at the junction of Warspite Road - Lane restriction due to ongoing cycle scheme works.
2025-12-29T18:52:22.216777,TIMS-222039,Collisions,Serious,"[A406] ANGEL ROAD (E4 ,N18 ) (Enfield)",['a406'],[A406] Angel Road (Westbound) at the junction of [A1055] Meridian Way - Road closed due to a collision. Argon Road is also closed in both directions between Meridian Way and Cooks Ferry. 
2025-12-29T18:52:22.216777,TIMS-218732,Planned events,Serious,"[A4202] PARK LANE (W1J ,W1K ,W2 ) (Westminster)",['inner ring'],Winter Wonderland - Hyde Park - [A4202] Park Lane (All directions) at the junction of [A4202] Achilles Way - Winter Wonderland event has opened at 10:00
2025-12-29T18:52:22.216777,TIMS-206772,Works,Moderate,"[A12] EASTERN AVENUE EAST (RM2 ,RM3 ) (Havering)",['a12'],"Gallows Corner Flyover Refurbishment - [A12] Eastern Avenue East (All directions) at the junction of [A12] Colchester Road - Various restrictions, to facilitate the refurbishment of Gallows Corner Flyover. Full closure of the Flyover and the roundabout including all approaches in place."
2025-12-29T18:52:22.216777,TIMS-213893,Works,Moderate,"[A23] STREATHAM HILL (SW16 ,SW2 ) (Lambeth)",['a23'],"[A23] Streatham Hill (Both directions) between [A205] Christchurch Road and Leigham Court Road - Various restrictions for TfL works. Lane restrictions, in place over the course of the works. On 15/02/2026, 16/02/2026, 17/05/2026, 18/05/2026 there will be a full overnight closure. "
2025-12-29T18:52:22.216777,TIMS-200007,Works,Moderate,"KING WILLIAM STREET (EC3V,EC4N,EC4R) (City of London)",['bishopsgate cross route'],King William Street (Southbound) at the junction of Lombard Street - Road closed to facilitate urban realm works.
2025-12-29T18:52:22.216777,TIMS-216408,Works,Moderate,[A400] HAMPSTEAD ROAD (NW1 ) (Camden),['inner ring'],[A400] Hampstead Road (Both directions) at the junction of Robert Street - Temporary traffic signals and lane restrictions are in place for HS2 works.
2025-12-29T18:52:22.216777,TIMS-204461,Works,Moderate,"[A3203] LAMBETH BRIDGE (SE1 ,SW1P ) (Lambeth,Westminster)",['southern river route'],[A3203] Lambeth Bridge (Eastbound) between [A3036] A 3036 and [A3212] Millbank - Lane restrictions are in place at either side of the bridge for junction improvement works.
2025-12-29T18:52:22.216777,TIMS-221134,Network delays,Moderate,"[A101] ROTHERHITHE TUNNEL (E1W ,SE16 ) (Southwark,Tower Hamlets)",['southern river route'],"[A101] Rotherhithe Tunnel (Both directions) between [A200] Jamaica Road and [A13] Commercial Road - The Tunnel may be subject to short, intermittent closures"
2025-12-29T18:52:22.216777,TIMS-220472,Hazards,Moderate,"[A4200] SOUTHAMPTON ROW (WC1A ,WC1B ,WC1N ,WC1V ) (Camden)",[],[A4200] Southampton Row (Both directions) between [A40] High Holborn and [A40] Vernon Place - The road is closed due to emergency UKPN works. Vernon Place westbound bus lane is also closed. 
2025-12-29T18:52:22.216777,TIMS-221661,Works,Moderate,[A308] KINGSTON HILL (KT2 ) (Kingston upon Thames),[],[A308] Kingston Hill (Both directions) at the junction of Park Road - Temporary traffic signals are in use to facilitate works. 
2025-12-29T18:52:22.216777,TIMS-221961,Network delays,Minimal,[A2204] FERRY APPROACH (SE18 ) (Greenwich),['a205'],[A2204] Ferry Approach (Both directions) at the junction of [A206] Woolwich Ferry Roundabout - The Woolwich Ferry is not in operation due to a power failure in the area. 
2025-12-29T18:52:22.216777,TIMS-221957,Works,Minimal,[A3] WANDSWORTH HIGH STREET (SW18 ) (Wandsworth),['a205'],[A3] Wandsworth High Street (Both directions) between [A3] West Hill and [A3] East Hill - Road closures in place due to a burst water main. 
2025-12-29T18:52:22.216777,TIMS-222012,Works,Minimal,[A212] CATFORD HILL (SE6 ) (Lewisham),['a205'],[A212] Catford Hill (Both directions) at the junction of Beechfield Road - Two way temporary traffic lights in place to facilitate Thames Water works. 
2025-12-29T18:52:22.216777,TIMS-222025,Works,Minimal,[A22] GODSTONE ROAD (CR8 ) (Croydon),['a23'],"[A22] Godstone Road (Both directions) at the junction of Station Road - Two-way temporary signals in operation near Kenley station, due to burst water main repairs. "
2025-12-29T18:52:22.216777,TIMS-221773,Works,Minimal,"[A216] MITCHAM LANE (SW16 ) (Lambeth,Wandsworth)",['a23'],[A216] Mitcham Lane (Both directions) at the junction of Fernwood Avenue - Temporary signals in operation to facilitate repairs to a burst water main.
2025-12-29T18:52:22.216777,TIMS-222023,Works,Minimal,"[A40] WESTERN AVENUE (HA4 ,UB10 ) (Hillingdon)",['a40'],"[A40] Western Avenue (Westbound) at the junction of [A4180] West End Road - Lane one (of three) closure after the onslip from Polish War Memorial, due to urgent water main repairs. "
2025-12-29T18:52:22.216777,TIMS-210389,Works,Minimal,"[A40] WESTWAY (W10 ,W12 ) (Hammersmith & Fulham,Kensington & Chelsea)",['a40'],[A40] Westway (Eastbound) at the junction of [A3220] West Cross Route - The exit slip road to the Northern Roundabout is closed to facilitate repair works. 
2025-12-29T18:52:22.216777,TIMS-222024,Works,Minimal,"[A41] HENDON WAY (NW11 ,NW2 ) (Barnet)",['a41'],"[A41] Hendon Way (Northbound) at the junction of Ridge Hill - Lane one (of three) closure opposite the junction of Ridge Hill, due to urgent water leak repairs. "
2025-12-29T18:52:22.216777,TIMS-222029,Works,Minimal,"[A1203] THE HIGHWAY (E1 ,E1W ) (Tower Hamlets)",['city route'],"[A1203] The Highway (Westbound) at the junction of [A1202] Dock Street - Lane closure due to urgent UKPN cable repairs.
"
2025-12-29T18:52:22.216777,TIMS-221963,Works,Minimal,JAIL LANE (TN16 ) (Bromley),[],Jail Lane (Both directions) at the junction of Old Tye Avenue - Road closed to facilitate Thames Water works. 
2025-12-29T18:52:22.216777,TIMS-221831,Works,Minimal,"PECKHAM RYE (SE15 ,SE22 ) (Southwark)",[],Peckham Rye (All directions) at the junction of [A2214] Nunhead Lane - Temporary traffic signals are in place to facilitate ermergency SGN works.
2025-12-29T18:52:22.216777,TIMS-220784,Works,Minimal,"[A1205] BURDETT ROAD (E1 ,E14 ,E3 ) (Tower Hamlets)",[],"[A1205] Burdett Road (Both directions) at the junction of [B140] St Pauls Way - Temporary traffic signals lane restrictions in use to facilitate Thames Water works. In addition, no access to St Paul's Way."
2025-12-29T18:52:22.216777,TIMS-219173,Works,Minimal,[A219] WOOD LANE (W12 ) (Hammersmith & Fulham),[],[A219] Wood Lane (Both directions) at the junction of [A40] Westway - Various carriageway and footway restrictions in place to facilitate Cycle Superhighway works.
2025-12-29T18:52:22.216777,TIMS-212391,Works,Minimal,[A4020] UXBRIDGE ROAD (W12 ) (Hammersmith & Fulham),[],[A4020] Uxbridge Road (Both directions) at the junction of [A402] Shepherds Bush Green - Restrictions in place in various locations on Uxbridge Road and Shepherds Bush Green due to C34 cycle lane scheme works.
2025-12-29T18:52:22.216777,TIMS-213362,Works,Minimal,"[A107] MARE STREET (E8 ,E9 ) (Hackney)",[],"[A107] Mare Street (Both directions) between [A1207] Graham Road and [A107] Amhurst Road - Road is closed to facilitate urban realm works. Additionally, temporary signals are in place at the junction of Graham Road."
2025-12-29T18:52:22.216777,TIMS-216723,Works,Minimal,"TILLING ROAD (NW2 ,NW4 ) (Barnet)",[],Tilling Road (All approaches) at the junction of Claremont Road. - Temporary traffic signals in place to facilitate roadworks. 
2025-12-29T18:52:22.216777,TIMS-217012,Works,Minimal,[A206] WOOLWICH ROAD (SE7 ) (Greenwich),[],[A206] Woolwich Road (Both directions) between Anchor & Hope Lane and John Wilson Street. - Lane restrictions to facilitate the construction of a segregated cycle lane. 
2025-12-29T18:52:22.216777,TIMS-220707,Planned events,Minimal,MILLENNIUM WAY (SE10 ) (Greenwich),[],Disney on Ice - The O2 - Millennium Way (All approaches) at the junction of Ordnance Crescent - Disney on Ice.
2025-12-29T18:52:22.216777,TIMS-221854,Works,Minimal,"[A20] ELTHAM ROAD (SE12 ,SE3 ) (Greenwich,Lewisham)",['a20'],[A20] Eltham Road (Westbound) at the junction of Cambridge Drive - Lane restrictions to be implemented to facilitate SGN works. 
2025-12-29T18:52:22.216777,TIMS-221700,Works,Minimal,[A205] WALDRAM CRESCENT (SE23 ) (Lewisham),['a205'],[A205] Waldram Crescent (Both directions) at the junction of Stanstead Road - Contra-flow in operation to facilitate SGN works.
2025-12-29T18:52:22.216777,TIMS-221978,Works,Minimal,"[A3] BATTERSEA RISE (SW11 ,SW18 ) (Wandsworth)",['a205'],[A3] Battersea Rise (Both directions) at the junction of Bolingbroke Grove - There are 2-way temporary traffic lights at this location for Thames Water works. 
2025-12-29T18:52:22.216777,TIMS-209852,Works,Minimal,"[A3205] NINE ELMS LANE (SW11 ,SW8 ) (Lambeth,Wandsworth)","['a3', 'inner ring']",[A3205] Nine Elms Lane (Both directions) at the junction of Ponton Road - Lane closures in place to facilitate Urban Realm Works.
2025-12-29T18:52:22.216777,TIMS-220695,Works,Minimal,"[A41] FINCHLEY ROAD (NW3 ,NW6 ,NW8 ) (Camden)",['a41'],[A41] Finchley Road (Southbound) at the junction of [B511] College Crescent - Lanes one and two (of three) closed to facilitate emergency Thames Water works.
2025-12-29T18:52:22.216777,TIMS-221816,Works,Minimal,[A302] GROSVENOR GARDENS (SW1W ) (Westminster),['inner ring'],[A302] Grosvenor Gardens (Southbound) at the junction of [A302] Victoria Street - The right turn from Buckingham Palace Road into Grosvenor Gardens has been closed due to emergency repairs by Cadent Gas.
2025-12-29T18:52:22.216777,TIMS-219885,Works,Minimal,"[A1205] BURDETT ROAD (E1 ,E3 ) (Tower Hamlets)",[],[A1205] Burdett Road (Both directions) at the junction of [A11] Mile End Road - Lane restrictions in place to facilitate Thames Water works.
2025-12-29T18:52:22.216777,TIMS-218924,Works,Minimal,[A206] WOOLWICH CHURCH STREET (SE18 ) (Greenwich),[],[A206] Woolwich Church Street (Both directions) at the junction of [A206] Woolwich Ferry Roundabout - Various restrictions in place to facilitate cycle lane works.
2025-12-29T18:52:22.216777,TIMS-221797,Planned events,Minimal,HORSE GUARDS AVENUE (SW1A ) (Westminster),[],Horse Guards Avenue (Both directions) between [A3211] Victoria Embankment and Whitehall Court - The road will be closed to facilitate the build for New Year's Eve celebrations. 
2025-12-29T18:52:22.216777,TIMS-219993,Works,Minimal,[A200] LOWER ROAD (SE16 ) (Southwark),[],[A200] Lower Road (Both directions) at the junction of Gomm Road - Temporary traffic signals to be implemented to facilitate cable works. 
2025-12-29T18:52:22.216777,TIMS-215004,Works,Minimal,"DU CANE ROAD (W12 ,W3 ) (Hammersmith & Fulham)",[],Du Cane Road (Both directions) at the junction of Hilary Road - Two-way temporary traffic signals are in operation for bridge works.
2025-12-29T18:52:22.216777,TIMS-221720,Works,Minimal,"[A112] PRINCE REGENT LANE (E13 ,E16 ) (Newham)",[],[A112] Prince Regent Lane (Northbound) at the junction of Churchill Road - Road closed northbound due to emergency Thames Water works.
2025-12-29T18:52:22.216777,TIMS-219994,Works,Minimal,[A200] LOWER ROAD (SE16 ) (Southwark),[],[A200] Lower Road (Both directions) at the junction of Surrey Quays Road - Temporary traffic signals to be implemented to facilitate cable works. 
2025-12-29T18:52:22.216777,TIMS-222027,Works,Minimal,"[B212] STRATHEDEN ROAD (SE3 ) (Greenwich,Lewisham)",[],Thames Water works - [B212] Stratheden Road (Both directions) at the junction of [A2] Shooters Hill Road - The road is closed due to Thames Water works. 
2025-12-29T18:52:22.216777,TIMS-220134,Works,Minimal,"[A206] WOOLWICH CHURCH STREET (SE18 ,SE7 ) (Greenwich)",[],[A206] Woolwich Church Street (Westbound) at the junction of Warspite Road - Lane restriction due to ongoing cycle scheme works.
2025-12-29T18:52:22.216777,TIMS-221911,Works,Minimal,SELBORNE ROAD (E17 ) (Waltham Forest),[],Selborne Road (Both directions) at the junction of Vernon Road - Temporary traffic signals in operation to facilitate Thames Water works. 
2025-12-29T18:52:22.216777,TIMS-222040,Collisions,Minimal,"[A400] CHARING CROSS ROAD (W1D ,WC1A ,WC2H ,WC2N ) (Camden,Westminster)",[],[A400] Charing Cross Road (Southbound) at the junction of [A401] Shaftesbury Avenue - Lane one (of two) blocked due to a collision.
2025-12-29T19:11:50.897103,TIMS-222039,Collisions,Severe,"[A406] ANGEL ROAD (E4 ,N18 ) (Enfield)",['a406'],[A406] Angel Road (Westbound) at the junction of [A1055] Meridian Way - Road closed due to a collision. Argon Road is still closed in both directions between Meridian Way and Cooks Ferry. 
2025-12-29T19:11:50.897103,TIMS-218732,Planned events,Serious,"[A4202] PARK LANE (W1J ,W1K ,W2 ) (Westminster)",['inner ring'],Winter Wonderland - Hyde Park - [A4202] Park Lane (All directions) at the junction of [A4202] Achilles Way - Winter Wonderland event has opened at 10:00
2025-12-29T19:11:50.897103,TIMS-206772,Works,Moderate,"[A12] EASTERN AVENUE EAST (RM2 ,RM3 ) (Havering)",['a12'],"Gallows Corner Flyover Refurbishment - [A12] Eastern Avenue East (All directions) at the junction of [A12] Colchester Road - Various restrictions, to facilitate the refurbishment of Gallows Corner Flyover. Full closure of the Flyover and the roundabout including all approaches in place."
2025-12-29T19:11:50.897103,TIMS-213893,Works,Moderate,"[A23] STREATHAM HILL (SW16 ,SW2 ) (Lambeth)",['a23'],"[A23] Streatham Hill (Both directions) between [A205] Christchurch Road and Leigham Court Road - Various restrictions for TfL works. Lane restrictions, in place over the course of the works. On 15/02/2026, 16/02/2026, 17/05/2026, 18/05/2026 there will be a full overnight closure. "
2025-12-29T19:11:50.897103,TIMS-200007,Works,Moderate,"KING WILLIAM STREET (EC3V,EC4N,EC4R) (City of London)",['bishopsgate cross route'],King William Street (Southbound) at the junction of Lombard Street - Road closed to facilitate urban realm works.
2025-12-29T19:11:50.897103,TIMS-216408,Works,Moderate,[A400] HAMPSTEAD ROAD (NW1 ) (Camden),['inner ring'],[A400] Hampstead Road (Both directions) at the junction of Robert Street - Temporary traffic signals and lane restrictions are in place for HS2 works.
2025-12-29T19:11:50.897103,TIMS-204461,Works,Moderate,"[A3203] LAMBETH BRIDGE (SE1 ,SW1P ) (Lambeth,Westminster)",['southern river route'],[A3203] Lambeth Bridge (Eastbound) between [A3036] A 3036 and [A3212] Millbank - Lane restrictions are in place at either side of the bridge for junction improvement works.
2025-12-29T19:11:50.897103,TIMS-221134,Network delays,Moderate,"[A101] ROTHERHITHE TUNNEL (E1W ,SE16 ) (Southwark,Tower Hamlets)",['southern river route'],"[A101] Rotherhithe Tunnel (Both directions) between [A200] Jamaica Road and [A13] Commercial Road - The Tunnel may be subject to short, intermittent closures"
2025-12-29T19:11:50.897103,TIMS-221661,Works,Moderate,[A308] KINGSTON HILL (KT2 ) (Kingston upon Thames),[],[A308] Kingston Hill (Both directions) at the junction of Park Road - Temporary traffic signals are in use to facilitate works. 
2025-12-29T19:11:50.897103,TIMS-220472,Hazards,Moderate,"[A4200] SOUTHAMPTON ROW (WC1A ,WC1B ,WC1N ,WC1V ) (Camden)",[],[A4200] Southampton Row (Both directions) between [A40] High Holborn and [A40] Vernon Place - The road is closed due to emergency UKPN works. Vernon Place westbound bus lane is also closed. 
2025-12-29T19:11:50.897103,TIMS-222041,Collisions,Moderate,"[A13] NEWHAM WAY (E6 ,IG11 ) (Newham)","['a13', 'a406']",[A13] Newham Way (Westbound) at the junction of [A406] Alfreds Way - Lane one at the end of the westbound on slip from Becton Roundabout to the A13 is closed after a collision
2025-12-29T19:11:50.897103,TIMS-222012,Works,Minimal,[A212] CATFORD HILL (SE6 ) (Lewisham),['a205'],[A212] Catford Hill (Both directions) at the junction of Beechfield Road - Two way temporary traffic lights in place to facilitate Thames Water works. 
2025-12-29T19:11:50.897103,TIMS-221961,Network delays,Minimal,[A2204] FERRY APPROACH (SE18 ) (Greenwich),['a205'],[A2204] Ferry Approach (Both directions) at the junction of [A206] Woolwich Ferry Roundabout - The Woolwich Ferry is not in operation due to a power failure in the area. 
2025-12-29T19:11:50.897103,TIMS-221957,Works,Minimal,[A3] WANDSWORTH HIGH STREET (SW18 ) (Wandsworth),['a205'],[A3] Wandsworth High Street (Both directions) between [A3] West Hill and [A3] East Hill - Road closures in place due to a burst water main. 
2025-12-29T19:11:50.897103,TIMS-222025,Works,Minimal,[A22] GODSTONE ROAD (CR8 ) (Croydon),['a23'],"[A22] Godstone Road (Both directions) at the junction of Station Road - Two-way temporary signals in operation near Kenley station, due to burst water main repairs. "
2025-12-29T19:11:50.897103,TIMS-221773,Works,Minimal,"[A216] MITCHAM LANE (SW16 ) (Lambeth,Wandsworth)",['a23'],[A216] Mitcham Lane (Both directions) at the junction of Fernwood Avenue - Temporary signals in operation to facilitate repairs to a burst water main.
2025-12-29T19:11:50.897103,TIMS-222023,Works,Minimal,"[A40] WESTERN AVENUE (HA4 ,UB10 ) (Hillingdon)",['a40'],"[A40] Western Avenue (Westbound) at the junction of [A4180] West End Road - Lane one (of three) closure after the onslip from Polish War Memorial, due to urgent water main repairs. "
2025-12-29T19:11:50.897103,TIMS-210389,Works,Minimal,"[A40] WESTWAY (W10 ,W12 ) (Hammersmith & Fulham,Kensington & Chelsea)",['a40'],[A40] Westway (Eastbound) at the junction of [A3220] West Cross Route - The exit slip road to the Northern Roundabout is closed to facilitate repair works. 
2025-12-29T19:11:50.897103,TIMS-222024,Works,Minimal,"[A41] HENDON WAY (NW11 ,NW2 ) (Barnet)",['a41'],"[A41] Hendon Way (Northbound) at the junction of Ridge Hill - Lane one (of three) closure opposite the junction of Ridge Hill, due to urgent water leak repairs. "
2025-12-29T19:11:50.897103,TIMS-222029,Works,Minimal,"[A1203] THE HIGHWAY (E1 ,E1W ) (Tower Hamlets)",['city route'],"[A1203] The Highway (Westbound) at the junction of [A1202] Dock Street - Lane closure due to urgent UKPN cable repairs.
"
2025-12-29T19:11:50.897103,TIMS-217012,Works,Minimal,[A206] WOOLWICH ROAD (SE7 ) (Greenwich),[],[A206] Woolwich Road (Both directions) between Anchor & Hope Lane and John Wilson Street. - Lane restrictions to facilitate the construction of a segregated cycle lane. 
2025-12-29T19:11:50.897103,TIMS-221963,Works,Minimal,JAIL LANE (TN16 ) (Bromley),[],Jail Lane (Both directions) at the junction of Old Tye Avenue - Road closed to facilitate Thames Water works. 
2025-12-29T19:11:50.897103,TIMS-221831,Works,Minimal,"PECKHAM RYE (SE15 ,SE22 ) (Southwark)",[],Peckham Rye (All directions) at the junction of [A2214] Nunhead Lane - Temporary traffic signals are in place to facilitate ermergency SGN works.
2025-12-29T19:11:50.897103,TIMS-216723,Works,Minimal,"TILLING ROAD (NW2 ,NW4 ) (Barnet)",[],Tilling Road (All approaches) at the junction of Claremont Road. - Temporary traffic signals in place to facilitate roadworks. 
2025-12-29T19:11:50.897103,TIMS-220784,Works,Minimal,"[A1205] BURDETT ROAD (E1 ,E14 ,E3 ) (Tower Hamlets)",[],"[A1205] Burdett Road (Both directions) at the junction of [B140] St Pauls Way - Temporary traffic signals lane restrictions in use to facilitate Thames Water works. In addition, no access to St Paul's Way."
2025-12-29T19:11:50.897103,TIMS-220707,Planned events,Minimal,MILLENNIUM WAY (SE10 ) (Greenwich),[],Disney on Ice - The O2 - Millennium Way (All approaches) at the junction of Ordnance Crescent - Disney on Ice.
2025-12-29T19:11:50.897103,TIMS-213362,Works,Minimal,"[A107] MARE STREET (E8 ,E9 ) (Hackney)",[],"[A107] Mare Street (Both directions) between [A1207] Graham Road and [A107] Amhurst Road - Road is closed to facilitate urban realm works. Additionally, temporary signals are in place at the junction of Graham Road."
2025-12-29T19:11:50.897103,TIMS-212391,Works,Minimal,[A4020] UXBRIDGE ROAD (W12 ) (Hammersmith & Fulham),[],[A4020] Uxbridge Road (Both directions) at the junction of [A402] Shepherds Bush Green - Restrictions in place in various locations on Uxbridge Road and Shepherds Bush Green due to C34 cycle lane scheme works.
2025-12-29T19:11:50.897103,TIMS-219173,Works,Minimal,[A219] WOOD LANE (W12 ) (Hammersmith & Fulham),[],[A219] Wood Lane (Both directions) at the junction of [A40] Westway - Various carriageway and footway restrictions in place to facilitate Cycle Superhighway works.
2025-12-29T19:11:50.897103,TIMS-221854,Works,Minimal,"[A20] ELTHAM ROAD (SE12 ,SE3 ) (Greenwich,Lewisham)",['a20'],[A20] Eltham Road (Westbound) at the junction of Cambridge Drive - Lane restrictions to be implemented to facilitate SGN works. 
2025-12-29T19:11:50.897103,TIMS-221700,Works,Minimal,[A205] WALDRAM CRESCENT (SE23 ) (Lewisham),['a205'],[A205] Waldram Crescent (Both directions) at the junction of Stanstead Road - Contra-flow in operation to facilitate SGN works.
2025-12-29T19:11:50.897103,TIMS-221978,Works,Minimal,"[A3] BATTERSEA RISE (SW11 ,SW18 ) (Wandsworth)",['a205'],[A3] Battersea Rise (Both directions) at the junction of Bolingbroke Grove - There are 2-way temporary traffic lights at this location for Thames Water works. 
2025-12-29T19:11:50.897103,TIMS-209852,Works,Minimal,"[A3205] NINE ELMS LANE (SW11 ,SW8 ) (Lambeth,Wandsworth)","['a3', 'inner ring']",[A3205] Nine Elms Lane (Both directions) at the junction of Ponton Road - Lane closures in place to facilitate Urban Realm Works.
2025-12-29T19:11:50.897103,TIMS-220695,Works,Minimal,"[A41] FINCHLEY ROAD (NW3 ,NW6 ,NW8 ) (Camden)",['a41'],[A41] Finchley Road (Southbound) at the junction of [B511] College Crescent - Lanes one and two (of three) closed to facilitate emergency Thames Water works.
2025-12-29T19:11:50.897103,TIMS-221816,Works,Minimal,[A302] GROSVENOR GARDENS (SW1W ) (Westminster),['inner ring'],[A302] Grosvenor Gardens (Southbound) at the junction of [A302] Victoria Street - The right turn from Buckingham Palace Road into Grosvenor Gardens has been closed due to emergency repairs by Cadent Gas.
2025-12-29T19:11:50.897103,TIMS-215004,Works,Minimal,"DU CANE ROAD (W12 ,W3 ) (Hammersmith & Fulham)",[],Du Cane Road (Both directions) at the junction of Hilary Road - Two-way temporary traffic signals are in operation for bridge works.
2025-12-29T19:11:50.897103,TIMS-222027,Works,Minimal,"[B212] STRATHEDEN ROAD (SE3 ) (Greenwich,Lewisham)",[],Thames Water works - [B212] Stratheden Road (Both directions) at the junction of [A2] Shooters Hill Road - The road is closed due to Thames Water works. 
2025-12-29T19:11:50.897103,TIMS-218924,Works,Minimal,[A206] WOOLWICH CHURCH STREET (SE18 ) (Greenwich),[],[A206] Woolwich Church Street (Both directions) at the junction of [A206] Woolwich Ferry Roundabout - Various restrictions in place to facilitate cycle lane works.
2025-12-29T19:11:50.897103,TIMS-219994,Works,Minimal,[A200] LOWER ROAD (SE16 ) (Southwark),[],[A200] Lower Road (Both directions) at the junction of Surrey Quays Road - Temporary traffic signals to be implemented to facilitate cable works. 
2025-12-29T19:11:50.897103,TIMS-219993,Works,Minimal,[A200] LOWER ROAD (SE16 ) (Southwark),[],[A200] Lower Road (Both directions) at the junction of Gomm Road - Temporary traffic signals to be implemented to facilitate cable works. 
2025-12-29T19:11:50.897103,TIMS-220134,Works,Minimal,"[A206] WOOLWICH CHURCH STREET (SE18 ,SE7 ) (Greenwich)",[],[A206] Woolwich Church Street (Westbound) at the junction of Warspite Road - Lane restriction due to ongoing cycle scheme works.
2025-12-29T19:11:50.897103,TIMS-221911,Works,Minimal,SELBORNE ROAD (E17 ) (Waltham Forest),[],Selborne Road (Both directions) at the junction of Vernon Road - Temporary traffic signals in operation to facilitate Thames Water works. 
2025-12-29T19:11:50.897103,TIMS-222040,Collisions,Minimal,"[A400] CHARING CROSS ROAD (W1D ,WC1A ,WC2H ,WC2N ) (Camden,Westminster)",[],[A400] Charing Cross Road (Southbound) at the junction of [A401] Shaftesbury Avenue - Lane one (of two) blocked due to an earlier collision.
2025-12-29T19:11:50.897103,TIMS-221720,Works,Minimal,"[A112] PRINCE REGENT LANE (E13 ,E16 ) (Newham)",[],[A112] Prince Regent Lane (Northbound) at the junction of Churchill Road - Road closed northbound due to emergency Thames Water works.
2025-12-29T19:11:50.897103,TIMS-219885,Works,Minimal,"[A1205] BURDETT ROAD (E1 ,E3 ) (Tower Hamlets)",[],[A1205] Burdett Road (Both directions) at the junction of [A11] Mile End Road - Lane restrictions in place to facilitate Thames Water works.
2025-12-29T19:11:50.897103,TIMS-221797,Planned events,Minimal,HORSE GUARDS AVENUE (SW1A ) (Westminster),[],Horse Guards Avenue (Both directions) between [A3211] Victoria Embankment and Whitehall Court - The road will be closed to facilitate the build for New Year's Eve celebrations. 
2025-12-29T19:29:06.633669,TIMS-222039,Collisions,Severe,"[A406] ANGEL ROAD (E4 ,N18 ) (Enfield)",['a406'],[A406] Angel Road (Westbound) at the junction of [A1055] Meridian Way - Road closed due to a collision. Argon Road is still closed in both directions between Meridian Way and Cooks Ferry. 
2025-12-29T19:29:06.633669,TIMS-218732,Planned events,Serious,"[A4202] PARK LANE (W1J ,W1K ,W2 ) (Westminster)",['inner ring'],Winter Wonderland - Hyde Park - [A4202] Park Lane (All directions) at the junction of [A4202] Achilles Way - Winter Wonderland event has opened at 10:00
2025-12-29T19:29:06.633669,TIMS-206772,Works,Moderate,"[A12] EASTERN AVENUE EAST (RM2 ,RM3 ) (Havering)",['a12'],"Gallows Corner Flyover Refurbishment - [A12] Eastern Avenue East (All directions) at the junction of [A12] Colchester Road - Various restrictions, to facilitate the refurbishment of Gallows Corner Flyover. Full closure of the Flyover and the roundabout including all approaches in place."
2025-12-29T19:29:06.633669,TIMS-213893,Works,Moderate,"[A23] STREATHAM HILL (SW16 ,SW2 ) (Lambeth)",['a23'],"[A23] Streatham Hill (Both directions) between [A205] Christchurch Road and Leigham Court Road - Various restrictions for TfL works. Lane restrictions, in place over the course of the works. On 15/02/2026, 16/02/2026, 17/05/2026, 18/05/2026 there will be a full overnight closure. "
2025-12-29T19:29:06.633669,TIMS-200007,Works,Moderate,"KING WILLIAM STREET (EC3V,EC4N,EC4R) (City of London)",['bishopsgate cross route'],King William Street (Southbound) at the junction of Lombard Street - Road closed to facilitate urban realm works.
2025-12-29T19:29:06.633669,TIMS-216408,Works,Moderate,[A400] HAMPSTEAD ROAD (NW1 ) (Camden),['inner ring'],[A400] Hampstead Road (Both directions) at the junction of Robert Street - Temporary traffic signals and lane restrictions are in place for HS2 works.
2025-12-29T19:29:06.633669,TIMS-204461,Works,Moderate,"[A3203] LAMBETH BRIDGE (SE1 ,SW1P ) (Lambeth,Westminster)",['southern river route'],[A3203] Lambeth Bridge (Eastbound) between [A3036] A 3036 and [A3212] Millbank - Lane restrictions are in place at either side of the bridge for junction improvement works.
2025-12-29T19:29:06.633669,TIMS-221134,Network delays,Moderate,"[A101] ROTHERHITHE TUNNEL (E1W ,SE16 ) (Southwark,Tower Hamlets)",['southern river route'],"[A101] Rotherhithe Tunnel (Both directions) between [A200] Jamaica Road and [A13] Commercial Road - The Tunnel may be subject to short, intermittent closures"
2025-12-29T19:29:06.633669,TIMS-221661,Works,Moderate,[A308] KINGSTON HILL (KT2 ) (Kingston upon Thames),[],[A308] Kingston Hill (Both directions) at the junction of Park Road - Temporary traffic signals are in use to facilitate works. 
2025-12-29T19:29:06.633669,TIMS-220472,Hazards,Moderate,"[A4200] SOUTHAMPTON ROW (WC1A ,WC1B ,WC1N ,WC1V ) (Camden)",[],[A4200] Southampton Row (Both directions) between [A40] High Holborn and [A40] Vernon Place - The road is closed due to emergency UKPN works. Vernon Place westbound bus lane is also closed. 
2025-12-29T19:29:06.633669,TIMS-222041,Collisions,Moderate,"[A13] NEWHAM WAY (E6 ,IG11 ) (Newham)","['a13', 'a406']",[A13] Newham Way (Westbound) at the junction of [A406] Alfreds Way - Lane one at the end of the westbound on slip from Becton Roundabout to the A13 is closed after a collision
2025-12-29T19:29:06.633669,TIMS-222012,Works,Minimal,[A212] CATFORD HILL (SE6 ) (Lewisham),['a205'],[A212] Catford Hill (Both directions) at the junction of Beechfield Road - Two way temporary traffic lights in place to facilitate Thames Water works. 
2025-12-29T19:29:06.633669,TIMS-221961,Network delays,Minimal,[A2204] FERRY APPROACH (SE18 ) (Greenwich),['a205'],[A2204] Ferry Approach (Both directions) at the junction of [A206] Woolwich Ferry Roundabout - The Woolwich Ferry is not in operation due to a power failure in the area. 
2025-12-29T19:29:06.633669,TIMS-221957,Works,Minimal,[A3] WANDSWORTH HIGH STREET (SW18 ) (Wandsworth),['a205'],[A3] Wandsworth High Street (Both directions) between [A3] West Hill and [A3] East Hill - Road closures in place due to a burst water main. 
2025-12-29T19:29:06.633669,TIMS-222025,Works,Minimal,[A22] GODSTONE ROAD (CR8 ) (Croydon),['a23'],"[A22] Godstone Road (Both directions) at the junction of Station Road - Two-way temporary signals in operation near Kenley station, due to burst water main repairs. "
2025-12-29T19:29:06.633669,TIMS-221773,Works,Minimal,"[A216] MITCHAM LANE (SW16 ) (Lambeth,Wandsworth)",['a23'],[A216] Mitcham Lane (Both directions) at the junction of Fernwood Avenue - Temporary signals in operation to facilitate repairs to a burst water main.
2025-12-29T19:29:06.633669,TIMS-222023,Works,Minimal,"[A40] WESTERN AVENUE (HA4 ,UB10 ) (Hillingdon)",['a40'],"[A40] Western Avenue (Westbound) at the junction of [A4180] West End Road - Lane one (of three) closure after the onslip from Polish War Memorial, due to urgent water main repairs. "
2025-12-29T19:29:06.633669,TIMS-210389,Works,Minimal,"[A40] WESTWAY (W10 ,W12 ) (Hammersmith & Fulham,Kensington & Chelsea)",['a40'],[A40] Westway (Eastbound) at the junction of [A3220] West Cross Route - The exit slip road to the Northern Roundabout is closed to facilitate repair works. 
2025-12-29T19:29:06.633669,TIMS-222024,Works,Minimal,"[A41] HENDON WAY (NW11 ,NW2 ) (Barnet)",['a41'],"[A41] Hendon Way (Northbound) at the junction of Ridge Hill - Lane one (of three) closure opposite the junction of Ridge Hill, due to urgent water leak repairs. "
2025-12-29T19:29:06.633669,TIMS-222029,Works,Minimal,"[A1203] THE HIGHWAY (E1 ,E1W ) (Tower Hamlets)",['city route'],"[A1203] The Highway (Westbound) at the junction of [A1202] Dock Street - Lane closure due to urgent UKPN cable repairs.
"
2025-12-29T19:29:06.633669,TIMS-217012,Works,Minimal,[A206] WOOLWICH ROAD (SE7 ) (Greenwich),[],[A206] Woolwich Road (Both directions) between Anchor & Hope Lane and John Wilson Street. - Lane restrictions to facilitate the construction of a segregated cycle lane. 
2025-12-29T19:29:06.633669,TIMS-221963,Works,Minimal,JAIL LANE (TN16 ) (Bromley),[],Jail Lane (Both directions) at the junction of Old Tye Avenue - Road closed to facilitate Thames Water works. 
2025-12-29T19:29:06.633669,TIMS-221831,Works,Minimal,"PECKHAM RYE (SE15 ,SE22 ) (Southwark)",[],Peckham Rye (All directions) at the junction of [A2214] Nunhead Lane - Temporary traffic signals are in place to facilitate ermergency SGN works.
2025-12-29T19:29:06.633669,TIMS-216723,Works,Minimal,"TILLING ROAD (NW2 ,NW4 ) (Barnet)",[],Tilling Road (All approaches) at the junction of Claremont Road. - Temporary traffic signals in place to facilitate roadworks. 
2025-12-29T19:29:06.633669,TIMS-220784,Works,Minimal,"[A1205] BURDETT ROAD (E1 ,E14 ,E3 ) (Tower Hamlets)",[],"[A1205] Burdett Road (Both directions) at the junction of [B140] St Pauls Way - Temporary traffic signals lane restrictions in use to facilitate Thames Water works. In addition, no access to St Paul's Way."
2025-12-29T19:29:06.633669,TIMS-220707,Planned events,Minimal,MILLENNIUM WAY (SE10 ) (Greenwich),[],Disney on Ice - The O2 - Millennium Way (All approaches) at the junction of Ordnance Crescent - Disney on Ice.
2025-12-29T19:29:06.633669,TIMS-213362,Works,Minimal,"[A107] MARE STREET (E8 ,E9 ) (Hackney)",[],"[A107] Mare Street (Both directions) between [A1207] Graham Road and [A107] Amhurst Road - Road is closed to facilitate urban realm works. Additionally, temporary signals are in place at the junction of Graham Road."
2025-12-29T19:29:06.633669,TIMS-212391,Works,Minimal,[A4020] UXBRIDGE ROAD (W12 ) (Hammersmith & Fulham),[],[A4020] Uxbridge Road (Both directions) at the junction of [A402] Shepherds Bush Green - Restrictions in place in various locations on Uxbridge Road and Shepherds Bush Green due to C34 cycle lane scheme works.
2025-12-29T19:29:06.633669,TIMS-219173,Works,Minimal,[A219] WOOD LANE (W12 ) (Hammersmith & Fulham),[],[A219] Wood Lane (Both directions) at the junction of [A40] Westway - Various carriageway and footway restrictions in place to facilitate Cycle Superhighway works.
2025-12-29T19:29:06.633669,TIMS-221854,Works,Minimal,"[A20] ELTHAM ROAD (SE12 ,SE3 ) (Greenwich,Lewisham)",['a20'],[A20] Eltham Road (Westbound) at the junction of Cambridge Drive - Lane restrictions to be implemented to facilitate SGN works. 
2025-12-29T19:29:06.633669,TIMS-221700,Works,Minimal,[A205] WALDRAM CRESCENT (SE23 ) (Lewisham),['a205'],[A205] Waldram Crescent (Both directions) at the junction of Stanstead Road - Contra-flow in operation to facilitate SGN works.
2025-12-29T19:29:06.633669,TIMS-221978,Works,Minimal,"[A3] BATTERSEA RISE (SW11 ,SW18 ) (Wandsworth)",['a205'],[A3] Battersea Rise (Both directions) at the junction of Bolingbroke Grove - There are 2-way temporary traffic lights at this location for Thames Water works. 
2025-12-29T19:29:06.633669,TIMS-209852,Works,Minimal,"[A3205] NINE ELMS LANE (SW11 ,SW8 ) (Lambeth,Wandsworth)","['a3', 'inner ring']",[A3205] Nine Elms Lane (Both directions) at the junction of Ponton Road - Lane closures in place to facilitate Urban Realm Works.
2025-12-29T19:29:06.633669,TIMS-220695,Works,Minimal,"[A41] FINCHLEY ROAD (NW3 ,NW6 ,NW8 ) (Camden)",['a41'],[A41] Finchley Road (Southbound) at the junction of [B511] College Crescent - Lanes one and two (of three) closed to facilitate emergency Thames Water works.
2025-12-29T19:29:06.633669,TIMS-221816,Works,Minimal,[A302] GROSVENOR GARDENS (SW1W ) (Westminster),['inner ring'],[A302] Grosvenor Gardens (Southbound) at the junction of [A302] Victoria Street - The right turn from Buckingham Palace Road into Grosvenor Gardens has been closed due to emergency repairs by Cadent Gas.
2025-12-29T19:29:06.633669,TIMS-215004,Works,Minimal,"DU CANE ROAD (W12 ,W3 ) (Hammersmith & Fulham)",[],Du Cane Road (Both directions) at the junction of Hilary Road - Two-way temporary traffic signals are in operation for bridge works.
2025-12-29T19:29:06.633669,TIMS-222027,Works,Minimal,"[B212] STRATHEDEN ROAD (SE3 ) (Greenwich,Lewisham)",[],Thames Water works - [B212] Stratheden Road (Both directions) at the junction of [A2] Shooters Hill Road - The road is closed due to Thames Water works. 
2025-12-29T19:29:06.633669,TIMS-218924,Works,Minimal,[A206] WOOLWICH CHURCH STREET (SE18 ) (Greenwich),[],[A206] Woolwich Church Street (Both directions) at the junction of [A206] Woolwich Ferry Roundabout - Various restrictions in place to facilitate cycle lane works.
2025-12-29T19:29:06.633669,TIMS-219994,Works,Minimal,[A200] LOWER ROAD (SE16 ) (Southwark),[],[A200] Lower Road (Both directions) at the junction of Surrey Quays Road - Temporary traffic signals to be implemented to facilitate cable works. 
2025-12-29T19:29:06.633669,TIMS-219993,Works,Minimal,[A200] LOWER ROAD (SE16 ) (Southwark),[],[A200] Lower Road (Both directions) at the junction of Gomm Road - Temporary traffic signals to be implemented to facilitate cable works. 
2025-12-29T19:29:06.633669,TIMS-220134,Works,Minimal,"[A206] WOOLWICH CHURCH STREET (SE18 ,SE7 ) (Greenwich)",[],[A206] Woolwich Church Street (Westbound) at the junction of Warspite Road - Lane restriction due to ongoing cycle scheme works.
2025-12-29T19:29:06.633669,TIMS-221911,Works,Minimal,SELBORNE ROAD (E17 ) (Waltham Forest),[],Selborne Road (Both directions) at the junction of Vernon Road - Temporary traffic signals in operation to facilitate Thames Water works. 
2025-12-29T19:29:06.633669,TIMS-222040,Collisions,Minimal,"[A400] CHARING CROSS ROAD (W1D ,WC1A ,WC2H ,WC2N ) (Camden,Westminster)",[],[A400] Charing Cross Road (Southbound) at the junction of [A401] Shaftesbury Avenue - Lane one (of two) blocked due to an earlier collision.
2025-12-29T19:29:06.633669,TIMS-221720,Works,Minimal,"[A112] PRINCE REGENT LANE (E13 ,E16 ) (Newham)",[],[A112] Prince Regent Lane (Northbound) at the junction of Churchill Road - Road closed northbound due to emergency Thames Water works.
2025-12-29T19:29:06.633669,TIMS-219885,Works,Minimal,"[A1205] BURDETT ROAD (E1 ,E3 ) (Tower Hamlets)",[],[A1205] Burdett Road (Both directions) at the junction of [A11] Mile End Road - Lane restrictions in place to facilitate Thames Water works.
2025-12-29T19:29:06.633669,TIMS-221797,Planned events,Minimal,HORSE GUARDS AVENUE (SW1A ) (Westminster),[],Horse Guards Avenue (Both directions) between [A3211] Victoria Embankment and Whitehall Court - The road will be closed to facilitate the build for New Year's Eve celebrations. 
2025-12-29T19:39:25.521294,TIMS-222039,Collisions,Severe,"[A406] ANGEL ROAD (E4 ,N18 ) (Enfield)",['a406'],[A406] Angel Road (Westbound) at the junction of [A1055] Meridian Way - Road closed due to a collision. Argon Road is still closed in both directions between Meridian Way and Cooks Ferry. 
2025-12-29T19:39:25.521294,TIMS-218732,Planned events,Serious,"[A4202] PARK LANE (W1J ,W1K ,W2 ) (Westminster)",['inner ring'],Winter Wonderland - Hyde Park - [A4202] Park Lane (All directions) at the junction of [A4202] Achilles Way - Winter Wonderland event has opened at 10:00
2025-12-29T19:39:25.521294,TIMS-206772,Works,Moderate,"[A12] EASTERN AVENUE EAST (RM2 ,RM3 ) (Havering)",['a12'],"Gallows Corner Flyover Refurbishment - [A12] Eastern Avenue East (All directions) at the junction of [A12] Colchester Road - Various restrictions, to facilitate the refurbishment of Gallows Corner Flyover. Full closure of the Flyover and the roundabout including all approaches in place."
2025-12-29T19:39:25.521294,TIMS-213893,Works,Moderate,"[A23] STREATHAM HILL (SW16 ,SW2 ) (Lambeth)",['a23'],"[A23] Streatham Hill (Both directions) between [A205] Christchurch Road and Leigham Court Road - Various restrictions for TfL works. Lane restrictions, in place over the course of the works. On 15/02/2026, 16/02/2026, 17/05/2026, 18/05/2026 there will be a full overnight closure. "
2025-12-29T19:39:25.521294,TIMS-200007,Works,Moderate,"KING WILLIAM STREET (EC3V,EC4N,EC4R) (City of London)",['bishopsgate cross route'],King William Street (Southbound) at the junction of Lombard Street - Road closed to facilitate urban realm works.
2025-12-29T19:39:25.521294,TIMS-216408,Works,Moderate,[A400] HAMPSTEAD ROAD (NW1 ) (Camden),['inner ring'],[A400] Hampstead Road (Both directions) at the junction of Robert Street - Temporary traffic signals and lane restrictions are in place for HS2 works.
2025-12-29T19:39:25.521294,TIMS-204461,Works,Moderate,"[A3203] LAMBETH BRIDGE (SE1 ,SW1P ) (Lambeth,Westminster)",['southern river route'],[A3203] Lambeth Bridge (Eastbound) between [A3036] A 3036 and [A3212] Millbank - Lane restrictions are in place at either side of the bridge for junction improvement works.
2025-12-29T19:39:25.521294,TIMS-221134,Network delays,Moderate,"[A101] ROTHERHITHE TUNNEL (E1W ,SE16 ) (Southwark,Tower Hamlets)",['southern river route'],"[A101] Rotherhithe Tunnel (Both directions) between [A200] Jamaica Road and [A13] Commercial Road - The Tunnel may be subject to short, intermittent closures"
2025-12-29T19:39:25.521294,TIMS-221661,Works,Moderate,[A308] KINGSTON HILL (KT2 ) (Kingston upon Thames),[],[A308] Kingston Hill (Both directions) at the junction of Park Road - Temporary traffic signals are in use to facilitate works. 
2025-12-29T19:39:25.521294,TIMS-220472,Hazards,Moderate,"[A4200] SOUTHAMPTON ROW (WC1A ,WC1B ,WC1N ,WC1V ) (Camden)",[],[A4200] Southampton Row (Both directions) between [A40] High Holborn and [A40] Vernon Place - The road is closed due to emergency UKPN works. Vernon Place westbound bus lane is also closed. 
2025-12-29T19:39:25.521294,TIMS-222041,Collisions,Moderate,"[A13] NEWHAM WAY (E6 ,IG11 ) (Newham)","['a13', 'a406']",[A13] Newham Way (Westbound) at the junction of [A406] Alfreds Way - Lane one at the end of the westbound on slip from Becton Roundabout to the A13 is closed after a collision
2025-12-29T19:39:25.521294,TIMS-222012,Works,Minimal,[A212] CATFORD HILL (SE6 ) (Lewisham),['a205'],[A212] Catford Hill (Both directions) at the junction of Beechfield Road - Two way temporary traffic lights in place to facilitate Thames Water works. 
2025-12-29T19:39:25.521294,TIMS-221961,Network delays,Minimal,[A2204] FERRY APPROACH (SE18 ) (Greenwich),['a205'],[A2204] Ferry Approach (Both directions) at the junction of [A206] Woolwich Ferry Roundabout - The Woolwich Ferry is not in operation due to a power failure in the area. 
2025-12-29T19:39:25.521294,TIMS-221957,Works,Minimal,[A3] WANDSWORTH HIGH STREET (SW18 ) (Wandsworth),['a205'],[A3] Wandsworth High Street (Both directions) between [A3] West Hill and [A3] East Hill - Road closures in place due to a burst water main. 
2025-12-29T19:39:25.521294,TIMS-221773,Works,Minimal,"[A216] MITCHAM LANE (SW16 ) (Lambeth,Wandsworth)",['a23'],[A216] Mitcham Lane (Both directions) at the junction of Fernwood Avenue - Temporary signals in operation to facilitate repairs to a burst water main.
2025-12-29T19:39:25.521294,TIMS-222025,Works,Minimal,[A22] GODSTONE ROAD (CR8 ) (Croydon),['a23'],"[A22] Godstone Road (Both directions) at the junction of Station Road - Two-way temporary signals in operation near Kenley station, due to burst water main repairs. "
2025-12-29T19:39:25.521294,TIMS-222023,Works,Minimal,"[A40] WESTERN AVENUE (HA4 ,UB10 ) (Hillingdon)",['a40'],"[A40] Western Avenue (Westbound) at the junction of [A4180] West End Road - Lane one (of three) closure after the onslip from Polish War Memorial, due to urgent water main repairs. "
2025-12-29T19:39:25.521294,TIMS-210389,Works,Minimal,"[A40] WESTWAY (W10 ,W12 ) (Hammersmith & Fulham,Kensington & Chelsea)",['a40'],[A40] Westway (Eastbound) at the junction of [A3220] West Cross Route - The exit slip road to the Northern Roundabout is closed to facilitate repair works. 
2025-12-29T19:39:25.521294,TIMS-222024,Works,Minimal,"[A41] HENDON WAY (NW11 ,NW2 ) (Barnet)",['a41'],"[A41] Hendon Way (Northbound) at the junction of Ridge Hill - Lane one (of three) closure opposite the junction of Ridge Hill, due to urgent water leak repairs. "
2025-12-29T19:39:25.521294,TIMS-222029,Works,Minimal,"[A1203] THE HIGHWAY (E1 ,E1W ) (Tower Hamlets)",['city route'],"[A1203] The Highway (Westbound) at the junction of [A1202] Dock Street - Lane closure due to urgent UKPN cable repairs.
"
2025-12-29T19:39:25.521294,TIMS-221963,Works,Minimal,JAIL LANE (TN16 ) (Bromley),[],Jail Lane (Both directions) at the junction of Old Tye Avenue - Road closed to facilitate Thames Water works. 
2025-12-29T19:39:25.521294,TIMS-221831,Works,Minimal,"PECKHAM RYE (SE15 ,SE22 ) (Southwark)",[],Peckham Rye (All directions) at the junction of [A2214] Nunhead Lane - Temporary traffic signals are in place to facilitate ermergency SGN works.
2025-12-29T19:39:25.521294,TIMS-216723,Works,Minimal,"TILLING ROAD (NW2 ,NW4 ) (Barnet)",[],Tilling Road (All approaches) at the junction of Claremont Road. - Temporary traffic signals in place to facilitate roadworks. 
2025-12-29T19:39:25.521294,TIMS-217012,Works,Minimal,[A206] WOOLWICH ROAD (SE7 ) (Greenwich),[],[A206] Woolwich Road (Both directions) between Anchor & Hope Lane and John Wilson Street. - Lane restrictions to facilitate the construction of a segregated cycle lane. 
2025-12-29T19:39:25.521294,TIMS-220784,Works,Minimal,"[A1205] BURDETT ROAD (E1 ,E14 ,E3 ) (Tower Hamlets)",[],"[A1205] Burdett Road (Both directions) at the junction of [B140] St Pauls Way - Temporary traffic signals lane restrictions in use to facilitate Thames Water works. In addition, no access to St Paul's Way."
2025-12-29T19:39:25.521294,TIMS-219173,Works,Minimal,[A219] WOOD LANE (W12 ) (Hammersmith & Fulham),[],[A219] Wood Lane (Both directions) at the junction of [A40] Westway - Various carriageway and footway restrictions in place to facilitate Cycle Superhighway works.
2025-12-29T19:39:25.521294,TIMS-220707,Planned events,Minimal,MILLENNIUM WAY (SE10 ) (Greenwich),[],Disney on Ice - The O2 - Millennium Way (All approaches) at the junction of Ordnance Crescent - Disney on Ice.
2025-12-29T19:39:25.521294,TIMS-212391,Works,Minimal,[A4020] UXBRIDGE ROAD (W12 ) (Hammersmith & Fulham),[],[A4020] Uxbridge Road (Both directions) at the junction of [A402] Shepherds Bush Green - Restrictions in place in various locations on Uxbridge Road and Shepherds Bush Green due to C34 cycle lane scheme works.
2025-12-29T19:39:25.521294,TIMS-213362,Works,Minimal,"[A107] MARE STREET (E8 ,E9 ) (Hackney)",[],"[A107] Mare Street (Both directions) between [A1207] Graham Road and [A107] Amhurst Road - Road is closed to facilitate urban realm works. Additionally, temporary signals are in place at the junction of Graham Road."
2025-12-29T19:39:25.521294,TIMS-221854,Works,Minimal,"[A20] ELTHAM ROAD (SE12 ,SE3 ) (Greenwich,Lewisham)",['a20'],[A20] Eltham Road (Westbound) at the junction of Cambridge Drive - Lane restrictions to be implemented to facilitate SGN works. 
2025-12-29T19:39:25.521294,TIMS-221700,Works,Minimal,[A205] WALDRAM CRESCENT (SE23 ) (Lewisham),['a205'],[A205] Waldram Crescent (Both directions) at the junction of Stanstead Road - Contra-flow in operation to facilitate SGN works.
2025-12-29T19:39:25.521294,TIMS-221978,Works,Minimal,"[A3] BATTERSEA RISE (SW11 ,SW18 ) (Wandsworth)",['a205'],[A3] Battersea Rise (Both directions) at the junction of Bolingbroke Grove - There are 2-way temporary traffic lights at this location for Thames Water works. 
2025-12-29T19:39:25.521294,TIMS-209852,Works,Minimal,"[A3205] NINE ELMS LANE (SW11 ,SW8 ) (Lambeth,Wandsworth)","['a3', 'inner ring']",[A3205] Nine Elms Lane (Both directions) at the junction of Ponton Road - Lane closures in place to facilitate Urban Realm Works.
2025-12-29T19:39:25.521294,TIMS-220695,Works,Minimal,"[A41] FINCHLEY ROAD (NW3 ,NW6 ,NW8 ) (Camden)",['a41'],[A41] Finchley Road (Southbound) at the junction of [B511] College Crescent - Lanes one and two (of three) closed to facilitate emergency Thames Water works.
2025-12-29T19:39:25.521294,TIMS-221816,Works,Minimal,[A302] GROSVENOR GARDENS (SW1W ) (Westminster),['inner ring'],[A302] Grosvenor Gardens (Southbound) at the junction of [A302] Victoria Street - The right turn from Buckingham Palace Road into Grosvenor Gardens has been closed due to emergency repairs by Cadent Gas.
2025-12-29T19:39:25.521294,TIMS-219994,Works,Minimal,[A200] LOWER ROAD (SE16 ) (Southwark),[],[A200] Lower Road (Both directions) at the junction of Surrey Quays Road - Temporary traffic signals to be implemented to facilitate cable works. 
2025-12-29T19:39:25.521294,TIMS-221797,Planned events,Minimal,HORSE GUARDS AVENUE (SW1A ) (Westminster),[],Horse Guards Avenue (Both directions) between [A3211] Victoria Embankment and Whitehall Court - The road will be closed to facilitate the build for New Year's Eve celebrations. 
2025-12-29T19:39:25.521294,TIMS-219993,Works,Minimal,[A200] LOWER ROAD (SE16 ) (Southwark),[],[A200] Lower Road (Both directions) at the junction of Gomm Road - Temporary traffic signals to be implemented to facilitate cable works. 
2025-12-29T19:39:25.521294,TIMS-219885,Works,Minimal,"[A1205] BURDETT ROAD (E1 ,E3 ) (Tower Hamlets)",[],[A1205] Burdett Road (Both directions) at the junction of [A11] Mile End Road - Lane restrictions in place to facilitate Thames Water works.
2025-12-29T19:39:25.521294,TIMS-221720,Works,Minimal,"[A112] PRINCE REGENT LANE (E13 ,E16 ) (Newham)",[],[A112] Prince Regent Lane (Northbound) at the junction of Churchill Road - Road closed northbound due to emergency Thames Water works.
2025-12-29T19:39:25.521294,TIMS-218924,Works,Minimal,[A206] WOOLWICH CHURCH STREET (SE18 ) (Greenwich),[],[A206] Woolwich Church Street (Both directions) at the junction of [A206] Woolwich Ferry Roundabout - Various restrictions in place to facilitate cycle lane works.
2025-12-29T19:39:25.521294,TIMS-222027,Works,Minimal,"[B212] STRATHEDEN ROAD (SE3 ) (Greenwich,Lewisham)",[],Thames Water works - [B212] Stratheden Road (Both directions) at the junction of [A2] Shooters Hill Road - The road is closed due to Thames Water works. 
2025-12-29T19:39:25.521294,TIMS-215004,Works,Minimal,"DU CANE ROAD (W12 ,W3 ) (Hammersmith & Fulham)",[],Du Cane Road (Both directions) at the junction of Hilary Road - Two-way temporary traffic signals are in operation for bridge works.
2025-12-29T19:39:25.521294,TIMS-221911,Works,Minimal,SELBORNE ROAD (E17 ) (Waltham Forest),[],Selborne Road (Both directions) at the junction of Vernon Road - Temporary traffic signals in operation to facilitate Thames Water works. 
2025-12-29T19:39:25.521294,TIMS-220134,Works,Minimal,"[A206] WOOLWICH CHURCH STREET (SE18 ,SE7 ) (Greenwich)",[],[A206] Woolwich Church Street (Westbound) at the junction of Warspite Road - Lane restriction due to ongoing cycle scheme works.
2025-12-29T19:47:21.845551,TIMS-222039,Collisions,Severe,"[A406] ANGEL ROAD (E4 ,N18 ) (Enfield)",['a406'],[A406] Angel Road (Westbound) at the junction of [A1055] Meridian Way - Road closed due to a collision. Argon Road is still closed in both directions between Meridian Way and Cooks Ferry. 
2025-12-29T19:47:21.845551,TIMS-218732,Planned events,Serious,"[A4202] PARK LANE (W1J ,W1K ,W2 ) (Westminster)",['inner ring'],Winter Wonderland - Hyde Park - [A4202] Park Lane (All directions) at the junction of [A4202] Achilles Way - Winter Wonderland event has opened at 10:00
2025-12-29T19:47:21.845551,TIMS-206772,Works,Moderate,"[A12] EASTERN AVENUE EAST (RM2 ,RM3 ) (Havering)",['a12'],"Gallows Corner Flyover Refurbishment - [A12] Eastern Avenue East (All directions) at the junction of [A12] Colchester Road - Various restrictions, to facilitate the refurbishment of Gallows Corner Flyover. Full closure of the Flyover and the roundabout including all approaches in place."
2025-12-29T19:47:21.845551,TIMS-213893,Works,Moderate,"[A23] STREATHAM HILL (SW16 ,SW2 ) (Lambeth)",['a23'],"[A23] Streatham Hill (Both directions) between [A205] Christchurch Road and Leigham Court Road - Various restrictions for TfL works. Lane restrictions, in place over the course of the works. On 15/02/2026, 16/02/2026, 17/05/2026, 18/05/2026 there will be a full overnight closure. "
2025-12-29T19:47:21.845551,TIMS-200007,Works,Moderate,"KING WILLIAM STREET (EC3V,EC4N,EC4R) (City of London)",['bishopsgate cross route'],King William Street (Southbound) at the junction of Lombard Street - Road closed to facilitate urban realm works.
2025-12-29T19:47:21.845551,TIMS-216408,Works,Moderate,[A400] HAMPSTEAD ROAD (NW1 ) (Camden),['inner ring'],[A400] Hampstead Road (Both directions) at the junction of Robert Street - Temporary traffic signals and lane restrictions are in place for HS2 works.
2025-12-29T19:47:21.845551,TIMS-204461,Works,Moderate,"[A3203] LAMBETH BRIDGE (SE1 ,SW1P ) (Lambeth,Westminster)",['southern river route'],[A3203] Lambeth Bridge (Eastbound) between [A3036] A 3036 and [A3212] Millbank - Lane restrictions are in place at either side of the bridge for junction improvement works.
2025-12-29T19:47:21.845551,TIMS-221134,Network delays,Moderate,"[A101] ROTHERHITHE TUNNEL (E1W ,SE16 ) (Southwark,Tower Hamlets)",['southern river route'],"[A101] Rotherhithe Tunnel (Both directions) between [A200] Jamaica Road and [A13] Commercial Road - The Tunnel may be subject to short, intermittent closures"
2025-12-29T19:47:21.845551,TIMS-221661,Works,Moderate,[A308] KINGSTON HILL (KT2 ) (Kingston upon Thames),[],[A308] Kingston Hill (Both directions) at the junction of Park Road - Temporary traffic signals are in use to facilitate works. 
2025-12-29T19:47:21.845551,TIMS-220472,Hazards,Moderate,"[A4200] SOUTHAMPTON ROW (WC1A ,WC1B ,WC1N ,WC1V ) (Camden)",[],[A4200] Southampton Row (Both directions) between [A40] High Holborn and [A40] Vernon Place - The road is closed due to emergency UKPN works. Vernon Place westbound bus lane is also closed. 
2025-12-29T19:47:21.845551,TIMS-222041,Collisions,Moderate,"[A13] NEWHAM WAY (E6 ,IG11 ) (Newham)","['a13', 'a406']",[A13] Newham Way (Westbound) at the junction of [A406] Alfreds Way - Lane one at the end of the westbound on slip from Becton Roundabout to the A13 is closed after a collision
2025-12-29T19:47:21.845551,TIMS-222012,Works,Minimal,[A212] CATFORD HILL (SE6 ) (Lewisham),['a205'],[A212] Catford Hill (Both directions) at the junction of Beechfield Road - Two way temporary traffic lights in place to facilitate Thames Water works. 
2025-12-29T19:47:21.845551,TIMS-221961,Network delays,Minimal,[A2204] FERRY APPROACH (SE18 ) (Greenwich),['a205'],[A2204] Ferry Approach (Both directions) at the junction of [A206] Woolwich Ferry Roundabout - The Woolwich Ferry is not in operation due to a power failure in the area. 
2025-12-29T19:47:21.845551,TIMS-221957,Works,Minimal,[A3] WANDSWORTH HIGH STREET (SW18 ) (Wandsworth),['a205'],[A3] Wandsworth High Street (Both directions) between [A3] West Hill and [A3] East Hill - Road closures in place due to a burst water main. 
2025-12-29T19:47:21.845551,TIMS-221773,Works,Minimal,"[A216] MITCHAM LANE (SW16 ) (Lambeth,Wandsworth)",['a23'],[A216] Mitcham Lane (Both directions) at the junction of Fernwood Avenue - Temporary signals in operation to facilitate repairs to a burst water main.
2025-12-29T19:47:21.845551,TIMS-222025,Works,Minimal,[A22] GODSTONE ROAD (CR8 ) (Croydon),['a23'],"[A22] Godstone Road (Both directions) at the junction of Station Road - Two-way temporary signals in operation near Kenley station, due to burst water main repairs. "
2025-12-29T19:47:21.845551,TIMS-222023,Works,Minimal,"[A40] WESTERN AVENUE (HA4 ,UB10 ) (Hillingdon)",['a40'],"[A40] Western Avenue (Westbound) at the junction of [A4180] West End Road - Lane one (of three) closure after the onslip from Polish War Memorial, due to urgent water main repairs. "
2025-12-29T19:47:21.845551,TIMS-210389,Works,Minimal,"[A40] WESTWAY (W10 ,W12 ) (Hammersmith & Fulham,Kensington & Chelsea)",['a40'],[A40] Westway (Eastbound) at the junction of [A3220] West Cross Route - The exit slip road to the Northern Roundabout is closed to facilitate repair works. 
2025-12-29T19:47:21.845551,TIMS-222024,Works,Minimal,"[A41] HENDON WAY (NW11 ,NW2 ) (Barnet)",['a41'],"[A41] Hendon Way (Northbound) at the junction of Ridge Hill - Lane one (of three) closure opposite the junction of Ridge Hill, due to urgent water leak repairs. "
2025-12-29T19:47:21.845551,TIMS-222029,Works,Minimal,"[A1203] THE HIGHWAY (E1 ,E1W ) (Tower Hamlets)",['city route'],"[A1203] The Highway (Westbound) at the junction of [A1202] Dock Street - Lane closure due to urgent UKPN cable repairs.
"
2025-12-29T19:47:21.845551,TIMS-221963,Works,Minimal,JAIL LANE (TN16 ) (Bromley),[],Jail Lane (Both directions) at the junction of Old Tye Avenue - Road closed to facilitate Thames Water works. 
2025-12-29T19:47:21.845551,TIMS-221831,Works,Minimal,"PECKHAM RYE (SE15 ,SE22 ) (Southwark)",[],Peckham Rye (All directions) at the junction of [A2214] Nunhead Lane - Temporary traffic signals are in place to facilitate ermergency SGN works.
2025-12-29T19:47:21.845551,TIMS-216723,Works,Minimal,"TILLING ROAD (NW2 ,NW4 ) (Barnet)",[],Tilling Road (All approaches) at the junction of Claremont Road. - Temporary traffic signals in place to facilitate roadworks. 
2025-12-29T19:47:21.845551,TIMS-217012,Works,Minimal,[A206] WOOLWICH ROAD (SE7 ) (Greenwich),[],[A206] Woolwich Road (Both directions) between Anchor & Hope Lane and John Wilson Street. - Lane restrictions to facilitate the construction of a segregated cycle lane. 
2025-12-29T19:47:21.845551,TIMS-220784,Works,Minimal,"[A1205] BURDETT ROAD (E1 ,E14 ,E3 ) (Tower Hamlets)",[],"[A1205] Burdett Road (Both directions) at the junction of [B140] St Pauls Way - Temporary traffic signals lane restrictions in use to facilitate Thames Water works. In addition, no access to St Paul's Way."
2025-12-29T19:47:21.845551,TIMS-219173,Works,Minimal,[A219] WOOD LANE (W12 ) (Hammersmith & Fulham),[],[A219] Wood Lane (Both directions) at the junction of [A40] Westway - Various carriageway and footway restrictions in place to facilitate Cycle Superhighway works.
2025-12-29T19:47:21.845551,TIMS-220707,Planned events,Minimal,MILLENNIUM WAY (SE10 ) (Greenwich),[],Disney on Ice - The O2 - Millennium Way (All approaches) at the junction of Ordnance Crescent - Disney on Ice.
2025-12-29T19:47:21.845551,TIMS-212391,Works,Minimal,[A4020] UXBRIDGE ROAD (W12 ) (Hammersmith & Fulham),[],[A4020] Uxbridge Road (Both directions) at the junction of [A402] Shepherds Bush Green - Restrictions in place in various locations on Uxbridge Road and Shepherds Bush Green due to C34 cycle lane scheme works.
2025-12-29T19:47:21.845551,TIMS-213362,Works,Minimal,"[A107] MARE STREET (E8 ,E9 ) (Hackney)",[],"[A107] Mare Street (Both directions) between [A1207] Graham Road and [A107] Amhurst Road - Road is closed to facilitate urban realm works. Additionally, temporary signals are in place at the junction of Graham Road."
2025-12-29T19:47:21.845551,TIMS-221854,Works,Minimal,"[A20] ELTHAM ROAD (SE12 ,SE3 ) (Greenwich,Lewisham)",['a20'],[A20] Eltham Road (Westbound) at the junction of Cambridge Drive - Lane restrictions to be implemented to facilitate SGN works. 
2025-12-29T19:47:21.845551,TIMS-221700,Works,Minimal,[A205] WALDRAM CRESCENT (SE23 ) (Lewisham),['a205'],[A205] Waldram Crescent (Both directions) at the junction of Stanstead Road - Contra-flow in operation to facilitate SGN works.
2025-12-29T19:47:21.845551,TIMS-221978,Works,Minimal,"[A3] BATTERSEA RISE (SW11 ,SW18 ) (Wandsworth)",['a205'],[A3] Battersea Rise (Both directions) at the junction of Bolingbroke Grove - There are 2-way temporary traffic lights at this location for Thames Water works. 
2025-12-29T19:47:21.845551,TIMS-209852,Works,Minimal,"[A3205] NINE ELMS LANE (SW11 ,SW8 ) (Lambeth,Wandsworth)","['a3', 'inner ring']",[A3205] Nine Elms Lane (Both directions) at the junction of Ponton Road - Lane closures in place to facilitate Urban Realm Works.
2025-12-29T19:47:21.845551,TIMS-220695,Works,Minimal,"[A41] FINCHLEY ROAD (NW3 ,NW6 ,NW8 ) (Camden)",['a41'],[A41] Finchley Road (Southbound) at the junction of [B511] College Crescent - Lanes one and two (of three) closed to facilitate emergency Thames Water works.
2025-12-29T19:47:21.845551,TIMS-221816,Works,Minimal,[A302] GROSVENOR GARDENS (SW1W ) (Westminster),['inner ring'],[A302] Grosvenor Gardens (Southbound) at the junction of [A302] Victoria Street - The right turn from Buckingham Palace Road into Grosvenor Gardens has been closed due to emergency repairs by Cadent Gas.
2025-12-29T19:47:21.845551,TIMS-219994,Works,Minimal,[A200] LOWER ROAD (SE16 ) (Southwark),[],[A200] Lower Road (Both directions) at the junction of Surrey Quays Road - Temporary traffic signals to be implemented to facilitate cable works. 
2025-12-29T19:47:21.845551,TIMS-221797,Planned events,Minimal,HORSE GUARDS AVENUE (SW1A ) (Westminster),[],Horse Guards Avenue (Both directions) between [A3211] Victoria Embankment and Whitehall Court - The road will be closed to facilitate the build for New Year's Eve celebrations. 
2025-12-29T19:47:21.845551,TIMS-219993,Works,Minimal,[A200] LOWER ROAD (SE16 ) (Southwark),[],[A200] Lower Road (Both directions) at the junction of Gomm Road - Temporary traffic signals to be implemented to facilitate cable works. 
2025-12-29T19:47:21.845551,TIMS-219885,Works,Minimal,"[A1205] BURDETT ROAD (E1 ,E3 ) (Tower Hamlets)",[],[A1205] Burdett Road (Both directions) at the junction of [A11] Mile End Road - Lane restrictions in place to facilitate Thames Water works.
2025-12-29T19:47:21.845551,TIMS-221720,Works,Minimal,"[A112] PRINCE REGENT LANE (E13 ,E16 ) (Newham)",[],[A112] Prince Regent Lane (Northbound) at the junction of Churchill Road - Road closed northbound due to emergency Thames Water works.
2025-12-29T19:47:21.845551,TIMS-218924,Works,Minimal,[A206] WOOLWICH CHURCH STREET (SE18 ) (Greenwich),[],[A206] Woolwich Church Street (Both directions) at the junction of [A206] Woolwich Ferry Roundabout - Various restrictions in place to facilitate cycle lane works.
2025-12-29T19:47:21.845551,TIMS-222027,Works,Minimal,"[B212] STRATHEDEN ROAD (SE3 ) (Greenwich,Lewisham)",[],Thames Water works - [B212] Stratheden Road (Both directions) at the junction of [A2] Shooters Hill Road - The road is closed due to Thames Water works. 
2025-12-29T19:47:21.845551,TIMS-215004,Works,Minimal,"DU CANE ROAD (W12 ,W3 ) (Hammersmith & Fulham)",[],Du Cane Road (Both directions) at the junction of Hilary Road - Two-way temporary traffic signals are in operation for bridge works.
2025-12-29T19:47:21.845551,TIMS-221911,Works,Minimal,SELBORNE ROAD (E17 ) (Waltham Forest),[],Selborne Road (Both directions) at the junction of Vernon Road - Temporary traffic signals in operation to facilitate Thames Water works. 
2025-12-29T19:47:21.845551,TIMS-220134,Works,Minimal,"[A206] WOOLWICH CHURCH STREET (SE18 ,SE7 ) (Greenwich)",[],[A206] Woolwich Church Street (Westbound) at the junction of Warspite Road - Lane restriction due to ongoing cycle scheme works.
2025-12-29T19:55:18.719260,TIMS-222039,Collisions,Severe,"[A406] ANGEL ROAD (E4 ,N18 ) (Enfield)",['a406'],[A406] Angel Road (Westbound) at the junction of [A1055] Meridian Way - Road closed due to a collision. Argon Road is still closed in both directions between Meridian Way and Cooks Ferry. 
2025-12-29T19:55:18.719260,TIMS-218732,Planned events,Serious,"[A4202] PARK LANE (W1J ,W1K ,W2 ) (Westminster)",['inner ring'],Winter Wonderland - Hyde Park - [A4202] Park Lane (All directions) at the junction of [A4202] Achilles Way - Winter Wonderland event has opened at 10:00
2025-12-29T19:55:18.719260,TIMS-206772,Works,Moderate,"[A12] EASTERN AVENUE EAST (RM2 ,RM3 ) (Havering)",['a12'],"Gallows Corner Flyover Refurbishment - [A12] Eastern Avenue East (All directions) at the junction of [A12] Colchester Road - Various restrictions, to facilitate the refurbishment of Gallows Corner Flyover. Full closure of the Flyover and the roundabout including all approaches in place."
2025-12-29T19:55:18.719260,TIMS-213893,Works,Moderate,"[A23] STREATHAM HILL (SW16 ,SW2 ) (Lambeth)",['a23'],"[A23] Streatham Hill (Both directions) between [A205] Christchurch Road and Leigham Court Road - Various restrictions for TfL works. Lane restrictions, in place over the course of the works. On 15/02/2026, 16/02/2026, 17/05/2026, 18/05/2026 there will be a full overnight closure. "
2025-12-29T19:55:18.719260,TIMS-200007,Works,Moderate,"KING WILLIAM STREET (EC3V,EC4N,EC4R) (City of London)",['bishopsgate cross route'],King William Street (Southbound) at the junction of Lombard Street - Road closed to facilitate urban realm works.
2025-12-29T19:55:18.719260,TIMS-216408,Works,Moderate,[A400] HAMPSTEAD ROAD (NW1 ) (Camden),['inner ring'],[A400] Hampstead Road (Both directions) at the junction of Robert Street - Temporary traffic signals and lane restrictions are in place for HS2 works.
2025-12-29T19:55:18.719260,TIMS-204461,Works,Moderate,"[A3203] LAMBETH BRIDGE (SE1 ,SW1P ) (Lambeth,Westminster)",['southern river route'],[A3203] Lambeth Bridge (Eastbound) between [A3036] A 3036 and [A3212] Millbank - Lane restrictions are in place at either side of the bridge for junction improvement works.
2025-12-29T19:55:18.719260,TIMS-221134,Network delays,Moderate,"[A101] ROTHERHITHE TUNNEL (E1W ,SE16 ) (Southwark,Tower Hamlets)",['southern river route'],"[A101] Rotherhithe Tunnel (Both directions) between [A200] Jamaica Road and [A13] Commercial Road - The Tunnel may be subject to short, intermittent closures"
2025-12-29T19:55:18.719260,TIMS-221661,Works,Moderate,[A308] KINGSTON HILL (KT2 ) (Kingston upon Thames),[],[A308] Kingston Hill (Both directions) at the junction of Park Road - Temporary traffic signals are in use to facilitate works. 
2025-12-29T19:55:18.719260,TIMS-220472,Hazards,Moderate,"[A4200] SOUTHAMPTON ROW (WC1A ,WC1B ,WC1N ,WC1V ) (Camden)",[],[A4200] Southampton Row (Both directions) between [A40] High Holborn and [A40] Vernon Place - The road is closed due to emergency UKPN works. Vernon Place westbound bus lane is also closed. 
2025-12-29T19:55:18.719260,TIMS-222041,Collisions,Moderate,"[A13] NEWHAM WAY (E6 ,IG11 ) (Newham)","['a13', 'a406']",[A13] Newham Way (Westbound) at the junction of [A406] Alfreds Way - Lane one at the end of the westbound on slip from Becton Roundabout to the A13 is closed after a collision
2025-12-29T19:55:18.719260,TIMS-222012,Works,Minimal,[A212] CATFORD HILL (SE6 ) (Lewisham),['a205'],[A212] Catford Hill (Both directions) at the junction of Beechfield Road - Two way temporary traffic lights in place to facilitate Thames Water works. 
2025-12-29T19:55:18.719260,TIMS-221961,Network delays,Minimal,[A2204] FERRY APPROACH (SE18 ) (Greenwich),['a205'],[A2204] Ferry Approach (Both directions) at the junction of [A206] Woolwich Ferry Roundabout - The Woolwich Ferry is not in operation due to a power failure in the area. 
2025-12-29T19:55:18.719260,TIMS-221957,Works,Minimal,[A3] WANDSWORTH HIGH STREET (SW18 ) (Wandsworth),['a205'],[A3] Wandsworth High Street (Both directions) between [A3] West Hill and [A3] East Hill - Road closures in place due to a burst water main. 
2025-12-29T19:55:18.719260,TIMS-221773,Works,Minimal,"[A216] MITCHAM LANE (SW16 ) (Lambeth,Wandsworth)",['a23'],[A216] Mitcham Lane (Both directions) at the junction of Fernwood Avenue - Temporary signals in operation to facilitate repairs to a burst water main.
2025-12-29T19:55:18.719260,TIMS-222025,Works,Minimal,[A22] GODSTONE ROAD (CR8 ) (Croydon),['a23'],"[A22] Godstone Road (Both directions) at the junction of Station Road - Two-way temporary signals in operation near Kenley station, due to burst water main repairs. "
2025-12-29T19:55:18.719260,TIMS-222023,Works,Minimal,"[A40] WESTERN AVENUE (HA4 ,UB10 ) (Hillingdon)",['a40'],"[A40] Western Avenue (Westbound) at the junction of [A4180] West End Road - Lane one (of three) closure after the onslip from Polish War Memorial, due to urgent water main repairs. "
2025-12-29T19:55:18.719260,TIMS-210389,Works,Minimal,"[A40] WESTWAY (W10 ,W12 ) (Hammersmith & Fulham,Kensington & Chelsea)",['a40'],[A40] Westway (Eastbound) at the junction of [A3220] West Cross Route - The exit slip road to the Northern Roundabout is closed to facilitate repair works. 
2025-12-29T19:55:18.719260,TIMS-222024,Works,Minimal,"[A41] HENDON WAY (NW11 ,NW2 ) (Barnet)",['a41'],"[A41] Hendon Way (Northbound) at the junction of Ridge Hill - Lane one (of three) closure opposite the junction of Ridge Hill, due to urgent water leak repairs. "
2025-12-29T19:55:18.719260,TIMS-222029,Works,Minimal,"[A1203] THE HIGHWAY (E1 ,E1W ) (Tower Hamlets)",['city route'],"[A1203] The Highway (Westbound) at the junction of [A1202] Dock Street - Lane closure due to urgent UKPN cable repairs.
"
2025-12-29T19:55:18.719260,TIMS-221963,Works,Minimal,JAIL LANE (TN16 ) (Bromley),[],Jail Lane (Both directions) at the junction of Old Tye Avenue - Road closed to facilitate Thames Water works. 
2025-12-29T19:55:18.719260,TIMS-221831,Works,Minimal,"PECKHAM RYE (SE15 ,SE22 ) (Southwark)",[],Peckham Rye (All directions) at the junction of [A2214] Nunhead Lane - Temporary traffic signals are in place to facilitate ermergency SGN works.
2025-12-29T19:55:18.719260,TIMS-216723,Works,Minimal,"TILLING ROAD (NW2 ,NW4 ) (Barnet)",[],Tilling Road (All approaches) at the junction of Claremont Road. - Temporary traffic signals in place to facilitate roadworks. 
2025-12-29T19:55:18.719260,TIMS-217012,Works,Minimal,[A206] WOOLWICH ROAD (SE7 ) (Greenwich),[],[A206] Woolwich Road (Both directions) between Anchor & Hope Lane and John Wilson Street. - Lane restrictions to facilitate the construction of a segregated cycle lane. 
2025-12-29T19:55:18.719260,TIMS-220784,Works,Minimal,"[A1205] BURDETT ROAD (E1 ,E14 ,E3 ) (Tower Hamlets)",[],"[A1205] Burdett Road (Both directions) at the junction of [B140] St Pauls Way - Temporary traffic signals lane restrictions in use to facilitate Thames Water works. In addition, no access to St Paul's Way."
2025-12-29T19:55:18.719260,TIMS-219173,Works,Minimal,[A219] WOOD LANE (W12 ) (Hammersmith & Fulham),[],[A219] Wood Lane (Both directions) at the junction of [A40] Westway - Various carriageway and footway restrictions in place to facilitate Cycle Superhighway works.
2025-12-29T19:55:18.719260,TIMS-220707,Planned events,Minimal,MILLENNIUM WAY (SE10 ) (Greenwich),[],Disney on Ice - The O2 - Millennium Way (All approaches) at the junction of Ordnance Crescent - Disney on Ice.
2025-12-29T19:55:18.719260,TIMS-212391,Works,Minimal,[A4020] UXBRIDGE ROAD (W12 ) (Hammersmith & Fulham),[],[A4020] Uxbridge Road (Both directions) at the junction of [A402] Shepherds Bush Green - Restrictions in place in various locations on Uxbridge Road and Shepherds Bush Green due to C34 cycle lane scheme works.
2025-12-29T19:55:18.719260,TIMS-213362,Works,Minimal,"[A107] MARE STREET (E8 ,E9 ) (Hackney)",[],"[A107] Mare Street (Both directions) between [A1207] Graham Road and [A107] Amhurst Road - Road is closed to facilitate urban realm works. Additionally, temporary signals are in place at the junction of Graham Road."
2025-12-29T19:55:18.719260,TIMS-221854,Works,Minimal,"[A20] ELTHAM ROAD (SE12 ,SE3 ) (Greenwich,Lewisham)",['a20'],[A20] Eltham Road (Westbound) at the junction of Cambridge Drive - Lane restrictions to be implemented to facilitate SGN works. 
2025-12-29T19:55:18.719260,TIMS-221700,Works,Minimal,[A205] WALDRAM CRESCENT (SE23 ) (Lewisham),['a205'],[A205] Waldram Crescent (Both directions) at the junction of Stanstead Road - Contra-flow in operation to facilitate SGN works.
2025-12-29T19:55:18.719260,TIMS-221978,Works,Minimal,"[A3] BATTERSEA RISE (SW11 ,SW18 ) (Wandsworth)",['a205'],[A3] Battersea Rise (Both directions) at the junction of Bolingbroke Grove - There are 2-way temporary traffic lights at this location for Thames Water works. 
2025-12-29T19:55:18.719260,TIMS-209852,Works,Minimal,"[A3205] NINE ELMS LANE (SW11 ,SW8 ) (Lambeth,Wandsworth)","['a3', 'inner ring']",[A3205] Nine Elms Lane (Both directions) at the junction of Ponton Road - Lane closures in place to facilitate Urban Realm Works.
2025-12-29T19:55:18.719260,TIMS-220695,Works,Minimal,"[A41] FINCHLEY ROAD (NW3 ,NW6 ,NW8 ) (Camden)",['a41'],[A41] Finchley Road (Southbound) at the junction of [B511] College Crescent - Lanes one and two (of three) closed to facilitate emergency Thames Water works.
2025-12-29T19:55:18.719260,TIMS-221816,Works,Minimal,[A302] GROSVENOR GARDENS (SW1W ) (Westminster),['inner ring'],[A302] Grosvenor Gardens (Southbound) at the junction of [A302] Victoria Street - The right turn from Buckingham Palace Road into Grosvenor Gardens has been closed due to emergency repairs by Cadent Gas.
2025-12-29T19:55:18.719260,TIMS-219994,Works,Minimal,[A200] LOWER ROAD (SE16 ) (Southwark),[],[A200] Lower Road (Both directions) at the junction of Surrey Quays Road - Temporary traffic signals to be implemented to facilitate cable works. 
2025-12-29T19:55:18.719260,TIMS-221797,Planned events,Minimal,HORSE GUARDS AVENUE (SW1A ) (Westminster),[],Horse Guards Avenue (Both directions) between [A3211] Victoria Embankment and Whitehall Court - The road will be closed to facilitate the build for New Year's Eve celebrations. 
2025-12-29T19:55:18.719260,TIMS-219993,Works,Minimal,[A200] LOWER ROAD (SE16 ) (Southwark),[],[A200] Lower Road (Both directions) at the junction of Gomm Road - Temporary traffic signals to be implemented to facilitate cable works. 
2025-12-29T19:55:18.719260,TIMS-219885,Works,Minimal,"[A1205] BURDETT ROAD (E1 ,E3 ) (Tower Hamlets)",[],[A1205] Burdett Road (Both directions) at the junction of [A11] Mile End Road - Lane restrictions in place to facilitate Thames Water works.
2025-12-29T19:55:18.719260,TIMS-221720,Works,Minimal,"[A112] PRINCE REGENT LANE (E13 ,E16 ) (Newham)",[],[A112] Prince Regent Lane (Northbound) at the junction of Churchill Road - Road closed northbound due to emergency Thames Water works.
2025-12-29T19:55:18.719260,TIMS-218924,Works,Minimal,[A206] WOOLWICH CHURCH STREET (SE18 ) (Greenwich),[],[A206] Woolwich Church Street (Both directions) at the junction of [A206] Woolwich Ferry Roundabout - Various restrictions in place to facilitate cycle lane works.
2025-12-29T19:55:18.719260,TIMS-222027,Works,Minimal,"[B212] STRATHEDEN ROAD (SE3 ) (Greenwich,Lewisham)",[],Thames Water works - [B212] Stratheden Road (Both directions) at the junction of [A2] Shooters Hill Road - The road is closed due to Thames Water works. 
2025-12-29T19:55:18.719260,TIMS-215004,Works,Minimal,"DU CANE ROAD (W12 ,W3 ) (Hammersmith & Fulham)",[],Du Cane Road (Both directions) at the junction of Hilary Road - Two-way temporary traffic signals are in operation for bridge works.
2025-12-29T19:55:18.719260,TIMS-221911,Works,Minimal,SELBORNE ROAD (E17 ) (Waltham Forest),[],Selborne Road (Both directions) at the junction of Vernon Road - Temporary traffic signals in operation to facilitate Thames Water works. 
2025-12-29T19:55:18.719260,TIMS-220134,Works,Minimal,"[A206] WOOLWICH CHURCH STREET (SE18 ,SE7 ) (Greenwich)",[],[A206] Woolwich Church Street (Westbound) at the junction of Warspite Road - Lane restriction due to ongoing cycle scheme works.
2025-12-29T20:16:42.553933,TIMS-222039,Collisions,Severe,"[A406] ANGEL ROAD (E4 ,N18 ) (Enfield)",['a406'],[A406] Angel Road (Westbound) at the junction of [A1055] Meridian Way - Road closed due to a collision. Argon Road is still closed in both directions between Meridian Way and Cooks Ferry. 
2025-12-29T20:16:42.553933,TIMS-218732,Planned events,Serious,"[A4202] PARK LANE (W1J ,W1K ,W2 ) (Westminster)",['inner ring'],Winter Wonderland - Hyde Park - [A4202] Park Lane (All directions) at the junction of [A4202] Achilles Way - Winter Wonderland event has opened at 10:00
2025-12-29T20:16:42.553933,TIMS-206772,Works,Moderate,"[A12] EASTERN AVENUE EAST (RM2 ,RM3 ) (Havering)",['a12'],"Gallows Corner Flyover Refurbishment - [A12] Eastern Avenue East (All directions) at the junction of [A12] Colchester Road - Various restrictions, to facilitate the refurbishment of Gallows Corner Flyover. Full closure of the Flyover and the roundabout including all approaches in place."
2025-12-29T20:16:42.553933,TIMS-213893,Works,Moderate,"[A23] STREATHAM HILL (SW16 ,SW2 ) (Lambeth)",['a23'],"[A23] Streatham Hill (Both directions) between [A205] Christchurch Road and Leigham Court Road - Various restrictions for TfL works. Lane restrictions, in place over the course of the works. On 15/02/2026, 16/02/2026, 17/05/2026, 18/05/2026 there will be a full overnight closure. "
2025-12-29T20:16:42.553933,TIMS-200007,Works,Moderate,"KING WILLIAM STREET (EC3V,EC4N,EC4R) (City of London)",['bishopsgate cross route'],King William Street (Southbound) at the junction of Lombard Street - Road closed to facilitate urban realm works.
2025-12-29T20:16:42.553933,TIMS-216408,Works,Moderate,[A400] HAMPSTEAD ROAD (NW1 ) (Camden),['inner ring'],[A400] Hampstead Road (Both directions) at the junction of Robert Street - Temporary traffic signals and lane restrictions are in place for HS2 works.
2025-12-29T20:16:42.553933,TIMS-204461,Works,Moderate,"[A3203] LAMBETH BRIDGE (SE1 ,SW1P ) (Lambeth,Westminster)",['southern river route'],[A3203] Lambeth Bridge (Eastbound) between [A3036] A 3036 and [A3212] Millbank - Lane restrictions are in place at either side of the bridge for junction improvement works.
2025-12-29T20:16:42.553933,TIMS-221134,Network delays,Moderate,"[A101] ROTHERHITHE TUNNEL (E1W ,SE16 ) (Southwark,Tower Hamlets)",['southern river route'],"[A101] Rotherhithe Tunnel (Both directions) between [A200] Jamaica Road and [A13] Commercial Road - The Tunnel may be subject to short, intermittent closures"
2025-12-29T20:16:42.553933,TIMS-221661,Works,Moderate,[A308] KINGSTON HILL (KT2 ) (Kingston upon Thames),[],[A308] Kingston Hill (Both directions) at the junction of Park Road - Temporary traffic signals are in use to facilitate works. 
2025-12-29T20:16:42.553933,TIMS-220472,Hazards,Moderate,"[A4200] SOUTHAMPTON ROW (WC1A ,WC1B ,WC1N ,WC1V ) (Camden)",[],[A4200] Southampton Row (Both directions) between [A40] High Holborn and [A40] Vernon Place - The road is closed due to emergency UKPN works. Vernon Place westbound bus lane is also closed. 
2025-12-29T20:16:42.553933,TIMS-222041,Collisions,Moderate,"[A13] NEWHAM WAY (E6 ,IG11 ) (Newham)","['a13', 'a406']",[A13] Newham Way (Westbound) at the junction of [A406] Alfreds Way - Lane one at the end of the westbound on slip from Becton Roundabout to the A13 is closed after a collision
2025-12-29T20:16:42.553933,TIMS-222012,Works,Minimal,[A212] CATFORD HILL (SE6 ) (Lewisham),['a205'],[A212] Catford Hill (Both directions) at the junction of Beechfield Road - Two way temporary traffic lights in place to facilitate Thames Water works. 
2025-12-29T20:16:42.553933,TIMS-221961,Network delays,Minimal,[A2204] FERRY APPROACH (SE18 ) (Greenwich),['a205'],[A2204] Ferry Approach (Both directions) at the junction of [A206] Woolwich Ferry Roundabout - The Woolwich Ferry is not in operation due to a power failure in the area. 
2025-12-29T20:16:42.553933,TIMS-221957,Works,Minimal,[A3] WANDSWORTH HIGH STREET (SW18 ) (Wandsworth),['a205'],[A3] Wandsworth High Street (Both directions) between [A3] West Hill and [A3] East Hill - Road closures in place due to a burst water main. 
2025-12-29T20:16:42.553933,TIMS-222025,Works,Minimal,[A22] GODSTONE ROAD (CR8 ) (Croydon),['a23'],"[A22] Godstone Road (Both directions) at the junction of Station Road - Two-way temporary signals in operation near Kenley station, due to burst water main repairs. "
2025-12-29T20:16:42.553933,TIMS-221773,Works,Minimal,"[A216] MITCHAM LANE (SW16 ) (Lambeth,Wandsworth)",['a23'],[A216] Mitcham Lane (Both directions) at the junction of Fernwood Avenue - Temporary signals in operation to facilitate repairs to a burst water main.
2025-12-29T20:16:42.553933,TIMS-222023,Works,Minimal,"[A40] WESTERN AVENUE (HA4 ,UB10 ) (Hillingdon)",['a40'],"[A40] Western Avenue (Westbound) at the junction of [A4180] West End Road - Lane one (of three) closure after the onslip from Polish War Memorial, due to urgent water main repairs. "
2025-12-29T20:16:42.553933,TIMS-210389,Works,Minimal,"[A40] WESTWAY (W10 ,W12 ) (Hammersmith & Fulham,Kensington & Chelsea)",['a40'],[A40] Westway (Eastbound) at the junction of [A3220] West Cross Route - The exit slip road to the Northern Roundabout is closed to facilitate repair works. 
2025-12-29T20:16:42.553933,TIMS-222024,Works,Minimal,"[A41] HENDON WAY (NW11 ,NW2 ) (Barnet)",['a41'],"[A41] Hendon Way (Northbound) at the junction of Ridge Hill - Lane one (of three) closure opposite the junction of Ridge Hill, due to urgent water leak repairs. "
2025-12-29T20:16:42.553933,TIMS-222029,Works,Minimal,"[A1203] THE HIGHWAY (E1 ,E1W ) (Tower Hamlets)",['city route'],"[A1203] The Highway (Westbound) at the junction of [A1202] Dock Street - Lane closure due to urgent UKPN cable repairs.
"
2025-12-29T20:16:42.553933,TIMS-217012,Works,Minimal,[A206] WOOLWICH ROAD (SE7 ) (Greenwich),[],[A206] Woolwich Road (Both directions) between Anchor & Hope Lane and John Wilson Street. - Lane restrictions to facilitate the construction of a segregated cycle lane. 
2025-12-29T20:16:42.553933,TIMS-221963,Works,Minimal,JAIL LANE (TN16 ) (Bromley),[],Jail Lane (Both directions) at the junction of Old Tye Avenue - Road closed to facilitate Thames Water works. 
2025-12-29T20:16:42.553933,TIMS-221831,Works,Minimal,"PECKHAM RYE (SE15 ,SE22 ) (Southwark)",[],Peckham Rye (All directions) at the junction of [A2214] Nunhead Lane - Temporary traffic signals are in place to facilitate ermergency SGN works.
2025-12-29T20:16:42.553933,TIMS-216723,Works,Minimal,"TILLING ROAD (NW2 ,NW4 ) (Barnet)",[],Tilling Road (All approaches) at the junction of Claremont Road. - Temporary traffic signals in place to facilitate roadworks. 
2025-12-29T20:16:42.553933,TIMS-220784,Works,Minimal,"[A1205] BURDETT ROAD (E1 ,E14 ,E3 ) (Tower Hamlets)",[],"[A1205] Burdett Road (Both directions) at the junction of [B140] St Pauls Way - Temporary traffic signals lane restrictions in use to facilitate Thames Water works. In addition, no access to St Paul's Way."
2025-12-29T20:16:42.553933,TIMS-212391,Works,Minimal,[A4020] UXBRIDGE ROAD (W12 ) (Hammersmith & Fulham),[],[A4020] Uxbridge Road (Both directions) at the junction of [A402] Shepherds Bush Green - Restrictions in place in various locations on Uxbridge Road and Shepherds Bush Green due to C34 cycle lane scheme works.
2025-12-29T20:16:42.553933,TIMS-220707,Planned events,Minimal,MILLENNIUM WAY (SE10 ) (Greenwich),[],Disney on Ice - The O2 - Millennium Way (All approaches) at the junction of Ordnance Crescent - Disney on Ice.
2025-12-29T20:16:42.553933,TIMS-213362,Works,Minimal,"[A107] MARE STREET (E8 ,E9 ) (Hackney)",[],"[A107] Mare Street (Both directions) between [A1207] Graham Road and [A107] Amhurst Road - Road is closed to facilitate urban realm works. Additionally, temporary signals are in place at the junction of Graham Road."
2025-12-29T20:16:42.553933,TIMS-219173,Works,Minimal,[A219] WOOD LANE (W12 ) (Hammersmith & Fulham),[],[A219] Wood Lane (Both directions) at the junction of [A40] Westway - Various carriageway and footway restrictions in place to facilitate Cycle Superhighway works.
2025-12-29T20:16:42.553933,TIMS-221854,Works,Minimal,"[A20] ELTHAM ROAD (SE12 ,SE3 ) (Greenwich,Lewisham)",['a20'],[A20] Eltham Road (Westbound) at the junction of Cambridge Drive - Lane restrictions to be implemented to facilitate SGN works. 
2025-12-29T20:16:42.553933,TIMS-221700,Works,Minimal,[A205] WALDRAM CRESCENT (SE23 ) (Lewisham),['a205'],[A205] Waldram Crescent (Both directions) at the junction of Stanstead Road - Contra-flow in operation to facilitate SGN works.
2025-12-29T20:16:42.553933,TIMS-221978,Works,Minimal,"[A3] BATTERSEA RISE (SW11 ,SW18 ) (Wandsworth)",['a205'],[A3] Battersea Rise (Both directions) at the junction of Bolingbroke Grove - There are 2-way temporary traffic lights at this location for Thames Water works. 
2025-12-29T20:16:42.553933,TIMS-209852,Works,Minimal,"[A3205] NINE ELMS LANE (SW11 ,SW8 ) (Lambeth,Wandsworth)","['a3', 'inner ring']",[A3205] Nine Elms Lane (Both directions) at the junction of Ponton Road - Lane closures in place to facilitate Urban Realm Works.
2025-12-29T20:16:42.553933,TIMS-220695,Works,Minimal,"[A41] FINCHLEY ROAD (NW3 ,NW6 ,NW8 ) (Camden)",['a41'],[A41] Finchley Road (Southbound) at the junction of [B511] College Crescent - Lanes one and two (of three) closed to facilitate emergency Thames Water works.
2025-12-29T20:16:42.553933,TIMS-221816,Works,Minimal,[A302] GROSVENOR GARDENS (SW1W ) (Westminster),['inner ring'],[A302] Grosvenor Gardens (Southbound) at the junction of [A302] Victoria Street - The right turn from Buckingham Palace Road into Grosvenor Gardens has been closed due to emergency repairs by Cadent Gas.
2025-12-29T20:16:42.553933,TIMS-215004,Works,Minimal,"DU CANE ROAD (W12 ,W3 ) (Hammersmith & Fulham)",[],Du Cane Road (Both directions) at the junction of Hilary Road - Two-way temporary traffic signals are in operation for bridge works.
2025-12-29T20:16:42.553933,TIMS-222027,Works,Minimal,"[B212] STRATHEDEN ROAD (SE3 ) (Greenwich,Lewisham)",[],Thames Water works - [B212] Stratheden Road (Both directions) at the junction of [A2] Shooters Hill Road - The road is closed due to Thames Water works. 
2025-12-29T20:16:42.553933,TIMS-218924,Works,Minimal,[A206] WOOLWICH CHURCH STREET (SE18 ) (Greenwich),[],[A206] Woolwich Church Street (Both directions) at the junction of [A206] Woolwich Ferry Roundabout - Various restrictions in place to facilitate cycle lane works.
2025-12-29T20:16:42.553933,TIMS-219885,Works,Minimal,"[A1205] BURDETT ROAD (E1 ,E3 ) (Tower Hamlets)",[],[A1205] Burdett Road (Both directions) at the junction of [A11] Mile End Road - Lane restrictions in place to facilitate Thames Water works.
2025-12-29T20:16:42.553933,TIMS-220134,Works,Minimal,"[A206] WOOLWICH CHURCH STREET (SE18 ,SE7 ) (Greenwich)",[],[A206] Woolwich Church Street (Westbound) at the junction of Warspite Road - Lane restriction due to ongoing cycle scheme works.
2025-12-29T20:16:42.553933,TIMS-219994,Works,Minimal,[A200] LOWER ROAD (SE16 ) (Southwark),[],[A200] Lower Road (Both directions) at the junction of Surrey Quays Road - Temporary traffic signals to be implemented to facilitate cable works. 
2025-12-29T20:16:42.553933,TIMS-221911,Works,Minimal,SELBORNE ROAD (E17 ) (Waltham Forest),[],Selborne Road (Both directions) at the junction of Vernon Road - Temporary traffic signals in operation to facilitate Thames Water works. 
2025-12-29T20:16:42.553933,TIMS-221820,Planned events,Minimal,"LUDGATE HILL (EC4A ,EC4M ,EC4V ) (City of London)",[],Ludgate Hill (All directions) at the junction of [A201] New Bridge Street - The road is closed to facilitate the build for New Year's Eve celebrations. 
2025-12-29T20:16:42.553933,TIMS-221720,Works,Minimal,"[A112] PRINCE REGENT LANE (E13 ,E16 ) (Newham)",[],[A112] Prince Regent Lane (Northbound) at the junction of Churchill Road - Road closed northbound due to emergency Thames Water works.
2025-12-29T20:16:42.553933,TIMS-219993,Works,Minimal,[A200] LOWER ROAD (SE16 ) (Southwark),[],[A200] Lower Road (Both directions) at the junction of Gomm Road - Temporary traffic signals to be implemented to facilitate cable works. 
2025-12-29T20:16:42.553933,TIMS-221797,Planned events,Minimal,HORSE GUARDS AVENUE (SW1A ) (Westminster),[],Horse Guards Avenue (Both directions) between [A3211] Victoria Embankment and Whitehall Court - The road will be closed to facilitate the build for New Year's Eve celebrations. 
2025-12-29T20:40:34.521499,TIMS-222039,Collisions,Severe,"[A406] ANGEL ROAD (E4 ,N18 ) (Enfield)",['a406'],[A406] Angel Road (Westbound) at the junction of [A1055] Meridian Way - Road closed due to a collision. Argon Road is still closed in both directions between Meridian Way and Cooks Ferry. 
2025-12-29T20:40:34.521499,TIMS-218732,Planned events,Serious,"[A4202] PARK LANE (W1J ,W1K ,W2 ) (Westminster)",['inner ring'],Winter Wonderland - Hyde Park - [A4202] Park Lane (All directions) at the junction of [A4202] Achilles Way - Winter Wonderland event has opened at 10:00
2025-12-29T20:40:34.521499,TIMS-206772,Works,Moderate,"[A12] EASTERN AVENUE EAST (RM2 ,RM3 ) (Havering)",['a12'],"Gallows Corner Flyover Refurbishment - [A12] Eastern Avenue East (All directions) at the junction of [A12] Colchester Road - Various restrictions, to facilitate the refurbishment of Gallows Corner Flyover. Full closure of the Flyover and the roundabout including all approaches in place."
2025-12-29T20:40:34.521499,TIMS-213893,Works,Moderate,"[A23] STREATHAM HILL (SW16 ,SW2 ) (Lambeth)",['a23'],"[A23] Streatham Hill (Both directions) between [A205] Christchurch Road and Leigham Court Road - Various restrictions for TfL works. Lane restrictions, in place over the course of the works. On 15/02/2026, 16/02/2026, 17/05/2026, 18/05/2026 there will be a full overnight closure. "
2025-12-29T20:40:34.521499,TIMS-200007,Works,Moderate,"KING WILLIAM STREET (EC3V,EC4N,EC4R) (City of London)",['bishopsgate cross route'],King William Street (Southbound) at the junction of Lombard Street - Road closed to facilitate urban realm works.
2025-12-29T20:40:34.521499,TIMS-216408,Works,Moderate,[A400] HAMPSTEAD ROAD (NW1 ) (Camden),['inner ring'],[A400] Hampstead Road (Both directions) at the junction of Robert Street - Temporary traffic signals and lane restrictions are in place for HS2 works.
2025-12-29T20:40:34.521499,TIMS-204461,Works,Moderate,"[A3203] LAMBETH BRIDGE (SE1 ,SW1P ) (Lambeth,Westminster)",['southern river route'],[A3203] Lambeth Bridge (Eastbound) between [A3036] A 3036 and [A3212] Millbank - Lane restrictions are in place at either side of the bridge for junction improvement works.
2025-12-29T20:40:34.521499,TIMS-221134,Network delays,Moderate,"[A101] ROTHERHITHE TUNNEL (E1W ,SE16 ) (Southwark,Tower Hamlets)",['southern river route'],"[A101] Rotherhithe Tunnel (Both directions) between [A200] Jamaica Road and [A13] Commercial Road - The Tunnel may be subject to short, intermittent closures"
2025-12-29T20:40:34.521499,TIMS-221661,Works,Moderate,[A308] KINGSTON HILL (KT2 ) (Kingston upon Thames),[],[A308] Kingston Hill (Both directions) at the junction of Park Road - Temporary traffic signals are in use to facilitate works. 
2025-12-29T20:40:34.521499,TIMS-220472,Hazards,Moderate,"[A4200] SOUTHAMPTON ROW (WC1A ,WC1B ,WC1N ,WC1V ) (Camden)",[],[A4200] Southampton Row (Both directions) between [A40] High Holborn and [A40] Vernon Place - The road is closed due to emergency UKPN works. Vernon Place westbound bus lane is also closed. 
2025-12-29T20:40:34.521499,TIMS-222012,Works,Minimal,[A212] CATFORD HILL (SE6 ) (Lewisham),['a205'],[A212] Catford Hill (Both directions) at the junction of Beechfield Road - Two way temporary traffic lights in place to facilitate Thames Water works. 
2025-12-29T20:40:34.521499,TIMS-221961,Network delays,Minimal,[A2204] FERRY APPROACH (SE18 ) (Greenwich),['a205'],[A2204] Ferry Approach (Both directions) at the junction of [A206] Woolwich Ferry Roundabout - The Woolwich Ferry is operating a one boat service
2025-12-29T20:40:34.521499,TIMS-221957,Works,Minimal,[A3] WANDSWORTH HIGH STREET (SW18 ) (Wandsworth),['a205'],[A3] Wandsworth High Street (Both directions) between [A3] West Hill and [A3] East Hill - Road closures in place due to a burst water main. 
2025-12-29T20:40:34.521499,TIMS-222025,Works,Minimal,[A22] GODSTONE ROAD (CR8 ) (Croydon),['a23'],"[A22] Godstone Road (Both directions) at the junction of Station Road - Two-way temporary signals in operation near Kenley station, due to burst water main repairs. "
2025-12-29T20:40:34.521499,TIMS-221773,Works,Minimal,"[A216] MITCHAM LANE (SW16 ) (Lambeth,Wandsworth)",['a23'],[A216] Mitcham Lane (Both directions) at the junction of Fernwood Avenue - Temporary signals in operation to facilitate repairs to a burst water main.
2025-12-29T20:40:34.521499,TIMS-222023,Works,Minimal,"[A40] WESTERN AVENUE (HA4 ,UB10 ) (Hillingdon)",['a40'],"[A40] Western Avenue (Westbound) at the junction of [A4180] West End Road - Lane one (of three) closure after the onslip from Polish War Memorial, due to urgent water main repairs. "
2025-12-29T20:40:34.521499,TIMS-210389,Works,Minimal,"[A40] WESTWAY (W10 ,W12 ) (Hammersmith & Fulham,Kensington & Chelsea)",['a40'],[A40] Westway (Eastbound) at the junction of [A3220] West Cross Route - The exit slip road to the Northern Roundabout is closed to facilitate repair works. 
2025-12-29T20:40:34.521499,TIMS-222024,Works,Minimal,"[A41] HENDON WAY (NW11 ,NW2 ) (Barnet)",['a41'],"[A41] Hendon Way (Northbound) at the junction of Ridge Hill - Lane one (of three) closure opposite the junction of Ridge Hill, due to urgent water leak repairs. "
2025-12-29T20:40:34.521499,TIMS-222029,Works,Minimal,"[A1203] THE HIGHWAY (E1 ,E1W ) (Tower Hamlets)",['city route'],"[A1203] The Highway (Westbound) at the junction of [A1202] Dock Street - Lane closure due to urgent UKPN cable repairs.
"
2025-12-29T20:40:34.521499,TIMS-221963,Works,Minimal,JAIL LANE (TN16 ) (Bromley),[],Jail Lane (Both directions) at the junction of Old Tye Avenue - Road closed to facilitate Thames Water works. 
2025-12-29T20:40:34.521499,TIMS-221831,Works,Minimal,"PECKHAM RYE (SE15 ,SE22 ) (Southwark)",[],Peckham Rye (All directions) at the junction of [A2214] Nunhead Lane - Temporary traffic signals are in place to facilitate ermergency SGN works.
2025-12-29T20:40:34.521499,TIMS-212391,Works,Minimal,[A4020] UXBRIDGE ROAD (W12 ) (Hammersmith & Fulham),[],[A4020] Uxbridge Road (Both directions) at the junction of [A402] Shepherds Bush Green - Restrictions in place in various locations on Uxbridge Road and Shepherds Bush Green due to C34 cycle lane scheme works.
2025-12-29T20:40:34.521499,TIMS-220784,Works,Minimal,"[A1205] BURDETT ROAD (E1 ,E14 ,E3 ) (Tower Hamlets)",[],"[A1205] Burdett Road (Both directions) at the junction of [B140] St Pauls Way - Temporary traffic signals lane restrictions in use to facilitate Thames Water works. In addition, no access to St Paul's Way."
2025-12-29T20:40:34.521499,TIMS-213362,Works,Minimal,"[A107] MARE STREET (E8 ,E9 ) (Hackney)",[],"[A107] Mare Street (Both directions) between [A1207] Graham Road and [A107] Amhurst Road - Road is closed to facilitate urban realm works. Additionally, temporary signals are in place at the junction of Graham Road."
2025-12-29T20:40:34.521499,TIMS-216723,Works,Minimal,"TILLING ROAD (NW2 ,NW4 ) (Barnet)",[],Tilling Road (All approaches) at the junction of Claremont Road. - Temporary traffic signals in place to facilitate roadworks. 
2025-12-29T20:40:34.521499,TIMS-217012,Works,Minimal,[A206] WOOLWICH ROAD (SE7 ) (Greenwich),[],[A206] Woolwich Road (Both directions) between Anchor & Hope Lane and John Wilson Street. - Lane restrictions to facilitate the construction of a segregated cycle lane. 
2025-12-29T20:40:34.521499,TIMS-219173,Works,Minimal,[A219] WOOD LANE (W12 ) (Hammersmith & Fulham),[],[A219] Wood Lane (Both directions) at the junction of [A40] Westway - Various carriageway and footway restrictions in place to facilitate Cycle Superhighway works.
2025-12-29T20:40:34.521499,TIMS-220707,Planned events,Minimal,MILLENNIUM WAY (SE10 ) (Greenwich),[],Disney on Ice - The O2 - Millennium Way (All approaches) at the junction of Ordnance Crescent - Disney on Ice.
2025-12-29T20:40:34.521499,TIMS-221854,Works,Minimal,"[A20] ELTHAM ROAD (SE12 ,SE3 ) (Greenwich,Lewisham)",['a20'],[A20] Eltham Road (Westbound) at the junction of Cambridge Drive - Lane restrictions to be implemented to facilitate SGN works. 
2025-12-29T20:40:34.521499,TIMS-221700,Works,Minimal,[A205] WALDRAM CRESCENT (SE23 ) (Lewisham),['a205'],[A205] Waldram Crescent (Both directions) at the junction of Stanstead Road - Contra-flow in operation to facilitate SGN works.
2025-12-29T20:40:34.521499,TIMS-221978,Works,Minimal,"[A3] BATTERSEA RISE (SW11 ,SW18 ) (Wandsworth)",['a205'],[A3] Battersea Rise (Both directions) at the junction of Bolingbroke Grove - There are 2-way temporary traffic lights at this location for Thames Water works. 
2025-12-29T20:40:34.521499,TIMS-209852,Works,Minimal,"[A3205] NINE ELMS LANE (SW11 ,SW8 ) (Lambeth,Wandsworth)","['a3', 'inner ring']",[A3205] Nine Elms Lane (Both directions) at the junction of Ponton Road - Lane closures in place to facilitate Urban Realm Works.
2025-12-29T20:40:34.521499,TIMS-220695,Works,Minimal,"[A41] FINCHLEY ROAD (NW3 ,NW6 ,NW8 ) (Camden)",['a41'],[A41] Finchley Road (Southbound) at the junction of [B511] College Crescent - Lanes one and two (of three) closed to facilitate emergency Thames Water works.
2025-12-29T20:40:34.521499,TIMS-221816,Works,Minimal,[A302] GROSVENOR GARDENS (SW1W ) (Westminster),['inner ring'],[A302] Grosvenor Gardens (Southbound) at the junction of [A302] Victoria Street - The right turn from Buckingham Palace Road into Grosvenor Gardens has been closed due to emergency repairs by Cadent Gas.
2025-12-29T20:40:34.521499,TIMS-221820,Planned events,Minimal,"LUDGATE HILL (EC4A ,EC4M ,EC4V ) (City of London)",[],Ludgate Hill (All directions) at the junction of [A201] New Bridge Street - The road is closed to facilitate the build for New Year's Eve celebrations. 
2025-12-29T20:40:34.521499,TIMS-218924,Works,Minimal,[A206] WOOLWICH CHURCH STREET (SE18 ) (Greenwich),[],[A206] Woolwich Church Street (Both directions) at the junction of [A206] Woolwich Ferry Roundabout - Various restrictions in place to facilitate cycle lane works.
2025-12-29T20:40:34.521499,TIMS-221797,Planned events,Minimal,HORSE GUARDS AVENUE (SW1A ) (Westminster),[],Horse Guards Avenue (Both directions) between [A3211] Victoria Embankment and Whitehall Court - The road will be closed to facilitate the build for New Year's Eve celebrations. 
2025-12-29T20:40:34.521499,TIMS-219993,Works,Minimal,[A200] LOWER ROAD (SE16 ) (Southwark),[],[A200] Lower Road (Both directions) at the junction of Gomm Road - Temporary traffic signals to be implemented to facilitate cable works. 
2025-12-29T20:40:34.521499,TIMS-221720,Works,Minimal,"[A112] PRINCE REGENT LANE (E13 ,E16 ) (Newham)",[],[A112] Prince Regent Lane (Northbound) at the junction of Churchill Road - Road closed northbound due to emergency Thames Water works.
2025-12-29T20:40:34.521499,TIMS-215004,Works,Minimal,"DU CANE ROAD (W12 ,W3 ) (Hammersmith & Fulham)",[],Du Cane Road (Both directions) at the junction of Hilary Road - Two-way temporary traffic signals are in operation for bridge works.
2025-12-29T20:40:34.521499,TIMS-219994,Works,Minimal,[A200] LOWER ROAD (SE16 ) (Southwark),[],[A200] Lower Road (Both directions) at the junction of Surrey Quays Road - Temporary traffic signals to be implemented to facilitate cable works. 
2025-12-29T20:40:34.521499,TIMS-220134,Works,Minimal,"[A206] WOOLWICH CHURCH STREET (SE18 ,SE7 ) (Greenwich)",[],[A206] Woolwich Church Street (Westbound) at the junction of Warspite Road - Lane restriction due to ongoing cycle scheme works.
2025-12-29T20:40:34.521499,TIMS-222027,Works,Minimal,"[B212] STRATHEDEN ROAD (SE3 ) (Greenwich,Lewisham)",[],Thames Water works - [B212] Stratheden Road (Both directions) at the junction of [A2] Shooters Hill Road - The road is closed due to Thames Water works. 
2025-12-29T20:40:34.521499,TIMS-219885,Works,Minimal,"[A1205] BURDETT ROAD (E1 ,E3 ) (Tower Hamlets)",[],[A1205] Burdett Road (Both directions) at the junction of [A11] Mile End Road - Lane restrictions in place to facilitate Thames Water works.
2025-12-29T20:40:34.521499,TIMS-221911,Works,Minimal,SELBORNE ROAD (E17 ) (Waltham Forest),[],Selborne Road (Both directions) at the junction of Vernon Road - Temporary traffic signals in operation to facilitate Thames Water works. 
2025-12-29T20:55:02.687775,TIMS-222039,Collisions,Severe,"[A406] ANGEL ROAD (E4 ,N18 ) (Enfield)",['a406'],[A406] Angel Road (Westbound) at the junction of [A1055] Meridian Way - Road closed due to a collision. Argon Road is still closed in both directions between Meridian Way and Cooks Ferry. 
2025-12-29T20:55:02.687775,TIMS-218732,Planned events,Serious,"[A4202] PARK LANE (W1J ,W1K ,W2 ) (Westminster)",['inner ring'],Winter Wonderland - Hyde Park - [A4202] Park Lane (All directions) at the junction of [A4202] Achilles Way - Winter Wonderland event has opened at 10:00
2025-12-29T20:55:02.687775,TIMS-206772,Works,Moderate,"[A12] EASTERN AVENUE EAST (RM2 ,RM3 ) (Havering)",['a12'],"Gallows Corner Flyover Refurbishment - [A12] Eastern Avenue East (All directions) at the junction of [A12] Colchester Road - Various restrictions, to facilitate the refurbishment of Gallows Corner Flyover. Full closure of the Flyover and the roundabout including all approaches in place."
2025-12-29T20:55:02.687775,TIMS-213893,Works,Moderate,"[A23] STREATHAM HILL (SW16 ,SW2 ) (Lambeth)",['a23'],"[A23] Streatham Hill (Both directions) between [A205] Christchurch Road and Leigham Court Road - Various restrictions for TfL works. Lane restrictions, in place over the course of the works. On 15/02/2026, 16/02/2026, 17/05/2026, 18/05/2026 there will be a full overnight closure. "
2025-12-29T20:55:02.687775,TIMS-200007,Works,Moderate,"KING WILLIAM STREET (EC3V,EC4N,EC4R) (City of London)",['bishopsgate cross route'],King William Street (Southbound) at the junction of Lombard Street - Road closed to facilitate urban realm works.
2025-12-29T20:55:02.687775,TIMS-216408,Works,Moderate,[A400] HAMPSTEAD ROAD (NW1 ) (Camden),['inner ring'],[A400] Hampstead Road (Both directions) at the junction of Robert Street - Temporary traffic signals and lane restrictions are in place for HS2 works.
2025-12-29T20:55:02.687775,TIMS-204461,Works,Moderate,"[A3203] LAMBETH BRIDGE (SE1 ,SW1P ) (Lambeth,Westminster)",['southern river route'],[A3203] Lambeth Bridge (Eastbound) between [A3036] A 3036 and [A3212] Millbank - Lane restrictions are in place at either side of the bridge for junction improvement works.
2025-12-29T20:55:02.687775,TIMS-221134,Network delays,Moderate,"[A101] ROTHERHITHE TUNNEL (E1W ,SE16 ) (Southwark,Tower Hamlets)",['southern river route'],"[A101] Rotherhithe Tunnel (Both directions) between [A200] Jamaica Road and [A13] Commercial Road - The Tunnel may be subject to short, intermittent closures"
2025-12-29T20:55:02.687775,TIMS-221661,Works,Moderate,[A308] KINGSTON HILL (KT2 ) (Kingston upon Thames),[],[A308] Kingston Hill (Both directions) at the junction of Park Road - Temporary traffic signals are in use to facilitate works. 
2025-12-29T20:55:02.687775,TIMS-220472,Hazards,Moderate,"[A4200] SOUTHAMPTON ROW (WC1A ,WC1B ,WC1N ,WC1V ) (Camden)",[],[A4200] Southampton Row (Both directions) between [A40] High Holborn and [A40] Vernon Place - The road is closed due to emergency UKPN works. Vernon Place westbound bus lane is also closed. 
2025-12-29T20:55:02.687775,TIMS-222012,Works,Minimal,[A212] CATFORD HILL (SE6 ) (Lewisham),['a205'],[A212] Catford Hill (Both directions) at the junction of Beechfield Road - Two way temporary traffic lights in place to facilitate Thames Water works. 
2025-12-29T20:55:02.687775,TIMS-221961,Network delays,Minimal,[A2204] FERRY APPROACH (SE18 ) (Greenwich),['a205'],[A2204] Ferry Approach (Both directions) at the junction of [A206] Woolwich Ferry Roundabout - The Woolwich Ferry is operating a one boat service
2025-12-29T20:55:02.687775,TIMS-221957,Works,Minimal,[A3] WANDSWORTH HIGH STREET (SW18 ) (Wandsworth),['a205'],[A3] Wandsworth High Street (Both directions) between [A3] West Hill and [A3] East Hill - Road closures in place due to a burst water main. 
2025-12-29T20:55:02.687775,TIMS-222025,Works,Minimal,[A22] GODSTONE ROAD (CR8 ) (Croydon),['a23'],"[A22] Godstone Road (Both directions) at the junction of Station Road - Two-way temporary signals in operation near Kenley station, due to burst water main repairs. "
2025-12-29T20:55:02.687775,TIMS-221773,Works,Minimal,"[A216] MITCHAM LANE (SW16 ) (Lambeth,Wandsworth)",['a23'],[A216] Mitcham Lane (Both directions) at the junction of Fernwood Avenue - Temporary signals in operation to facilitate repairs to a burst water main.
2025-12-29T20:55:02.687775,TIMS-222023,Works,Minimal,"[A40] WESTERN AVENUE (HA4 ,UB10 ) (Hillingdon)",['a40'],"[A40] Western Avenue (Westbound) at the junction of [A4180] West End Road - Lane one (of three) closure after the onslip from Polish War Memorial, due to urgent water main repairs. "
2025-12-29T20:55:02.687775,TIMS-210389,Works,Minimal,"[A40] WESTWAY (W10 ,W12 ) (Hammersmith & Fulham,Kensington & Chelsea)",['a40'],[A40] Westway (Eastbound) at the junction of [A3220] West Cross Route - The exit slip road to the Northern Roundabout is closed to facilitate repair works. 
2025-12-29T20:55:02.687775,TIMS-222024,Works,Minimal,"[A41] HENDON WAY (NW11 ,NW2 ) (Barnet)",['a41'],"[A41] Hendon Way (Northbound) at the junction of Ridge Hill - Lane one (of three) closure opposite the junction of Ridge Hill, due to urgent water leak repairs. "
2025-12-29T20:55:02.687775,TIMS-222029,Works,Minimal,"[A1203] THE HIGHWAY (E1 ,E1W ) (Tower Hamlets)",['city route'],"[A1203] The Highway (Westbound) at the junction of [A1202] Dock Street - Lane closure due to urgent UKPN cable repairs.
"
2025-12-29T20:55:02.687775,TIMS-221963,Works,Minimal,JAIL LANE (TN16 ) (Bromley),[],Jail Lane (Both directions) at the junction of Old Tye Avenue - Road closed to facilitate Thames Water works. 
2025-12-29T20:55:02.687775,TIMS-221831,Works,Minimal,"PECKHAM RYE (SE15 ,SE22 ) (Southwark)",[],Peckham Rye (All directions) at the junction of [A2214] Nunhead Lane - Temporary traffic signals are in place to facilitate ermergency SGN works.
2025-12-29T20:55:02.687775,TIMS-212391,Works,Minimal,[A4020] UXBRIDGE ROAD (W12 ) (Hammersmith & Fulham),[],[A4020] Uxbridge Road (Both directions) at the junction of [A402] Shepherds Bush Green - Restrictions in place in various locations on Uxbridge Road and Shepherds Bush Green due to C34 cycle lane scheme works.
2025-12-29T20:55:02.687775,TIMS-220784,Works,Minimal,"[A1205] BURDETT ROAD (E1 ,E14 ,E3 ) (Tower Hamlets)",[],"[A1205] Burdett Road (Both directions) at the junction of [B140] St Pauls Way - Temporary traffic signals lane restrictions in use to facilitate Thames Water works. In addition, no access to St Paul's Way."
2025-12-29T20:55:02.687775,TIMS-213362,Works,Minimal,"[A107] MARE STREET (E8 ,E9 ) (Hackney)",[],"[A107] Mare Street (Both directions) between [A1207] Graham Road and [A107] Amhurst Road - Road is closed to facilitate urban realm works. Additionally, temporary signals are in place at the junction of Graham Road."
2025-12-29T20:55:02.687775,TIMS-216723,Works,Minimal,"TILLING ROAD (NW2 ,NW4 ) (Barnet)",[],Tilling Road (All approaches) at the junction of Claremont Road. - Temporary traffic signals in place to facilitate roadworks. 
2025-12-29T20:55:02.687775,TIMS-217012,Works,Minimal,[A206] WOOLWICH ROAD (SE7 ) (Greenwich),[],[A206] Woolwich Road (Both directions) between Anchor & Hope Lane and John Wilson Street. - Lane restrictions to facilitate the construction of a segregated cycle lane. 
2025-12-29T20:55:02.687775,TIMS-219173,Works,Minimal,[A219] WOOD LANE (W12 ) (Hammersmith & Fulham),[],[A219] Wood Lane (Both directions) at the junction of [A40] Westway - Various carriageway and footway restrictions in place to facilitate Cycle Superhighway works.
2025-12-29T20:55:02.687775,TIMS-220707,Planned events,Minimal,MILLENNIUM WAY (SE10 ) (Greenwich),[],Disney on Ice - The O2 - Millennium Way (All approaches) at the junction of Ordnance Crescent - Disney on Ice.
2025-12-29T20:55:02.687775,TIMS-221854,Works,Minimal,"[A20] ELTHAM ROAD (SE12 ,SE3 ) (Greenwich,Lewisham)",['a20'],[A20] Eltham Road (Westbound) at the junction of Cambridge Drive - Lane restrictions to be implemented to facilitate SGN works. 
2025-12-29T20:55:02.687775,TIMS-221700,Works,Minimal,[A205] WALDRAM CRESCENT (SE23 ) (Lewisham),['a205'],[A205] Waldram Crescent (Both directions) at the junction of Stanstead Road - Contra-flow in operation to facilitate SGN works.
2025-12-29T20:55:02.687775,TIMS-221978,Works,Minimal,"[A3] BATTERSEA RISE (SW11 ,SW18 ) (Wandsworth)",['a205'],[A3] Battersea Rise (Both directions) at the junction of Bolingbroke Grove - There are 2-way temporary traffic lights at this location for Thames Water works. 
2025-12-29T20:55:02.687775,TIMS-209852,Works,Minimal,"[A3205] NINE ELMS LANE (SW11 ,SW8 ) (Lambeth,Wandsworth)","['a3', 'inner ring']",[A3205] Nine Elms Lane (Both directions) at the junction of Ponton Road - Lane closures in place to facilitate Urban Realm Works.
2025-12-29T20:55:02.687775,TIMS-220695,Works,Minimal,"[A41] FINCHLEY ROAD (NW3 ,NW6 ,NW8 ) (Camden)",['a41'],[A41] Finchley Road (Southbound) at the junction of [B511] College Crescent - Lanes one and two (of three) closed to facilitate emergency Thames Water works.
2025-12-29T20:55:02.687775,TIMS-221816,Works,Minimal,[A302] GROSVENOR GARDENS (SW1W ) (Westminster),['inner ring'],[A302] Grosvenor Gardens (Southbound) at the junction of [A302] Victoria Street - The right turn from Buckingham Palace Road into Grosvenor Gardens has been closed due to emergency repairs by Cadent Gas.
2025-12-29T20:55:02.687775,TIMS-221820,Planned events,Minimal,"LUDGATE HILL (EC4A ,EC4M ,EC4V ) (City of London)",[],Ludgate Hill (All directions) at the junction of [A201] New Bridge Street - The road is closed to facilitate the build for New Year's Eve celebrations. 
2025-12-29T20:55:02.687775,TIMS-218924,Works,Minimal,[A206] WOOLWICH CHURCH STREET (SE18 ) (Greenwich),[],[A206] Woolwich Church Street (Both directions) at the junction of [A206] Woolwich Ferry Roundabout - Various restrictions in place to facilitate cycle lane works.
2025-12-29T20:55:02.687775,TIMS-221797,Planned events,Minimal,HORSE GUARDS AVENUE (SW1A ) (Westminster),[],Horse Guards Avenue (Both directions) between [A3211] Victoria Embankment and Whitehall Court - The road will be closed to facilitate the build for New Year's Eve celebrations. 
2025-12-29T20:55:02.687775,TIMS-219993,Works,Minimal,[A200] LOWER ROAD (SE16 ) (Southwark),[],[A200] Lower Road (Both directions) at the junction of Gomm Road - Temporary traffic signals to be implemented to facilitate cable works. 
2025-12-29T20:55:02.687775,TIMS-221720,Works,Minimal,"[A112] PRINCE REGENT LANE (E13 ,E16 ) (Newham)",[],[A112] Prince Regent Lane (Northbound) at the junction of Churchill Road - Road closed northbound due to emergency Thames Water works.
2025-12-29T20:55:02.687775,TIMS-215004,Works,Minimal,"DU CANE ROAD (W12 ,W3 ) (Hammersmith & Fulham)",[],Du Cane Road (Both directions) at the junction of Hilary Road - Two-way temporary traffic signals are in operation for bridge works.
2025-12-29T20:55:02.687775,TIMS-219994,Works,Minimal,[A200] LOWER ROAD (SE16 ) (Southwark),[],[A200] Lower Road (Both directions) at the junction of Surrey Quays Road - Temporary traffic signals to be implemented to facilitate cable works. 
2025-12-29T20:55:02.687775,TIMS-220134,Works,Minimal,"[A206] WOOLWICH CHURCH STREET (SE18 ,SE7 ) (Greenwich)",[],[A206] Woolwich Church Street (Westbound) at the junction of Warspite Road - Lane restriction due to ongoing cycle scheme works.
2025-12-29T20:55:02.687775,TIMS-222027,Works,Minimal,"[B212] STRATHEDEN ROAD (SE3 ) (Greenwich,Lewisham)",[],Thames Water works - [B212] Stratheden Road (Both directions) at the junction of [A2] Shooters Hill Road - The road is closed due to Thames Water works. 
2025-12-29T20:55:02.687775,TIMS-219885,Works,Minimal,"[A1205] BURDETT ROAD (E1 ,E3 ) (Tower Hamlets)",[],[A1205] Burdett Road (Both directions) at the junction of [A11] Mile End Road - Lane restrictions in place to facilitate Thames Water works.
2025-12-29T20:55:02.687775,TIMS-221911,Works,Minimal,SELBORNE ROAD (E17 ) (Waltham Forest),[],Selborne Road (Both directions) at the junction of Vernon Road - Temporary traffic signals in operation to facilitate Thames Water works. 
2025-12-29T21:13:13.395047,TIMS-222039,Collisions,Serious,"[A406] ANGEL ROAD (E4 ,N18 ) (Enfield)",['a406'],[A406] Angel Road (Westbound) at the junction of [A1055] Meridian Way - Road closed due to a collision. Argon Road is still closed in both directions between Meridian Way and Cooks Ferry. 
2025-12-29T21:13:13.395047,TIMS-218732,Planned events,Serious,"[A4202] PARK LANE (W1J ,W1K ,W2 ) (Westminster)",['inner ring'],Winter Wonderland - Hyde Park - [A4202] Park Lane (All directions) at the junction of [A4202] Achilles Way - Winter Wonderland event has opened at 10:00
2025-12-29T21:13:13.395047,TIMS-206772,Works,Moderate,"[A12] EASTERN AVENUE EAST (RM2 ,RM3 ) (Havering)",['a12'],"Gallows Corner Flyover Refurbishment - [A12] Eastern Avenue East (All directions) at the junction of [A12] Colchester Road - Various restrictions, to facilitate the refurbishment of Gallows Corner Flyover. Full closure of the Flyover and the roundabout including all approaches in place."
2025-12-29T21:13:13.395047,TIMS-213893,Works,Moderate,"[A23] STREATHAM HILL (SW16 ,SW2 ) (Lambeth)",['a23'],"[A23] Streatham Hill (Both directions) between [A205] Christchurch Road and Leigham Court Road - Various restrictions for TfL works. Lane restrictions, in place over the course of the works. On 15/02/2026, 16/02/2026, 17/05/2026, 18/05/2026 there will be a full overnight closure. "
2025-12-29T21:13:13.395047,TIMS-200007,Works,Moderate,"KING WILLIAM STREET (EC3V,EC4N,EC4R) (City of London)",['bishopsgate cross route'],King William Street (Southbound) at the junction of Lombard Street - Road closed to facilitate urban realm works.
2025-12-29T21:13:13.395047,TIMS-216408,Works,Moderate,[A400] HAMPSTEAD ROAD (NW1 ) (Camden),['inner ring'],[A400] Hampstead Road (Both directions) at the junction of Robert Street - Temporary traffic signals and lane restrictions are in place for HS2 works.
2025-12-29T21:13:13.395047,TIMS-204461,Works,Moderate,"[A3203] LAMBETH BRIDGE (SE1 ,SW1P ) (Lambeth,Westminster)",['southern river route'],[A3203] Lambeth Bridge (Eastbound) between [A3036] A 3036 and [A3212] Millbank - Lane restrictions are in place at either side of the bridge for junction improvement works.
2025-12-29T21:13:13.395047,TIMS-221134,Network delays,Moderate,"[A101] ROTHERHITHE TUNNEL (E1W ,SE16 ) (Southwark,Tower Hamlets)",['southern river route'],"[A101] Rotherhithe Tunnel (Both directions) between [A200] Jamaica Road and [A13] Commercial Road - The Tunnel may be subject to short, intermittent closures"
2025-12-29T21:13:13.395047,TIMS-221661,Works,Moderate,[A308] KINGSTON HILL (KT2 ) (Kingston upon Thames),[],[A308] Kingston Hill (Both directions) at the junction of Park Road - Temporary traffic signals are in use to facilitate works. 
2025-12-29T21:13:13.395047,TIMS-220472,Hazards,Moderate,"[A4200] SOUTHAMPTON ROW (WC1A ,WC1B ,WC1N ,WC1V ) (Camden)",[],[A4200] Southampton Row (Both directions) between [A40] High Holborn and [A40] Vernon Place - The road is closed due to emergency UKPN works. Vernon Place westbound bus lane is also closed. 
2025-12-29T21:13:13.395047,TIMS-222042,Collisions,Moderate,"[A406] NORTH CIRCULAR ROAD (N2 ,N3 ,NW11 ) (Barnet)",['a406'],[A406] North Circular Road (Eastbound) at the junction of [A1] Falloden Way - Road closed due to a collision.
2025-12-29T21:13:13.395047,TIMS-222012,Works,Minimal,[A212] CATFORD HILL (SE6 ) (Lewisham),['a205'],[A212] Catford Hill (Both directions) at the junction of Beechfield Road - Two way temporary traffic lights in place to facilitate Thames Water works. 
2025-12-29T21:13:13.395047,TIMS-221961,Network delays,Minimal,[A2204] FERRY APPROACH (SE18 ) (Greenwich),['a205'],[A2204] Ferry Approach (Both directions) at the junction of [A206] Woolwich Ferry Roundabout - The Woolwich Ferry is operating a one boat service
2025-12-29T21:13:13.395047,TIMS-221957,Works,Minimal,[A3] WANDSWORTH HIGH STREET (SW18 ) (Wandsworth),['a205'],[A3] Wandsworth High Street (Both directions) between [A3] West Hill and [A3] East Hill - Road closures in place due to a burst water main. 
2025-12-29T21:13:13.395047,TIMS-222025,Works,Minimal,[A22] GODSTONE ROAD (CR8 ) (Croydon),['a23'],"[A22] Godstone Road (Both directions) at the junction of Station Road - Two-way temporary signals in operation near Kenley station, due to burst water main repairs. "
2025-12-29T21:13:13.395047,TIMS-221773,Works,Minimal,"[A216] MITCHAM LANE (SW16 ) (Lambeth,Wandsworth)",['a23'],[A216] Mitcham Lane (Both directions) at the junction of Fernwood Avenue - Temporary signals in operation to facilitate repairs to a burst water main.
2025-12-29T21:13:13.395047,TIMS-222023,Works,Minimal,"[A40] WESTERN AVENUE (HA4 ,UB10 ) (Hillingdon)",['a40'],"[A40] Western Avenue (Westbound) at the junction of [A4180] West End Road - Lane one (of three) closure after the onslip from Polish War Memorial, due to urgent water main repairs. "
2025-12-29T21:13:13.395047,TIMS-210389,Works,Minimal,"[A40] WESTWAY (W10 ,W12 ) (Hammersmith & Fulham,Kensington & Chelsea)",['a40'],[A40] Westway (Eastbound) at the junction of [A3220] West Cross Route - The exit slip road to the Northern Roundabout is closed to facilitate repair works. 
2025-12-29T21:13:13.395047,TIMS-222024,Works,Minimal,"[A41] HENDON WAY (NW11 ,NW2 ) (Barnet)",['a41'],"[A41] Hendon Way (Northbound) at the junction of Ridge Hill - Lane one (of three) closure opposite the junction of Ridge Hill, due to urgent water leak repairs. "
2025-12-29T21:13:13.395047,TIMS-222029,Works,Minimal,"[A1203] THE HIGHWAY (E1 ,E1W ) (Tower Hamlets)",['city route'],"[A1203] The Highway (Westbound) at the junction of [A1202] Dock Street - Lane closure due to urgent UKPN cable repairs.
"
2025-12-29T21:13:13.395047,TIMS-217012,Works,Minimal,[A206] WOOLWICH ROAD (SE7 ) (Greenwich),[],[A206] Woolwich Road (Both directions) between Anchor & Hope Lane and John Wilson Street. - Lane restrictions to facilitate the construction of a segregated cycle lane. 
2025-12-29T21:13:13.395047,TIMS-221963,Works,Minimal,JAIL LANE (TN16 ) (Bromley),[],Jail Lane (Both directions) at the junction of Old Tye Avenue - Road closed to facilitate Thames Water works. 
2025-12-29T21:13:13.395047,TIMS-221831,Works,Minimal,"PECKHAM RYE (SE15 ,SE22 ) (Southwark)",[],Peckham Rye (All directions) at the junction of [A2214] Nunhead Lane - Temporary traffic signals are in place to facilitate ermergency SGN works.
2025-12-29T21:13:13.395047,TIMS-216723,Works,Minimal,"TILLING ROAD (NW2 ,NW4 ) (Barnet)",[],Tilling Road (All approaches) at the junction of Claremont Road. - Temporary traffic signals in place to facilitate roadworks. 
2025-12-29T21:13:13.395047,TIMS-220784,Works,Minimal,"[A1205] BURDETT ROAD (E1 ,E14 ,E3 ) (Tower Hamlets)",[],"[A1205] Burdett Road (Both directions) at the junction of [B140] St Pauls Way - Temporary traffic signals lane restrictions in use to facilitate Thames Water works. In addition, no access to St Paul's Way."
2025-12-29T21:13:13.395047,TIMS-212391,Works,Minimal,[A4020] UXBRIDGE ROAD (W12 ) (Hammersmith & Fulham),[],[A4020] Uxbridge Road (Both directions) at the junction of [A402] Shepherds Bush Green - Restrictions in place in various locations on Uxbridge Road and Shepherds Bush Green due to C34 cycle lane scheme works.
2025-12-29T21:13:13.395047,TIMS-220707,Planned events,Minimal,MILLENNIUM WAY (SE10 ) (Greenwich),[],Disney on Ice - The O2 - Millennium Way (All approaches) at the junction of Ordnance Crescent - Disney on Ice.
2025-12-29T21:13:13.395047,TIMS-213362,Works,Minimal,"[A107] MARE STREET (E8 ,E9 ) (Hackney)",[],"[A107] Mare Street (Both directions) between [A1207] Graham Road and [A107] Amhurst Road - Road is closed to facilitate urban realm works. Additionally, temporary signals are in place at the junction of Graham Road."
2025-12-29T21:13:13.395047,TIMS-219173,Works,Minimal,[A219] WOOD LANE (W12 ) (Hammersmith & Fulham),[],[A219] Wood Lane (Both directions) at the junction of [A40] Westway - Various carriageway and footway restrictions in place to facilitate Cycle Superhighway works.
2025-12-29T21:13:13.395047,TIMS-221854,Works,Minimal,"[A20] ELTHAM ROAD (SE12 ,SE3 ) (Greenwich,Lewisham)",['a20'],[A20] Eltham Road (Westbound) at the junction of Cambridge Drive - Lane restrictions to be implemented to facilitate SGN works. 
2025-12-29T21:13:13.395047,TIMS-221700,Works,Minimal,[A205] WALDRAM CRESCENT (SE23 ) (Lewisham),['a205'],[A205] Waldram Crescent (Both directions) at the junction of Stanstead Road - Contra-flow in operation to facilitate SGN works.
2025-12-29T21:13:13.395047,TIMS-221978,Works,Minimal,"[A3] BATTERSEA RISE (SW11 ,SW18 ) (Wandsworth)",['a205'],[A3] Battersea Rise (Both directions) at the junction of Bolingbroke Grove - There are 2-way temporary traffic lights at this location for Thames Water works. 
2025-12-29T21:13:13.395047,TIMS-209852,Works,Minimal,"[A3205] NINE ELMS LANE (SW11 ,SW8 ) (Lambeth,Wandsworth)","['a3', 'inner ring']",[A3205] Nine Elms Lane (Both directions) at the junction of Ponton Road - Lane closures in place to facilitate Urban Realm Works.
2025-12-29T21:13:13.395047,TIMS-220695,Works,Minimal,"[A41] FINCHLEY ROAD (NW3 ,NW6 ,NW8 ) (Camden)",['a41'],[A41] Finchley Road (Southbound) at the junction of [B511] College Crescent - Lanes one and two (of three) closed to facilitate emergency Thames Water works.
2025-12-29T21:13:13.395047,TIMS-221816,Works,Minimal,[A302] GROSVENOR GARDENS (SW1W ) (Westminster),['inner ring'],[A302] Grosvenor Gardens (Southbound) at the junction of [A302] Victoria Street - The right turn from Buckingham Palace Road into Grosvenor Gardens has been closed due to emergency repairs by Cadent Gas.
2025-12-29T21:13:13.395047,TIMS-215004,Works,Minimal,"DU CANE ROAD (W12 ,W3 ) (Hammersmith & Fulham)",[],Du Cane Road (Both directions) at the junction of Hilary Road - Two-way temporary traffic signals are in operation for bridge works.
2025-12-29T21:13:13.395047,TIMS-222027,Works,Minimal,"[B212] STRATHEDEN ROAD (SE3 ) (Greenwich,Lewisham)",[],Thames Water works - [B212] Stratheden Road (Both directions) at the junction of [A2] Shooters Hill Road - The road is closed due to Thames Water works. 
2025-12-29T21:13:13.395047,TIMS-218924,Works,Minimal,[A206] WOOLWICH CHURCH STREET (SE18 ) (Greenwich),[],[A206] Woolwich Church Street (Both directions) at the junction of [A206] Woolwich Ferry Roundabout - Various restrictions in place to facilitate cycle lane works.
2025-12-29T21:13:13.395047,TIMS-219885,Works,Minimal,"[A1205] BURDETT ROAD (E1 ,E3 ) (Tower Hamlets)",[],[A1205] Burdett Road (Both directions) at the junction of [A11] Mile End Road - Lane restrictions in place to facilitate Thames Water works.
2025-12-29T21:13:13.395047,TIMS-220134,Works,Minimal,"[A206] WOOLWICH CHURCH STREET (SE18 ,SE7 ) (Greenwich)",[],[A206] Woolwich Church Street (Westbound) at the junction of Warspite Road - Lane restriction due to ongoing cycle scheme works.
2025-12-29T21:13:13.395047,TIMS-219994,Works,Minimal,[A200] LOWER ROAD (SE16 ) (Southwark),[],[A200] Lower Road (Both directions) at the junction of Surrey Quays Road - Temporary traffic signals to be implemented to facilitate cable works. 
2025-12-29T21:13:13.395047,TIMS-221911,Works,Minimal,SELBORNE ROAD (E17 ) (Waltham Forest),[],Selborne Road (Both directions) at the junction of Vernon Road - Temporary traffic signals in operation to facilitate Thames Water works. 
2025-12-29T21:13:13.395047,TIMS-221820,Planned events,Minimal,"LUDGATE HILL (EC4A ,EC4M ,EC4V ) (City of London)",[],Ludgate Hill (All directions) at the junction of [A201] New Bridge Street - The road is closed to facilitate the build for New Year's Eve celebrations. 
2025-12-29T21:13:13.395047,TIMS-221720,Works,Minimal,"[A112] PRINCE REGENT LANE (E13 ,E16 ) (Newham)",[],[A112] Prince Regent Lane (Northbound) at the junction of Churchill Road - Road closed northbound due to emergency Thames Water works.
2025-12-29T21:13:13.395047,TIMS-219993,Works,Minimal,[A200] LOWER ROAD (SE16 ) (Southwark),[],[A200] Lower Road (Both directions) at the junction of Gomm Road - Temporary traffic signals to be implemented to facilitate cable works. 
2025-12-29T21:13:13.395047,TIMS-221797,Planned events,Minimal,HORSE GUARDS AVENUE (SW1A ) (Westminster),[],Horse Guards Avenue (Both directions) between [A3211] Victoria Embankment and Whitehall Court - The road will be closed to facilitate the build for New Year's Eve celebrations. 
2025-12-29T21:32:33.214357,TIMS-222039,Collisions,Serious,"[A406] ANGEL ROAD (E4 ,N18 ) (Enfield)",['a406'],[A406] Angel Road (Westbound) at the junction of [A1055] Meridian Way - Road closed due to a collision. Argon Road is still closed in both directions between Meridian Way and Cooks Ferry. 
2025-12-29T21:32:33.214357,TIMS-218732,Planned events,Serious,"[A4202] PARK LANE (W1J ,W1K ,W2 ) (Westminster)",['inner ring'],Winter Wonderland - Hyde Park - [A4202] Park Lane (All directions) at the junction of [A4202] Achilles Way - Winter Wonderland event has opened at 10:00
2025-12-29T21:32:33.214357,TIMS-206772,Works,Moderate,"[A12] EASTERN AVENUE EAST (RM2 ,RM3 ) (Havering)",['a12'],"Gallows Corner Flyover Refurbishment - [A12] Eastern Avenue East (All directions) at the junction of [A12] Colchester Road - Various restrictions, to facilitate the refurbishment of Gallows Corner Flyover. Full closure of the Flyover and the roundabout including all approaches in place."
2025-12-29T21:32:33.214357,TIMS-213893,Works,Moderate,"[A23] STREATHAM HILL (SW16 ,SW2 ) (Lambeth)",['a23'],"[A23] Streatham Hill (Both directions) between [A205] Christchurch Road and Leigham Court Road - Various restrictions for TfL works. Lane restrictions, in place over the course of the works. On 15/02/2026, 16/02/2026, 17/05/2026, 18/05/2026 there will be a full overnight closure. "
2025-12-29T21:32:33.214357,TIMS-200007,Works,Moderate,"KING WILLIAM STREET (EC3V,EC4N,EC4R) (City of London)",['bishopsgate cross route'],King William Street (Southbound) at the junction of Lombard Street - Road closed to facilitate urban realm works.
2025-12-29T21:32:33.214357,TIMS-216408,Works,Moderate,[A400] HAMPSTEAD ROAD (NW1 ) (Camden),['inner ring'],[A400] Hampstead Road (Both directions) at the junction of Robert Street - Temporary traffic signals and lane restrictions are in place for HS2 works.
2025-12-29T21:32:33.214357,TIMS-204461,Works,Moderate,"[A3203] LAMBETH BRIDGE (SE1 ,SW1P ) (Lambeth,Westminster)",['southern river route'],[A3203] Lambeth Bridge (Eastbound) between [A3036] A 3036 and [A3212] Millbank - Lane restrictions are in place at either side of the bridge for junction improvement works.
2025-12-29T21:32:33.214357,TIMS-221134,Network delays,Moderate,"[A101] ROTHERHITHE TUNNEL (E1W ,SE16 ) (Southwark,Tower Hamlets)",['southern river route'],"[A101] Rotherhithe Tunnel (Both directions) between [A200] Jamaica Road and [A13] Commercial Road - The Tunnel may be subject to short, intermittent closures"
2025-12-29T21:32:33.214357,TIMS-221661,Works,Moderate,[A308] KINGSTON HILL (KT2 ) (Kingston upon Thames),[],[A308] Kingston Hill (Both directions) at the junction of Park Road - Temporary traffic signals are in use to facilitate works. 
2025-12-29T21:32:33.214357,TIMS-220472,Hazards,Moderate,"[A4200] SOUTHAMPTON ROW (WC1A ,WC1B ,WC1N ,WC1V ) (Camden)",[],[A4200] Southampton Row (Both directions) between [A40] High Holborn and [A40] Vernon Place - The road is closed due to emergency UKPN works. Vernon Place westbound bus lane is also closed. 
2025-12-29T21:32:33.214357,TIMS-222042,Collisions,Moderate,"[A406] NORTH CIRCULAR ROAD (N2 ,N3 ,NW11 ) (Barnet)",['a406'],[A406] North Circular Road (Eastbound) at the junction of [A1] Falloden Way - Road closed due to a collision. Lane one (of three) A1 is also closed eastbound.
2025-12-29T21:32:33.214357,TIMS-222012,Works,Minimal,[A212] CATFORD HILL (SE6 ) (Lewisham),['a205'],[A212] Catford Hill (Both directions) at the junction of Beechfield Road - Two way temporary traffic lights in place to facilitate Thames Water works. 
2025-12-29T21:32:33.214357,TIMS-221961,Network delays,Minimal,[A2204] FERRY APPROACH (SE18 ) (Greenwich),['a205'],[A2204] Ferry Approach (Both directions) at the junction of [A206] Woolwich Ferry Roundabout - The Woolwich Ferry is operating a one boat service
2025-12-29T21:32:33.214357,TIMS-221957,Works,Minimal,[A3] WANDSWORTH HIGH STREET (SW18 ) (Wandsworth),['a205'],[A3] Wandsworth High Street (Both directions) between [A3] West Hill and [A3] East Hill - Road closures in place due to a burst water main. 
2025-12-29T21:32:33.214357,TIMS-222025,Works,Minimal,[A22] GODSTONE ROAD (CR8 ) (Croydon),['a23'],"[A22] Godstone Road (Both directions) at the junction of Station Road - Two-way temporary signals in operation near Kenley station, due to burst water main repairs. "
2025-12-29T21:32:33.214357,TIMS-221773,Works,Minimal,"[A216] MITCHAM LANE (SW16 ) (Lambeth,Wandsworth)",['a23'],[A216] Mitcham Lane (Both directions) at the junction of Fernwood Avenue - Temporary signals in operation to facilitate repairs to a burst water main.
2025-12-29T21:32:33.214357,TIMS-222023,Works,Minimal,"[A40] WESTERN AVENUE (HA4 ,UB10 ) (Hillingdon)",['a40'],"[A40] Western Avenue (Westbound) at the junction of [A4180] West End Road - Lane one (of three) closure after the onslip from Polish War Memorial, due to urgent water main repairs. "
2025-12-29T21:32:33.214357,TIMS-210389,Works,Minimal,"[A40] WESTWAY (W10 ,W12 ) (Hammersmith & Fulham,Kensington & Chelsea)",['a40'],[A40] Westway (Eastbound) at the junction of [A3220] West Cross Route - The exit slip road to the Northern Roundabout is closed to facilitate repair works. 
2025-12-29T21:32:33.214357,TIMS-222024,Works,Minimal,"[A41] HENDON WAY (NW11 ,NW2 ) (Barnet)",['a41'],"[A41] Hendon Way (Northbound) at the junction of Ridge Hill - Lane one (of three) closure opposite the junction of Ridge Hill, due to urgent water leak repairs. "
2025-12-29T21:32:33.214357,TIMS-222029,Works,Minimal,"[A1203] THE HIGHWAY (E1 ,E1W ) (Tower Hamlets)",['city route'],"[A1203] The Highway (Westbound) at the junction of [A1202] Dock Street - Lane closure due to urgent UKPN cable repairs.
"
2025-12-29T21:32:33.214357,TIMS-217012,Works,Minimal,[A206] WOOLWICH ROAD (SE7 ) (Greenwich),[],[A206] Woolwich Road (Both directions) between Anchor & Hope Lane and John Wilson Street. - Lane restrictions to facilitate the construction of a segregated cycle lane. 
2025-12-29T21:32:33.214357,TIMS-221963,Works,Minimal,JAIL LANE (TN16 ) (Bromley),[],Jail Lane (Both directions) at the junction of Old Tye Avenue - Road closed to facilitate Thames Water works. 
2025-12-29T21:32:33.214357,TIMS-221831,Works,Minimal,"PECKHAM RYE (SE15 ,SE22 ) (Southwark)",[],Peckham Rye (All directions) at the junction of [A2214] Nunhead Lane - Temporary traffic signals are in place to facilitate ermergency SGN works.
2025-12-29T21:32:33.214357,TIMS-216723,Works,Minimal,"TILLING ROAD (NW2 ,NW4 ) (Barnet)",[],Tilling Road (All approaches) at the junction of Claremont Road. - Temporary traffic signals in place to facilitate roadworks. 
2025-12-29T21:32:33.214357,TIMS-220784,Works,Minimal,"[A1205] BURDETT ROAD (E1 ,E14 ,E3 ) (Tower Hamlets)",[],"[A1205] Burdett Road (Both directions) at the junction of [B140] St Pauls Way - Temporary traffic signals lane restrictions in use to facilitate Thames Water works. In addition, no access to St Paul's Way."
2025-12-29T21:32:33.214357,TIMS-212391,Works,Minimal,[A4020] UXBRIDGE ROAD (W12 ) (Hammersmith & Fulham),[],[A4020] Uxbridge Road (Both directions) at the junction of [A402] Shepherds Bush Green - Restrictions in place in various locations on Uxbridge Road and Shepherds Bush Green due to C34 cycle lane scheme works.
2025-12-29T21:32:33.214357,TIMS-220707,Planned events,Minimal,MILLENNIUM WAY (SE10 ) (Greenwich),[],Disney on Ice - The O2 - Millennium Way (All approaches) at the junction of Ordnance Crescent - Disney on Ice.
2025-12-29T21:32:33.214357,TIMS-213362,Works,Minimal,"[A107] MARE STREET (E8 ,E9 ) (Hackney)",[],"[A107] Mare Street (Both directions) between [A1207] Graham Road and [A107] Amhurst Road - Road is closed to facilitate urban realm works. Additionally, temporary signals are in place at the junction of Graham Road."
2025-12-29T21:32:33.214357,TIMS-219173,Works,Minimal,[A219] WOOD LANE (W12 ) (Hammersmith & Fulham),[],[A219] Wood Lane (Both directions) at the junction of [A40] Westway - Various carriageway and footway restrictions in place to facilitate Cycle Superhighway works.
2025-12-29T21:32:33.214357,TIMS-221854,Works,Minimal,"[A20] ELTHAM ROAD (SE12 ,SE3 ) (Greenwich,Lewisham)",['a20'],[A20] Eltham Road (Westbound) at the junction of Cambridge Drive - Lane restrictions to be implemented to facilitate SGN works. 
2025-12-29T21:32:33.214357,TIMS-221700,Works,Minimal,[A205] WALDRAM CRESCENT (SE23 ) (Lewisham),['a205'],[A205] Waldram Crescent (Both directions) at the junction of Stanstead Road - Contra-flow in operation to facilitate SGN works.
2025-12-29T21:32:33.214357,TIMS-221978,Works,Minimal,"[A3] BATTERSEA RISE (SW11 ,SW18 ) (Wandsworth)",['a205'],[A3] Battersea Rise (Both directions) at the junction of Bolingbroke Grove - There are 2-way temporary traffic lights at this location for Thames Water works. 
2025-12-29T21:32:33.214357,TIMS-209852,Works,Minimal,"[A3205] NINE ELMS LANE (SW11 ,SW8 ) (Lambeth,Wandsworth)","['a3', 'inner ring']",[A3205] Nine Elms Lane (Both directions) at the junction of Ponton Road - Lane closures in place to facilitate Urban Realm Works.
2025-12-29T21:32:33.214357,TIMS-220695,Works,Minimal,"[A41] FINCHLEY ROAD (NW3 ,NW6 ,NW8 ) (Camden)",['a41'],[A41] Finchley Road (Southbound) at the junction of [B511] College Crescent - Lanes one and two (of three) closed to facilitate emergency Thames Water works.
2025-12-29T21:32:33.214357,TIMS-221816,Works,Minimal,[A302] GROSVENOR GARDENS (SW1W ) (Westminster),['inner ring'],[A302] Grosvenor Gardens (Southbound) at the junction of [A302] Victoria Street - The right turn from Buckingham Palace Road into Grosvenor Gardens has been closed due to emergency repairs by Cadent Gas.
2025-12-29T21:32:33.214357,TIMS-215004,Works,Minimal,"DU CANE ROAD (W12 ,W3 ) (Hammersmith & Fulham)",[],Du Cane Road (Both directions) at the junction of Hilary Road - Two-way temporary traffic signals are in operation for bridge works.
2025-12-29T21:32:33.214357,TIMS-222027,Works,Minimal,"[B212] STRATHEDEN ROAD (SE3 ) (Greenwich,Lewisham)",[],Thames Water works - [B212] Stratheden Road (Both directions) at the junction of [A2] Shooters Hill Road - The road is closed due to Thames Water works. 
2025-12-29T21:32:33.214357,TIMS-218924,Works,Minimal,[A206] WOOLWICH CHURCH STREET (SE18 ) (Greenwich),[],[A206] Woolwich Church Street (Both directions) at the junction of [A206] Woolwich Ferry Roundabout - Various restrictions in place to facilitate cycle lane works.
2025-12-29T21:32:33.214357,TIMS-219885,Works,Minimal,"[A1205] BURDETT ROAD (E1 ,E3 ) (Tower Hamlets)",[],[A1205] Burdett Road (Both directions) at the junction of [A11] Mile End Road - Lane restrictions in place to facilitate Thames Water works.
2025-12-29T21:32:33.214357,TIMS-220134,Works,Minimal,"[A206] WOOLWICH CHURCH STREET (SE18 ,SE7 ) (Greenwich)",[],[A206] Woolwich Church Street (Westbound) at the junction of Warspite Road - Lane restriction due to ongoing cycle scheme works.
2025-12-29T21:32:33.214357,TIMS-219994,Works,Minimal,[A200] LOWER ROAD (SE16 ) (Southwark),[],[A200] Lower Road (Both directions) at the junction of Surrey Quays Road - Temporary traffic signals to be implemented to facilitate cable works. 
2025-12-29T21:32:33.214357,TIMS-221911,Works,Minimal,SELBORNE ROAD (E17 ) (Waltham Forest),[],Selborne Road (Both directions) at the junction of Vernon Road - Temporary traffic signals in operation to facilitate Thames Water works. 
2025-12-29T21:32:33.214357,TIMS-221820,Planned events,Minimal,"LUDGATE HILL (EC4A ,EC4M ,EC4V ) (City of London)",[],Ludgate Hill (All directions) at the junction of [A201] New Bridge Street - Multiple road closures will be in place to facilitate the build for New Years Celebrations. 
2025-12-29T21:32:33.214357,TIMS-221720,Works,Minimal,"[A112] PRINCE REGENT LANE (E13 ,E16 ) (Newham)",[],[A112] Prince Regent Lane (Northbound) at the junction of Churchill Road - Road closed northbound due to emergency Thames Water works.
2025-12-29T21:32:33.214357,TIMS-219993,Works,Minimal,[A200] LOWER ROAD (SE16 ) (Southwark),[],[A200] Lower Road (Both directions) at the junction of Gomm Road - Temporary traffic signals to be implemented to facilitate cable works. 
2025-12-29T21:32:33.214357,TIMS-221797,Planned events,Minimal,HORSE GUARDS AVENUE (SW1A ) (Westminster),[],Horse Guards Avenue (Both directions) between [A3211] Victoria Embankment and Whitehall Court - The road will be closed to facilitate the build for New Year's Eve celebrations. 
2025-12-29T21:46:31.217468,TIMS-222039,Collisions,Serious,"[A406] ANGEL ROAD (E4 ,N18 ) (Enfield)",['a406'],[A406] Angel Road (Westbound) at the junction of [A1055] Meridian Way - Road closed due to a collision. Argon Road is still closed in both directions between Meridian Way and Cooks Ferry. 
2025-12-29T21:46:31.217468,TIMS-218732,Planned events,Serious,"[A4202] PARK LANE (W1J ,W1K ,W2 ) (Westminster)",['inner ring'],Winter Wonderland - Hyde Park - [A4202] Park Lane (All directions) at the junction of [A4202] Achilles Way - Winter Wonderland event has opened at 10:00
2025-12-29T21:46:31.217468,TIMS-206772,Works,Moderate,"[A12] EASTERN AVENUE EAST (RM2 ,RM3 ) (Havering)",['a12'],"Gallows Corner Flyover Refurbishment - [A12] Eastern Avenue East (All directions) at the junction of [A12] Colchester Road - Various restrictions, to facilitate the refurbishment of Gallows Corner Flyover. Full closure of the Flyover and the roundabout including all approaches in place."
2025-12-29T21:46:31.217468,TIMS-213893,Works,Moderate,"[A23] STREATHAM HILL (SW16 ,SW2 ) (Lambeth)",['a23'],"[A23] Streatham Hill (Both directions) between [A205] Christchurch Road and Leigham Court Road - Various restrictions for TfL works. Lane restrictions, in place over the course of the works. On 15/02/2026, 16/02/2026, 17/05/2026, 18/05/2026 there will be a full overnight closure. "
2025-12-29T21:46:31.217468,TIMS-200007,Works,Moderate,"KING WILLIAM STREET (EC3V,EC4N,EC4R) (City of London)",['bishopsgate cross route'],King William Street (Southbound) at the junction of Lombard Street - Road closed to facilitate urban realm works.
2025-12-29T21:46:31.217468,TIMS-216408,Works,Moderate,[A400] HAMPSTEAD ROAD (NW1 ) (Camden),['inner ring'],[A400] Hampstead Road (Both directions) at the junction of Robert Street - Temporary traffic signals and lane restrictions are in place for HS2 works.
2025-12-29T21:46:31.217468,TIMS-204461,Works,Moderate,"[A3203] LAMBETH BRIDGE (SE1 ,SW1P ) (Lambeth,Westminster)",['southern river route'],[A3203] Lambeth Bridge (Eastbound) between [A3036] A 3036 and [A3212] Millbank - Lane restrictions are in place at either side of the bridge for junction improvement works.
2025-12-29T21:46:31.217468,TIMS-221134,Network delays,Moderate,"[A101] ROTHERHITHE TUNNEL (E1W ,SE16 ) (Southwark,Tower Hamlets)",['southern river route'],"[A101] Rotherhithe Tunnel (Both directions) between [A200] Jamaica Road and [A13] Commercial Road - The Tunnel may be subject to short, intermittent closures"
2025-12-29T21:46:31.217468,TIMS-221661,Works,Moderate,[A308] KINGSTON HILL (KT2 ) (Kingston upon Thames),[],[A308] Kingston Hill (Both directions) at the junction of Park Road - Temporary traffic signals are in use to facilitate works. 
2025-12-29T21:46:31.217468,TIMS-220472,Hazards,Moderate,"[A4200] SOUTHAMPTON ROW (WC1A ,WC1B ,WC1N ,WC1V ) (Camden)",[],[A4200] Southampton Row (Both directions) between [A40] High Holborn and [A40] Vernon Place - The road is closed due to emergency UKPN works. Vernon Place westbound bus lane is also closed. 
2025-12-29T21:46:31.217468,TIMS-222042,Collisions,Moderate,"[A406] NORTH CIRCULAR ROAD (N2 ,N3 ,NW11 ) (Barnet)",['a406'],[A406] North Circular Road (Eastbound) at the junction of [A1] Falloden Way - Road closed due to a collision. Lane one (of three) A1 is also closed eastbound.
2025-12-29T21:46:31.217468,TIMS-222012,Works,Minimal,[A212] CATFORD HILL (SE6 ) (Lewisham),['a205'],[A212] Catford Hill (Both directions) at the junction of Beechfield Road - Two way temporary traffic lights in place to facilitate Thames Water works. 
2025-12-29T21:46:31.217468,TIMS-221961,Network delays,Minimal,[A2204] FERRY APPROACH (SE18 ) (Greenwich),['a205'],[A2204] Ferry Approach (Both directions) at the junction of [A206] Woolwich Ferry Roundabout - The Woolwich Ferry is operating a one boat service
2025-12-29T21:46:31.217468,TIMS-221957,Works,Minimal,[A3] WANDSWORTH HIGH STREET (SW18 ) (Wandsworth),['a205'],[A3] Wandsworth High Street (Both directions) between [A3] West Hill and [A3] East Hill - Road closures in place due to a burst water main. 
2025-12-29T21:46:31.217468,TIMS-222025,Works,Minimal,[A22] GODSTONE ROAD (CR8 ) (Croydon),['a23'],"[A22] Godstone Road (Both directions) at the junction of Station Road - Two-way temporary signals in operation near Kenley station, due to burst water main repairs. "
2025-12-29T21:46:31.217468,TIMS-221773,Works,Minimal,"[A216] MITCHAM LANE (SW16 ) (Lambeth,Wandsworth)",['a23'],[A216] Mitcham Lane (Both directions) at the junction of Fernwood Avenue - Temporary signals in operation to facilitate repairs to a burst water main.
2025-12-29T21:46:31.217468,TIMS-222023,Works,Minimal,"[A40] WESTERN AVENUE (HA4 ,UB10 ) (Hillingdon)",['a40'],"[A40] Western Avenue (Westbound) at the junction of [A4180] West End Road - Lane one (of three) closure after the onslip from Polish War Memorial, due to urgent water main repairs. "
2025-12-29T21:46:31.217468,TIMS-210389,Works,Minimal,"[A40] WESTWAY (W10 ,W12 ) (Hammersmith & Fulham,Kensington & Chelsea)",['a40'],[A40] Westway (Eastbound) at the junction of [A3220] West Cross Route - The exit slip road to the Northern Roundabout is closed to facilitate repair works. 
2025-12-29T21:46:31.217468,TIMS-222024,Works,Minimal,"[A41] HENDON WAY (NW11 ,NW2 ) (Barnet)",['a41'],"[A41] Hendon Way (Northbound) at the junction of Ridge Hill - Lane one (of three) closure opposite the junction of Ridge Hill, due to urgent water leak repairs. "
2025-12-29T21:46:31.217468,TIMS-222029,Works,Minimal,"[A1203] THE HIGHWAY (E1 ,E1W ) (Tower Hamlets)",['city route'],"[A1203] The Highway (Westbound) at the junction of [A1202] Dock Street - Lane closure due to urgent UKPN cable repairs.
"
2025-12-29T21:46:31.217468,TIMS-217012,Works,Minimal,[A206] WOOLWICH ROAD (SE7 ) (Greenwich),[],[A206] Woolwich Road (Both directions) between Anchor & Hope Lane and John Wilson Street. - Lane restrictions to facilitate the construction of a segregated cycle lane. 
2025-12-29T21:46:31.217468,TIMS-221963,Works,Minimal,JAIL LANE (TN16 ) (Bromley),[],Jail Lane (Both directions) at the junction of Old Tye Avenue - Road closed to facilitate Thames Water works. 
2025-12-29T21:46:31.217468,TIMS-221831,Works,Minimal,"PECKHAM RYE (SE15 ,SE22 ) (Southwark)",[],Peckham Rye (All directions) at the junction of [A2214] Nunhead Lane - Temporary traffic signals are in place to facilitate ermergency SGN works.
2025-12-29T21:46:31.217468,TIMS-216723,Works,Minimal,"TILLING ROAD (NW2 ,NW4 ) (Barnet)",[],Tilling Road (All approaches) at the junction of Claremont Road. - Temporary traffic signals in place to facilitate roadworks. 
2025-12-29T21:46:31.217468,TIMS-220784,Works,Minimal,"[A1205] BURDETT ROAD (E1 ,E14 ,E3 ) (Tower Hamlets)",[],"[A1205] Burdett Road (Both directions) at the junction of [B140] St Pauls Way - Temporary traffic signals lane restrictions in use to facilitate Thames Water works. In addition, no access to St Paul's Way."
2025-12-29T21:46:31.217468,TIMS-212391,Works,Minimal,[A4020] UXBRIDGE ROAD (W12 ) (Hammersmith & Fulham),[],[A4020] Uxbridge Road (Both directions) at the junction of [A402] Shepherds Bush Green - Restrictions in place in various locations on Uxbridge Road and Shepherds Bush Green due to C34 cycle lane scheme works.
2025-12-29T21:46:31.217468,TIMS-220707,Planned events,Minimal,MILLENNIUM WAY (SE10 ) (Greenwich),[],Disney on Ice - The O2 - Millennium Way (All approaches) at the junction of Ordnance Crescent - Disney on Ice.
2025-12-29T21:46:31.217468,TIMS-213362,Works,Minimal,"[A107] MARE STREET (E8 ,E9 ) (Hackney)",[],"[A107] Mare Street (Both directions) between [A1207] Graham Road and [A107] Amhurst Road - Road is closed to facilitate urban realm works. Additionally, temporary signals are in place at the junction of Graham Road."
2025-12-29T21:46:31.217468,TIMS-219173,Works,Minimal,[A219] WOOD LANE (W12 ) (Hammersmith & Fulham),[],[A219] Wood Lane (Both directions) at the junction of [A40] Westway - Various carriageway and footway restrictions in place to facilitate Cycle Superhighway works.
2025-12-29T21:46:31.217468,TIMS-221854,Works,Minimal,"[A20] ELTHAM ROAD (SE12 ,SE3 ) (Greenwich,Lewisham)",['a20'],[A20] Eltham Road (Westbound) at the junction of Cambridge Drive - Lane restrictions to be implemented to facilitate SGN works. 
2025-12-29T21:46:31.217468,TIMS-221700,Works,Minimal,[A205] WALDRAM CRESCENT (SE23 ) (Lewisham),['a205'],[A205] Waldram Crescent (Both directions) at the junction of Stanstead Road - Contra-flow in operation to facilitate SGN works.
2025-12-29T21:46:31.217468,TIMS-221978,Works,Minimal,"[A3] BATTERSEA RISE (SW11 ,SW18 ) (Wandsworth)",['a205'],[A3] Battersea Rise (Both directions) at the junction of Bolingbroke Grove - There are 2-way temporary traffic lights at this location for Thames Water works. 
2025-12-29T21:46:31.217468,TIMS-209852,Works,Minimal,"[A3205] NINE ELMS LANE (SW11 ,SW8 ) (Lambeth,Wandsworth)","['a3', 'inner ring']",[A3205] Nine Elms Lane (Both directions) at the junction of Ponton Road - Lane closures in place to facilitate Urban Realm Works.
2025-12-29T21:46:31.217468,TIMS-220695,Works,Minimal,"[A41] FINCHLEY ROAD (NW3 ,NW6 ,NW8 ) (Camden)",['a41'],[A41] Finchley Road (Southbound) at the junction of [B511] College Crescent - Lanes one and two (of three) closed to facilitate emergency Thames Water works.
2025-12-29T21:46:31.217468,TIMS-221816,Works,Minimal,[A302] GROSVENOR GARDENS (SW1W ) (Westminster),['inner ring'],[A302] Grosvenor Gardens (Southbound) at the junction of [A302] Victoria Street - The right turn from Buckingham Palace Road into Grosvenor Gardens has been closed due to emergency repairs by Cadent Gas.
2025-12-29T21:46:31.217468,TIMS-215004,Works,Minimal,"DU CANE ROAD (W12 ,W3 ) (Hammersmith & Fulham)",[],Du Cane Road (Both directions) at the junction of Hilary Road - Two-way temporary traffic signals are in operation for bridge works.
2025-12-29T21:46:31.217468,TIMS-222027,Works,Minimal,"[B212] STRATHEDEN ROAD (SE3 ) (Greenwich,Lewisham)",[],Thames Water works - [B212] Stratheden Road (Both directions) at the junction of [A2] Shooters Hill Road - The road is closed due to Thames Water works. 
2025-12-29T21:46:31.217468,TIMS-218924,Works,Minimal,[A206] WOOLWICH CHURCH STREET (SE18 ) (Greenwich),[],[A206] Woolwich Church Street (Both directions) at the junction of [A206] Woolwich Ferry Roundabout - Various restrictions in place to facilitate cycle lane works.
2025-12-29T21:46:31.217468,TIMS-219885,Works,Minimal,"[A1205] BURDETT ROAD (E1 ,E3 ) (Tower Hamlets)",[],[A1205] Burdett Road (Both directions) at the junction of [A11] Mile End Road - Lane restrictions in place to facilitate Thames Water works.
2025-12-29T21:46:31.217468,TIMS-220134,Works,Minimal,"[A206] WOOLWICH CHURCH STREET (SE18 ,SE7 ) (Greenwich)",[],[A206] Woolwich Church Street (Westbound) at the junction of Warspite Road - Lane restriction due to ongoing cycle scheme works.
2025-12-29T21:46:31.217468,TIMS-219994,Works,Minimal,[A200] LOWER ROAD (SE16 ) (Southwark),[],[A200] Lower Road (Both directions) at the junction of Surrey Quays Road - Temporary traffic signals to be implemented to facilitate cable works. 
2025-12-29T21:46:31.217468,TIMS-221911,Works,Minimal,SELBORNE ROAD (E17 ) (Waltham Forest),[],Selborne Road (Both directions) at the junction of Vernon Road - Temporary traffic signals in operation to facilitate Thames Water works. 
2025-12-29T21:46:31.217468,TIMS-221820,Planned events,Minimal,"LUDGATE HILL (EC4A ,EC4M ,EC4V ) (City of London)",[],Ludgate Hill (All directions) at the junction of [A201] New Bridge Street - Multiple road closures will be in place to facilitate the build for New Years Celebrations. 
2025-12-29T21:46:31.217468,TIMS-221720,Works,Minimal,"[A112] PRINCE REGENT LANE (E13 ,E16 ) (Newham)",[],[A112] Prince Regent Lane (Northbound) at the junction of Churchill Road - Road closed northbound due to emergency Thames Water works.
2025-12-29T21:46:31.217468,TIMS-219993,Works,Minimal,[A200] LOWER ROAD (SE16 ) (Southwark),[],[A200] Lower Road (Both directions) at the junction of Gomm Road - Temporary traffic signals to be implemented to facilitate cable works. 
2025-12-29T21:46:31.217468,TIMS-221797,Planned events,Minimal,HORSE GUARDS AVENUE (SW1A ) (Westminster),[],Horse Guards Avenue (Both directions) between [A3211] Victoria Embankment and Whitehall Court - The road will be closed to facilitate the build for New Year's Eve celebrations. 
2025-12-29T21:53:55.253963,TIMS-222039,Collisions,Serious,"[A406] ANGEL ROAD (E4 ,N18 ) (Enfield)",['a406'],[A406] Angel Road (Westbound) at the junction of [A1055] Meridian Way - Road closed due to a collision. Argon Road is still closed in both directions between Meridian Way and Cooks Ferry. 
2025-12-29T21:53:55.253963,TIMS-218732,Planned events,Serious,"[A4202] PARK LANE (W1J ,W1K ,W2 ) (Westminster)",['inner ring'],Winter Wonderland - Hyde Park - [A4202] Park Lane (All directions) at the junction of [A4202] Achilles Way - Winter Wonderland event has opened at 10:00
2025-12-29T21:53:55.253963,TIMS-206772,Works,Moderate,"[A12] EASTERN AVENUE EAST (RM2 ,RM3 ) (Havering)",['a12'],"Gallows Corner Flyover Refurbishment - [A12] Eastern Avenue East (All directions) at the junction of [A12] Colchester Road - Various restrictions, to facilitate the refurbishment of Gallows Corner Flyover. Full closure of the Flyover and the roundabout including all approaches in place."
2025-12-29T21:53:55.253963,TIMS-213893,Works,Moderate,"[A23] STREATHAM HILL (SW16 ,SW2 ) (Lambeth)",['a23'],"[A23] Streatham Hill (Both directions) between [A205] Christchurch Road and Leigham Court Road - Various restrictions for TfL works. Lane restrictions, in place over the course of the works. On 15/02/2026, 16/02/2026, 17/05/2026, 18/05/2026 there will be a full overnight closure. "
2025-12-29T21:53:55.253963,TIMS-200007,Works,Moderate,"KING WILLIAM STREET (EC3V,EC4N,EC4R) (City of London)",['bishopsgate cross route'],King William Street (Southbound) at the junction of Lombard Street - Road closed to facilitate urban realm works.
2025-12-29T21:53:55.253963,TIMS-216408,Works,Moderate,[A400] HAMPSTEAD ROAD (NW1 ) (Camden),['inner ring'],[A400] Hampstead Road (Both directions) at the junction of Robert Street - Temporary traffic signals and lane restrictions are in place for HS2 works.
2025-12-29T21:53:55.253963,TIMS-204461,Works,Moderate,"[A3203] LAMBETH BRIDGE (SE1 ,SW1P ) (Lambeth,Westminster)",['southern river route'],[A3203] Lambeth Bridge (Eastbound) between [A3036] A 3036 and [A3212] Millbank - Lane restrictions are in place at either side of the bridge for junction improvement works.
2025-12-29T21:53:55.253963,TIMS-221134,Network delays,Moderate,"[A101] ROTHERHITHE TUNNEL (E1W ,SE16 ) (Southwark,Tower Hamlets)",['southern river route'],"[A101] Rotherhithe Tunnel (Both directions) between [A200] Jamaica Road and [A13] Commercial Road - The Tunnel may be subject to short, intermittent closures"
2025-12-29T21:53:55.253963,TIMS-221661,Works,Moderate,[A308] KINGSTON HILL (KT2 ) (Kingston upon Thames),[],[A308] Kingston Hill (Both directions) at the junction of Park Road - Temporary traffic signals are in use to facilitate works. 
2025-12-29T21:53:55.253963,TIMS-220472,Hazards,Moderate,"[A4200] SOUTHAMPTON ROW (WC1A ,WC1B ,WC1N ,WC1V ) (Camden)",[],[A4200] Southampton Row (Both directions) between [A40] High Holborn and [A40] Vernon Place - The road is closed due to emergency UKPN works. Vernon Place westbound bus lane is also closed. 
2025-12-29T21:53:55.253963,TIMS-221957,Works,Minimal,[A3] WANDSWORTH HIGH STREET (SW18 ) (Wandsworth),['a205'],[A3] Wandsworth High Street (Both directions) between [A3] West Hill and [A3] East Hill - Road closures in place due to a burst water main. 
2025-12-29T21:53:55.253963,TIMS-222012,Works,Minimal,[A212] CATFORD HILL (SE6 ) (Lewisham),['a205'],[A212] Catford Hill (Both directions) at the junction of Beechfield Road - Two way temporary traffic lights in place to facilitate Thames Water works. 
2025-12-29T21:53:55.253963,TIMS-221961,Network delays,Minimal,[A2204] FERRY APPROACH (SE18 ) (Greenwich),['a205'],[A2204] Ferry Approach (Both directions) at the junction of [A206] Woolwich Ferry Roundabout - The Woolwich Ferry is operating a one boat service
2025-12-29T21:53:55.253963,TIMS-221773,Works,Minimal,"[A216] MITCHAM LANE (SW16 ) (Lambeth,Wandsworth)",['a23'],[A216] Mitcham Lane (Both directions) at the junction of Fernwood Avenue - Temporary signals in operation to facilitate repairs to a burst water main.
2025-12-29T21:53:55.253963,TIMS-222025,Works,Minimal,[A22] GODSTONE ROAD (CR8 ) (Croydon),['a23'],"[A22] Godstone Road (Both directions) at the junction of Station Road - Two-way temporary signals in operation near Kenley station, due to burst water main repairs. "
2025-12-29T21:53:55.253963,TIMS-222023,Works,Minimal,"[A40] WESTERN AVENUE (HA4 ,UB10 ) (Hillingdon)",['a40'],"[A40] Western Avenue (Westbound) at the junction of [A4180] West End Road - Lane one (of three) closure after the onslip from Polish War Memorial, due to urgent water main repairs. "
2025-12-29T21:53:55.253963,TIMS-210389,Works,Minimal,"[A40] WESTWAY (W10 ,W12 ) (Hammersmith & Fulham,Kensington & Chelsea)",['a40'],[A40] Westway (Eastbound) at the junction of [A3220] West Cross Route - The exit slip road to the Northern Roundabout is closed to facilitate repair works. 
2025-12-29T21:53:55.253963,TIMS-222042,Collisions,Minimal,"[A406] NORTH CIRCULAR ROAD (N2 ,N3 ,NW11 ) (Barnet)",['a406'],[A406] North Circular Road (Eastbound) at the junction of [A1] Falloden Way - Road closed due to a collision. Lane one (of three) A1 is also closed eastbound.
2025-12-29T21:53:55.253963,TIMS-222024,Works,Minimal,"[A41] HENDON WAY (NW11 ,NW2 ) (Barnet)",['a41'],"[A41] Hendon Way (Northbound) at the junction of Ridge Hill - Lane one (of three) closure opposite the junction of Ridge Hill, due to urgent water leak repairs. "
2025-12-29T21:53:55.253963,TIMS-222029,Works,Minimal,"[A1203] THE HIGHWAY (E1 ,E1W ) (Tower Hamlets)",['city route'],"[A1203] The Highway (Westbound) at the junction of [A1202] Dock Street - Lane closure due to urgent UKPN cable repairs.
"
2025-12-29T21:53:55.253963,TIMS-221831,Works,Minimal,"PECKHAM RYE (SE15 ,SE22 ) (Southwark)",[],Peckham Rye (All directions) at the junction of [A2214] Nunhead Lane - Temporary traffic signals are in place to facilitate ermergency SGN works.
2025-12-29T21:53:55.253963,TIMS-212391,Works,Minimal,[A4020] UXBRIDGE ROAD (W12 ) (Hammersmith & Fulham),[],[A4020] Uxbridge Road (Both directions) at the junction of [A402] Shepherds Bush Green - Restrictions in place in various locations on Uxbridge Road and Shepherds Bush Green due to C34 cycle lane scheme works.
2025-12-29T21:53:55.253963,TIMS-213362,Works,Minimal,"[A107] MARE STREET (E8 ,E9 ) (Hackney)",[],"[A107] Mare Street (Both directions) between [A1207] Graham Road and [A107] Amhurst Road - Road is closed to facilitate urban realm works. Additionally, temporary signals are in place at the junction of Graham Road."
2025-12-29T21:53:55.253963,TIMS-221963,Works,Minimal,JAIL LANE (TN16 ) (Bromley),[],Jail Lane (Both directions) at the junction of Old Tye Avenue - Road closed to facilitate Thames Water works. 
2025-12-29T21:53:55.253963,TIMS-216723,Works,Minimal,"TILLING ROAD (NW2 ,NW4 ) (Barnet)",[],Tilling Road (All approaches) at the junction of Claremont Road. - Temporary traffic signals in place to facilitate roadworks. 
2025-12-29T21:53:55.253963,TIMS-217012,Works,Minimal,[A206] WOOLWICH ROAD (SE7 ) (Greenwich),[],[A206] Woolwich Road (Both directions) between Anchor & Hope Lane and John Wilson Street. - Lane restrictions to facilitate the construction of a segregated cycle lane. 
2025-12-29T21:53:55.253963,TIMS-220784,Works,Minimal,"[A1205] BURDETT ROAD (E1 ,E14 ,E3 ) (Tower Hamlets)",[],"[A1205] Burdett Road (Both directions) at the junction of [B140] St Pauls Way - Temporary traffic signals lane restrictions in use to facilitate Thames Water works. In addition, no access to St Paul's Way."
2025-12-29T21:53:55.253963,TIMS-219173,Works,Minimal,[A219] WOOD LANE (W12 ) (Hammersmith & Fulham),[],[A219] Wood Lane (Both directions) at the junction of [A40] Westway - Various carriageway and footway restrictions in place to facilitate Cycle Superhighway works.
2025-12-29T21:53:55.253963,TIMS-220707,Planned events,Minimal,MILLENNIUM WAY (SE10 ) (Greenwich),[],Disney on Ice - The O2 - Millennium Way (All approaches) at the junction of Ordnance Crescent - Disney on Ice.
2025-12-29T21:53:55.253963,TIMS-221854,Works,Minimal,"[A20] ELTHAM ROAD (SE12 ,SE3 ) (Greenwich,Lewisham)",['a20'],[A20] Eltham Road (Westbound) at the junction of Cambridge Drive - Lane restrictions to be implemented to facilitate SGN works. 
2025-12-29T21:53:55.253963,TIMS-221978,Works,Minimal,"[A3] BATTERSEA RISE (SW11 ,SW18 ) (Wandsworth)",['a205'],[A3] Battersea Rise (Both directions) at the junction of Bolingbroke Grove - There are 2-way temporary traffic lights at this location for Thames Water works. 
2025-12-29T21:53:55.253963,TIMS-221700,Works,Minimal,[A205] WALDRAM CRESCENT (SE23 ) (Lewisham),['a205'],[A205] Waldram Crescent (Both directions) at the junction of Stanstead Road - Contra-flow in operation to facilitate SGN works.
2025-12-29T21:53:55.253963,TIMS-209852,Works,Minimal,"[A3205] NINE ELMS LANE (SW11 ,SW8 ) (Lambeth,Wandsworth)","['a3', 'inner ring']",[A3205] Nine Elms Lane (Both directions) at the junction of Ponton Road - Lane closures in place to facilitate Urban Realm Works.
2025-12-29T21:53:55.253963,TIMS-220695,Works,Minimal,"[A41] FINCHLEY ROAD (NW3 ,NW6 ,NW8 ) (Camden)",['a41'],[A41] Finchley Road (Southbound) at the junction of [B511] College Crescent - Lanes one and two (of three) closed to facilitate emergency Thames Water works.
2025-12-29T21:53:55.253963,TIMS-221816,Works,Minimal,[A302] GROSVENOR GARDENS (SW1W ) (Westminster),['inner ring'],[A302] Grosvenor Gardens (Southbound) at the junction of [A302] Victoria Street - The right turn from Buckingham Palace Road into Grosvenor Gardens has been closed due to emergency repairs by Cadent Gas.
2025-12-29T21:53:55.253963,TIMS-221820,Planned events,Minimal,"LUDGATE HILL (EC4A ,EC4M ,EC4V ) (City of London)",[],Ludgate Hill (All directions) at the junction of [A201] New Bridge Street - Multiple road closures will be in place to facilitate the build for New Years Celebrations. 
2025-12-29T21:53:55.253963,TIMS-221911,Works,Minimal,SELBORNE ROAD (E17 ) (Waltham Forest),[],Selborne Road (Both directions) at the junction of Vernon Road - Temporary traffic signals in operation to facilitate Thames Water works. 
2025-12-29T21:53:55.253963,TIMS-218924,Works,Minimal,[A206] WOOLWICH CHURCH STREET (SE18 ) (Greenwich),[],[A206] Woolwich Church Street (Both directions) at the junction of [A206] Woolwich Ferry Roundabout - Various restrictions in place to facilitate cycle lane works.
2025-12-29T21:53:55.253963,TIMS-215004,Works,Minimal,"DU CANE ROAD (W12 ,W3 ) (Hammersmith & Fulham)",[],Du Cane Road (Both directions) at the junction of Hilary Road - Two-way temporary traffic signals are in operation for bridge works.
2025-12-29T21:53:55.253963,TIMS-221720,Works,Minimal,"[A112] PRINCE REGENT LANE (E13 ,E16 ) (Newham)",[],[A112] Prince Regent Lane (Northbound) at the junction of Churchill Road - Road closed northbound due to emergency Thames Water works.
2025-12-29T21:53:55.253963,TIMS-219885,Works,Minimal,"[A1205] BURDETT ROAD (E1 ,E3 ) (Tower Hamlets)",[],[A1205] Burdett Road (Both directions) at the junction of [A11] Mile End Road - Lane restrictions in place to facilitate Thames Water works.
2025-12-29T21:53:55.253963,TIMS-221797,Planned events,Minimal,HORSE GUARDS AVENUE (SW1A ) (Westminster),[],Horse Guards Avenue (Both directions) between [A3211] Victoria Embankment and Whitehall Court - The road will be closed to facilitate the build for New Year's Eve celebrations. 
2025-12-29T21:53:55.253963,TIMS-222027,Works,Minimal,"[B212] STRATHEDEN ROAD (SE3 ) (Greenwich,Lewisham)",[],Thames Water works - [B212] Stratheden Road (Both directions) at the junction of [A2] Shooters Hill Road - The road is closed due to Thames Water works. 
2025-12-29T21:53:55.253963,TIMS-219993,Works,Minimal,[A200] LOWER ROAD (SE16 ) (Southwark),[],[A200] Lower Road (Both directions) at the junction of Gomm Road - Temporary traffic signals to be implemented to facilitate cable works. 
2025-12-29T21:53:55.253963,TIMS-219994,Works,Minimal,[A200] LOWER ROAD (SE16 ) (Southwark),[],[A200] Lower Road (Both directions) at the junction of Surrey Quays Road - Temporary traffic signals to be implemented to facilitate cable works. 
2025-12-29T21:53:55.253963,TIMS-220134,Works,Minimal,"[A206] WOOLWICH CHURCH STREET (SE18 ,SE7 ) (Greenwich)",[],[A206] Woolwich Church Street (Westbound) at the junction of Warspite Road - Lane restriction due to ongoing cycle scheme works.
2025-12-29T22:14:06.538646,TIMS-222039,Collisions,Serious,"[A406] ANGEL ROAD (E4 ,N18 ) (Enfield)",['a406'],[A406] Angel Road (Westbound) at the junction of [A1055] Meridian Way - Road closed due to a collision. Argon Road is still closed in both directions between Meridian Way and Cooks Ferry. 
2025-12-29T22:14:06.538646,TIMS-218732,Planned events,Serious,"[A4202] PARK LANE (W1J ,W1K ,W2 ) (Westminster)",['inner ring'],Winter Wonderland - Hyde Park - [A4202] Park Lane (All directions) at the junction of [A4202] Achilles Way - Winter Wonderland event has opened at 10:00
2025-12-29T22:14:06.538646,TIMS-206772,Works,Moderate,"[A12] EASTERN AVENUE EAST (RM2 ,RM3 ) (Havering)",['a12'],"Gallows Corner Flyover Refurbishment - [A12] Eastern Avenue East (All directions) at the junction of [A12] Colchester Road - Various restrictions, to facilitate the refurbishment of Gallows Corner Flyover. Full closure of the Flyover and the roundabout including all approaches in place."
2025-12-29T22:14:06.538646,TIMS-213893,Works,Moderate,"[A23] STREATHAM HILL (SW16 ,SW2 ) (Lambeth)",['a23'],"[A23] Streatham Hill (Both directions) between [A205] Christchurch Road and Leigham Court Road - Various restrictions for TfL works. Lane restrictions, in place over the course of the works. On 15/02/2026, 16/02/2026, 17/05/2026, 18/05/2026 there will be a full overnight closure. "
2025-12-29T22:14:06.538646,TIMS-200007,Works,Moderate,"KING WILLIAM STREET (EC3V,EC4N,EC4R) (City of London)",['bishopsgate cross route'],King William Street (Southbound) at the junction of Lombard Street - Road closed to facilitate urban realm works.
2025-12-29T22:14:06.538646,TIMS-216408,Works,Moderate,[A400] HAMPSTEAD ROAD (NW1 ) (Camden),['inner ring'],[A400] Hampstead Road (Both directions) at the junction of Robert Street - Temporary traffic signals and lane restrictions are in place for HS2 works.
2025-12-29T22:14:06.538646,TIMS-204461,Works,Moderate,"[A3203] LAMBETH BRIDGE (SE1 ,SW1P ) (Lambeth,Westminster)",['southern river route'],[A3203] Lambeth Bridge (Eastbound) between [A3036] A 3036 and [A3212] Millbank - Lane restrictions are in place at either side of the bridge for junction improvement works.
2025-12-29T22:14:06.538646,TIMS-221134,Network delays,Moderate,"[A101] ROTHERHITHE TUNNEL (E1W ,SE16 ) (Southwark,Tower Hamlets)",['southern river route'],"[A101] Rotherhithe Tunnel (Both directions) between [A200] Jamaica Road and [A13] Commercial Road - The Tunnel may be subject to short, intermittent closures"
2025-12-29T22:14:06.538646,TIMS-221661,Works,Moderate,[A308] KINGSTON HILL (KT2 ) (Kingston upon Thames),[],[A308] Kingston Hill (Both directions) at the junction of Park Road - Temporary traffic signals are in use to facilitate works. 
2025-12-29T22:14:06.538646,TIMS-220472,Hazards,Moderate,"[A4200] SOUTHAMPTON ROW (WC1A ,WC1B ,WC1N ,WC1V ) (Camden)",[],[A4200] Southampton Row (Both directions) between [A40] High Holborn and [A40] Vernon Place - The road is closed due to emergency UKPN works. Vernon Place westbound bus lane is also closed. 
2025-12-29T22:14:06.538646,TIMS-221961,Network delays,Minimal,[A2204] FERRY APPROACH (SE18 ) (Greenwich),['a205'],[A2204] Ferry Approach (Both directions) at the junction of [A206] Woolwich Ferry Roundabout - The Woolwich Ferry is operating a one boat service
2025-12-29T22:14:06.538646,TIMS-222012,Works,Minimal,[A212] CATFORD HILL (SE6 ) (Lewisham),['a205'],[A212] Catford Hill (Both directions) at the junction of Beechfield Road - Two way temporary traffic lights in place to facilitate Thames Water works. 
2025-12-29T22:14:06.538646,TIMS-221957,Works,Minimal,[A3] WANDSWORTH HIGH STREET (SW18 ) (Wandsworth),['a205'],[A3] Wandsworth High Street (Both directions) between [A3] West Hill and [A3] East Hill - Road closures in place due to a burst water main. 
2025-12-29T22:14:06.538646,TIMS-222025,Works,Minimal,[A22] GODSTONE ROAD (CR8 ) (Croydon),['a23'],"[A22] Godstone Road (Both directions) at the junction of Station Road - Two-way temporary signals in operation near Kenley station, due to burst water main repairs. "
2025-12-29T22:14:06.538646,TIMS-221773,Works,Minimal,"[A216] MITCHAM LANE (SW16 ) (Lambeth,Wandsworth)",['a23'],[A216] Mitcham Lane (Both directions) at the junction of Fernwood Avenue - Temporary signals in operation to facilitate repairs to a burst water main.
2025-12-29T22:14:06.538646,TIMS-222023,Works,Minimal,"[A40] WESTERN AVENUE (HA4 ,UB10 ) (Hillingdon)",['a40'],"[A40] Western Avenue (Westbound) at the junction of [A4180] West End Road - Lane one (of three) closure after the onslip from Polish War Memorial, due to urgent water main repairs. "
2025-12-29T22:14:06.538646,TIMS-210389,Works,Minimal,"[A40] WESTWAY (W10 ,W12 ) (Hammersmith & Fulham,Kensington & Chelsea)",['a40'],[A40] Westway (Eastbound) at the junction of [A3220] West Cross Route - The exit slip road to the Northern Roundabout is closed to facilitate repair works. 
2025-12-29T22:14:06.538646,TIMS-222024,Works,Minimal,"[A41] HENDON WAY (NW11 ,NW2 ) (Barnet)",['a41'],"[A41] Hendon Way (Northbound) at the junction of Ridge Hill - Lane one (of three) closure opposite the junction of Ridge Hill, due to urgent water leak repairs. "
2025-12-29T22:14:06.538646,TIMS-222029,Works,Minimal,"[A1203] THE HIGHWAY (E1 ,E1W ) (Tower Hamlets)",['city route'],"[A1203] The Highway (Westbound) at the junction of [A1202] Dock Street - Lane closure due to urgent UKPN cable repairs.
"
2025-12-29T22:14:06.538646,TIMS-221963,Works,Minimal,JAIL LANE (TN16 ) (Bromley),[],Jail Lane (Both directions) at the junction of Old Tye Avenue - Road closed to facilitate Thames Water works. 
2025-12-29T22:14:06.538646,TIMS-221831,Works,Minimal,"PECKHAM RYE (SE15 ,SE22 ) (Southwark)",[],Peckham Rye (All directions) at the junction of [A2214] Nunhead Lane - Temporary traffic signals are in place to facilitate ermergency SGN works.
2025-12-29T22:14:06.538646,TIMS-212391,Works,Minimal,[A4020] UXBRIDGE ROAD (W12 ) (Hammersmith & Fulham),[],[A4020] Uxbridge Road (Both directions) at the junction of [A402] Shepherds Bush Green - Restrictions in place in various locations on Uxbridge Road and Shepherds Bush Green due to C34 cycle lane scheme works.
2025-12-29T22:14:06.538646,TIMS-220784,Works,Minimal,"[A1205] BURDETT ROAD (E1 ,E14 ,E3 ) (Tower Hamlets)",[],"[A1205] Burdett Road (Both directions) at the junction of [B140] St Pauls Way - Temporary traffic signals lane restrictions in use to facilitate Thames Water works. In addition, no access to St Paul's Way."
2025-12-29T22:14:06.538646,TIMS-219173,Works,Minimal,[A219] WOOD LANE (W12 ) (Hammersmith & Fulham),[],[A219] Wood Lane (Both directions) at the junction of [A40] Westway - Various carriageway and footway restrictions in place to facilitate Cycle Superhighway works.
2025-12-29T22:14:06.538646,TIMS-213362,Works,Minimal,"[A107] MARE STREET (E8 ,E9 ) (Hackney)",[],"[A107] Mare Street (Both directions) between [A1207] Graham Road and [A107] Amhurst Road - Road is closed to facilitate urban realm works. Additionally, temporary signals are in place at the junction of Graham Road."
2025-12-29T22:14:06.538646,TIMS-216723,Works,Minimal,"TILLING ROAD (NW2 ,NW4 ) (Barnet)",[],Tilling Road (All approaches) at the junction of Claremont Road. - Temporary traffic signals in place to facilitate roadworks. 
2025-12-29T22:14:06.538646,TIMS-217012,Works,Minimal,[A206] WOOLWICH ROAD (SE7 ) (Greenwich),[],[A206] Woolwich Road (Both directions) between Anchor & Hope Lane and John Wilson Street. - Lane restrictions to facilitate the construction of a segregated cycle lane. 
2025-12-29T22:14:06.538646,TIMS-220707,Planned events,Minimal,MILLENNIUM WAY (SE10 ) (Greenwich),[],Disney on Ice - The O2 - Millennium Way (All approaches) at the junction of Ordnance Crescent - Disney on Ice.
2025-12-29T22:14:06.538646,TIMS-221854,Works,Minimal,"[A20] ELTHAM ROAD (SE12 ,SE3 ) (Greenwich,Lewisham)",['a20'],[A20] Eltham Road (Westbound) at the junction of Cambridge Drive - Lane restrictions to be implemented to facilitate SGN works. 
2025-12-29T22:14:06.538646,TIMS-221978,Works,Minimal,"[A3] BATTERSEA RISE (SW11 ,SW18 ) (Wandsworth)",['a205'],[A3] Battersea Rise (Both directions) at the junction of Bolingbroke Grove - There are 2-way temporary traffic lights at this location for Thames Water works. 
2025-12-29T22:14:06.538646,TIMS-221700,Works,Minimal,[A205] WALDRAM CRESCENT (SE23 ) (Lewisham),['a205'],[A205] Waldram Crescent (Both directions) at the junction of Stanstead Road - Contra-flow in operation to facilitate SGN works.
2025-12-29T22:14:06.538646,TIMS-209852,Works,Minimal,"[A3205] NINE ELMS LANE (SW11 ,SW8 ) (Lambeth,Wandsworth)","['a3', 'inner ring']",[A3205] Nine Elms Lane (Both directions) at the junction of Ponton Road - Lane closures in place to facilitate Urban Realm Works.
2025-12-29T22:14:06.538646,TIMS-220695,Works,Minimal,"[A41] FINCHLEY ROAD (NW3 ,NW6 ,NW8 ) (Camden)",['a41'],[A41] Finchley Road (Southbound) at the junction of [B511] College Crescent - Lanes one and two (of three) closed to facilitate emergency Thames Water works.
2025-12-29T22:14:06.538646,TIMS-221816,Works,Minimal,[A302] GROSVENOR GARDENS (SW1W ) (Westminster),['inner ring'],[A302] Grosvenor Gardens (Southbound) at the junction of [A302] Victoria Street - The right turn from Buckingham Palace Road into Grosvenor Gardens has been closed due to emergency repairs by Cadent Gas.
2025-12-29T22:14:06.538646,TIMS-221820,Planned events,Minimal,"LUDGATE HILL (EC4A ,EC4M ,EC4V ) (City of London)",[],Ludgate Hill (All directions) at the junction of [A201] New Bridge Street - Multiple road closures will be in place to facilitate the build for New Years Celebrations. 
2025-12-29T22:14:06.538646,TIMS-221911,Works,Minimal,SELBORNE ROAD (E17 ) (Waltham Forest),[],Selborne Road (Both directions) at the junction of Vernon Road - Temporary traffic signals in operation to facilitate Thames Water works. 
2025-12-29T22:14:06.538646,TIMS-218924,Works,Minimal,[A206] WOOLWICH CHURCH STREET (SE18 ) (Greenwich),[],[A206] Woolwich Church Street (Both directions) at the junction of [A206] Woolwich Ferry Roundabout - Various restrictions in place to facilitate cycle lane works.
2025-12-29T22:14:06.538646,TIMS-221797,Planned events,Minimal,HORSE GUARDS AVENUE (SW1A ) (Westminster),[],Horse Guards Avenue (Both directions) between [A3211] Victoria Embankment and Whitehall Court - The road will be closed to facilitate the build for New Year's Eve celebrations. 
2025-12-29T22:14:06.538646,TIMS-219993,Works,Minimal,[A200] LOWER ROAD (SE16 ) (Southwark),[],[A200] Lower Road (Both directions) at the junction of Gomm Road - Temporary traffic signals to be implemented to facilitate cable works. 
2025-12-29T22:14:06.538646,TIMS-221720,Works,Minimal,"[A112] PRINCE REGENT LANE (E13 ,E16 ) (Newham)",[],[A112] Prince Regent Lane (Northbound) at the junction of Churchill Road - Road closed northbound due to emergency Thames Water works.
2025-12-29T22:14:06.538646,TIMS-215004,Works,Minimal,"DU CANE ROAD (W12 ,W3 ) (Hammersmith & Fulham)",[],Du Cane Road (Both directions) at the junction of Hilary Road - Two-way temporary traffic signals are in operation for bridge works.
2025-12-29T22:14:06.538646,TIMS-220134,Works,Minimal,"[A206] WOOLWICH CHURCH STREET (SE18 ,SE7 ) (Greenwich)",[],[A206] Woolwich Church Street (Westbound) at the junction of Warspite Road - Lane restriction due to ongoing cycle scheme works.
2025-12-29T22:14:06.538646,TIMS-222027,Works,Minimal,"[B212] STRATHEDEN ROAD (SE3 ) (Greenwich,Lewisham)",[],Thames Water works - [B212] Stratheden Road (Both directions) at the junction of [A2] Shooters Hill Road - The road is closed due to Thames Water works. 
2025-12-29T22:14:06.538646,TIMS-219885,Works,Minimal,"[A1205] BURDETT ROAD (E1 ,E3 ) (Tower Hamlets)",[],[A1205] Burdett Road (Both directions) at the junction of [A11] Mile End Road - Lane restrictions in place to facilitate Thames Water works.
2025-12-29T22:36:24.053941,TIMS-222039,Collisions,Serious,"[A406] ANGEL ROAD (E4 ,N18 ) (Enfield)",['a406'],[A406] Angel Road (Westbound) at the junction of [A1055] Meridian Way - Road closed due to a collision. Argon Road is still closed in both directions between Meridian Way and Cooks Ferry. 
2025-12-29T22:36:24.053941,TIMS-218732,Planned events,Serious,"[A4202] PARK LANE (W1J ,W1K ,W2 ) (Westminster)",['inner ring'],Winter Wonderland - Hyde Park - [A4202] Park Lane (All directions) at the junction of [A4202] Achilles Way - Winter Wonderland event has opened at 10:00
2025-12-29T22:36:24.053941,TIMS-206772,Works,Moderate,"[A12] EASTERN AVENUE EAST (RM2 ,RM3 ) (Havering)",['a12'],"Gallows Corner Flyover Refurbishment - [A12] Eastern Avenue East (All directions) at the junction of [A12] Colchester Road - Various restrictions, to facilitate the refurbishment of Gallows Corner Flyover. Full closure of the Flyover and the roundabout including all approaches in place."
2025-12-29T22:36:24.053941,TIMS-213893,Works,Moderate,"[A23] STREATHAM HILL (SW16 ,SW2 ) (Lambeth)",['a23'],"[A23] Streatham Hill (Both directions) between [A205] Christchurch Road and Leigham Court Road - Various restrictions for TfL works. Lane restrictions, in place over the course of the works. On 15/02/2026, 16/02/2026, 17/05/2026, 18/05/2026 there will be a full overnight closure. "
2025-12-29T22:36:24.053941,TIMS-200007,Works,Moderate,"KING WILLIAM STREET (EC3V,EC4N,EC4R) (City of London)",['bishopsgate cross route'],King William Street (Southbound) at the junction of Lombard Street - Road closed to facilitate urban realm works.
2025-12-29T22:36:24.053941,TIMS-216408,Works,Moderate,[A400] HAMPSTEAD ROAD (NW1 ) (Camden),['inner ring'],[A400] Hampstead Road (Both directions) at the junction of Robert Street - Temporary traffic signals and lane restrictions are in place for HS2 works.
2025-12-29T22:36:24.053941,TIMS-204461,Works,Moderate,"[A3203] LAMBETH BRIDGE (SE1 ,SW1P ) (Lambeth,Westminster)",['southern river route'],[A3203] Lambeth Bridge (Eastbound) between [A3036] A 3036 and [A3212] Millbank - Lane restrictions are in place at either side of the bridge for junction improvement works.
2025-12-29T22:36:24.053941,TIMS-221134,Network delays,Moderate,"[A101] ROTHERHITHE TUNNEL (E1W ,SE16 ) (Southwark,Tower Hamlets)",['southern river route'],"[A101] Rotherhithe Tunnel (Both directions) between [A200] Jamaica Road and [A13] Commercial Road - The Tunnel may be subject to short, intermittent closures"
2025-12-29T22:36:24.053941,TIMS-221661,Works,Moderate,[A308] KINGSTON HILL (KT2 ) (Kingston upon Thames),[],[A308] Kingston Hill (Both directions) at the junction of Park Road - Temporary traffic signals are in use to facilitate works. 
2025-12-29T22:36:24.053941,TIMS-220472,Hazards,Moderate,"[A4200] SOUTHAMPTON ROW (WC1A ,WC1B ,WC1N ,WC1V ) (Camden)",[],[A4200] Southampton Row (Both directions) between [A40] High Holborn and [A40] Vernon Place - The road is closed due to emergency UKPN works. Vernon Place westbound bus lane is also closed. 
2025-12-29T22:36:24.053941,TIMS-221961,Network delays,Minimal,[A2204] FERRY APPROACH (SE18 ) (Greenwich),['a205'],[A2204] Ferry Approach (Both directions) at the junction of [A206] Woolwich Ferry Roundabout - The Woolwich Ferry is operating a one boat service
2025-12-29T22:36:24.053941,TIMS-222012,Works,Minimal,[A212] CATFORD HILL (SE6 ) (Lewisham),['a205'],[A212] Catford Hill (Both directions) at the junction of Beechfield Road - Two way temporary traffic lights in place to facilitate Thames Water works. 
2025-12-29T22:36:24.053941,TIMS-221957,Works,Minimal,[A3] WANDSWORTH HIGH STREET (SW18 ) (Wandsworth),['a205'],[A3] Wandsworth High Street (Both directions) between [A3] West Hill and [A3] East Hill - Road closures in place due to a burst water main. 
2025-12-29T22:36:24.053941,TIMS-222025,Works,Minimal,[A22] GODSTONE ROAD (CR8 ) (Croydon),['a23'],"[A22] Godstone Road (Both directions) at the junction of Station Road - Two-way temporary signals in operation near Kenley station, due to burst water main repairs. "
2025-12-29T22:36:24.053941,TIMS-221773,Works,Minimal,"[A216] MITCHAM LANE (SW16 ) (Lambeth,Wandsworth)",['a23'],[A216] Mitcham Lane (Both directions) at the junction of Fernwood Avenue - Temporary signals in operation to facilitate repairs to a burst water main.
2025-12-29T22:36:24.053941,TIMS-220799,Works,Minimal,"[A217] OLDFIELDS ROAD (SM1 ,SM3 ) (Sutton)",['a24'],"[A217] Oldfields Road (Northbound) at the junction of Stayton Road - Lane restrictions due to a crane operation (22:00 to 05:00, nightly)."
2025-12-29T22:36:24.053941,TIMS-210389,Works,Minimal,"[A40] WESTWAY (W10 ,W12 ) (Hammersmith & Fulham,Kensington & Chelsea)",['a40'],[A40] Westway (Eastbound) at the junction of [A3220] West Cross Route - The exit slip road to the Northern Roundabout is closed to facilitate repair works. 
2025-12-29T22:36:24.053941,TIMS-222023,Works,Minimal,"[A40] WESTERN AVENUE (HA4 ,UB10 ) (Hillingdon)",['a40'],"[A40] Western Avenue (Westbound) at the junction of [A4180] West End Road - Lane one (of three) closure after the onslip from Polish War Memorial, due to urgent water main repairs. "
2025-12-29T22:36:24.053941,TIMS-222024,Works,Minimal,"[A41] HENDON WAY (NW11 ,NW2 ) (Barnet)",['a41'],"[A41] Hendon Way (Northbound) at the junction of Ridge Hill - Lane one (of three) closure opposite the junction of Ridge Hill, due to urgent water leak repairs. "
2025-12-29T22:36:24.053941,TIMS-222029,Works,Minimal,"[A1203] THE HIGHWAY (E1 ,E1W ) (Tower Hamlets)",['city route'],"[A1203] The Highway (Westbound) at the junction of [A1202] Dock Street - Lane closure due to urgent UKPN cable repairs.
"
2025-12-29T22:36:24.053941,TIMS-221963,Works,Minimal,JAIL LANE (TN16 ) (Bromley),[],Jail Lane (Both directions) at the junction of Old Tye Avenue - Road closed to facilitate Thames Water works. 
2025-12-29T22:36:24.053941,TIMS-221831,Works,Minimal,"PECKHAM RYE (SE15 ,SE22 ) (Southwark)",[],Peckham Rye (All directions) at the junction of [A2214] Nunhead Lane - Temporary traffic signals are in place to facilitate ermergency SGN works.
2025-12-29T22:36:24.053941,TIMS-212391,Works,Minimal,[A4020] UXBRIDGE ROAD (W12 ) (Hammersmith & Fulham),[],[A4020] Uxbridge Road (Both directions) at the junction of [A402] Shepherds Bush Green - Restrictions in place in various locations on Uxbridge Road and Shepherds Bush Green due to C34 cycle lane scheme works.
2025-12-29T22:36:24.053941,TIMS-219173,Works,Minimal,[A219] WOOD LANE (W12 ) (Hammersmith & Fulham),[],[A219] Wood Lane (Both directions) at the junction of [A40] Westway - Various carriageway and footway restrictions in place to facilitate Cycle Superhighway works.
2025-12-29T22:36:24.053941,TIMS-213362,Works,Minimal,"[A107] MARE STREET (E8 ,E9 ) (Hackney)",[],"[A107] Mare Street (Both directions) between [A1207] Graham Road and [A107] Amhurst Road - Road is closed to facilitate urban realm works. Additionally, temporary signals are in place at the junction of Graham Road."
2025-12-29T22:36:24.053941,TIMS-216723,Works,Minimal,"TILLING ROAD (NW2 ,NW4 ) (Barnet)",[],Tilling Road (All approaches) at the junction of Claremont Road. - Temporary traffic signals in place to facilitate roadworks. 
2025-12-29T22:36:24.053941,TIMS-217012,Works,Minimal,[A206] WOOLWICH ROAD (SE7 ) (Greenwich),[],[A206] Woolwich Road (Both directions) between Anchor & Hope Lane and John Wilson Street. - Lane restrictions to facilitate the construction of a segregated cycle lane. 
2025-12-29T22:36:24.053941,TIMS-220784,Works,Minimal,"[A1205] BURDETT ROAD (E1 ,E14 ,E3 ) (Tower Hamlets)",[],"[A1205] Burdett Road (Both directions) at the junction of [B140] St Pauls Way - Temporary traffic signals lane restrictions in use to facilitate Thames Water works. In addition, no access to St Paul's Way."
2025-12-29T22:36:24.053941,TIMS-221854,Works,Minimal,"[A20] ELTHAM ROAD (SE12 ,SE3 ) (Greenwich,Lewisham)",['a20'],[A20] Eltham Road (Westbound) at the junction of Cambridge Drive - Lane restrictions to be implemented to facilitate SGN works. 
2025-12-29T22:36:24.053941,TIMS-221978,Works,Minimal,"[A3] BATTERSEA RISE (SW11 ,SW18 ) (Wandsworth)",['a205'],[A3] Battersea Rise (Both directions) at the junction of Bolingbroke Grove - There are 2-way temporary traffic lights at this location for Thames Water works. 
2025-12-29T22:36:24.053941,TIMS-221700,Works,Minimal,[A205] WALDRAM CRESCENT (SE23 ) (Lewisham),['a205'],[A205] Waldram Crescent (Both directions) at the junction of Stanstead Road - Contra-flow in operation to facilitate SGN works.
2025-12-29T22:36:24.053941,TIMS-209852,Works,Minimal,"[A3205] NINE ELMS LANE (SW11 ,SW8 ) (Lambeth,Wandsworth)","['a3', 'inner ring']",[A3205] Nine Elms Lane (Both directions) at the junction of Ponton Road - Lane closures in place to facilitate Urban Realm Works.
2025-12-29T22:36:24.053941,TIMS-220695,Works,Minimal,"[A41] FINCHLEY ROAD (NW3 ,NW6 ,NW8 ) (Camden)",['a41'],[A41] Finchley Road (Southbound) at the junction of [B511] College Crescent - Lanes one and two (of three) closed to facilitate emergency Thames Water works.
2025-12-29T22:36:24.053941,TIMS-221816,Works,Minimal,[A302] GROSVENOR GARDENS (SW1W ) (Westminster),['inner ring'],[A302] Grosvenor Gardens (Southbound) at the junction of [A302] Victoria Street - The right turn from Buckingham Palace Road into Grosvenor Gardens has been closed due to emergency repairs by Cadent Gas.
2025-12-29T22:36:24.053941,TIMS-221820,Planned events,Minimal,"[A301] WATERLOO ROAD (SE1 ) (Lambeth,Southwark)",['southern river route'],[A301] Waterloo Road (Both directions) at the junction of [A23] Westminster Bridge Road - Multiple road closures will be in place to facilitate the build for New Years Celebrations. 
2025-12-29T22:36:24.053941,TIMS-221911,Works,Minimal,SELBORNE ROAD (E17 ) (Waltham Forest),[],Selborne Road (Both directions) at the junction of Vernon Road - Temporary traffic signals in operation to facilitate Thames Water works. 
2025-12-29T22:36:24.053941,TIMS-218924,Works,Minimal,[A206] WOOLWICH CHURCH STREET (SE18 ) (Greenwich),[],[A206] Woolwich Church Street (Both directions) at the junction of [A206] Woolwich Ferry Roundabout - Various restrictions in place to facilitate cycle lane works.
2025-12-29T22:36:24.053941,TIMS-221797,Planned events,Minimal,HORSE GUARDS AVENUE (SW1A ) (Westminster),[],Horse Guards Avenue (Both directions) between [A3211] Victoria Embankment and Whitehall Court - The road will be closed to facilitate the build for New Year's Eve celebrations. 
2025-12-29T22:36:24.053941,TIMS-219993,Works,Minimal,[A200] LOWER ROAD (SE16 ) (Southwark),[],[A200] Lower Road (Both directions) at the junction of Gomm Road - Temporary traffic signals to be implemented to facilitate cable works. 
2025-12-29T22:36:24.053941,TIMS-221720,Works,Minimal,"[A112] PRINCE REGENT LANE (E13 ,E16 ) (Newham)",[],[A112] Prince Regent Lane (Northbound) at the junction of Churchill Road - Road closed northbound due to emergency Thames Water works.
2025-12-29T22:36:24.053941,TIMS-215004,Works,Minimal,"DU CANE ROAD (W12 ,W3 ) (Hammersmith & Fulham)",[],Du Cane Road (Both directions) at the junction of Hilary Road - Two-way temporary traffic signals are in operation for bridge works.
2025-12-29T22:36:24.053941,TIMS-220134,Works,Minimal,"[A206] WOOLWICH CHURCH STREET (SE18 ,SE7 ) (Greenwich)",[],[A206] Woolwich Church Street (Westbound) at the junction of Warspite Road - Lane restriction due to ongoing cycle scheme works.
2025-12-29T22:36:24.053941,TIMS-222027,Works,Minimal,"[B212] STRATHEDEN ROAD (SE3 ) (Greenwich,Lewisham)",[],Thames Water works - [B212] Stratheden Road (Both directions) at the junction of [A2] Shooters Hill Road - The road is closed due to Thames Water works. 
2025-12-29T22:36:24.053941,TIMS-219885,Works,Minimal,"[A1205] BURDETT ROAD (E1 ,E3 ) (Tower Hamlets)",[],[A1205] Burdett Road (Both directions) at the junction of [A11] Mile End Road - Lane restrictions in place to facilitate Thames Water works.
2025-12-29T22:48:31.580530,TIMS-222039,Collisions,Serious,"[A406] ANGEL ROAD (E4 ,N18 ) (Enfield)",['a406'],[A406] Angel Road (Westbound) at the junction of [A1055] Meridian Way - Road closed due to a collision. Argon Road is still closed in both directions between Meridian Way and Cooks Ferry. 
2025-12-29T22:48:31.580530,TIMS-218732,Planned events,Serious,"[A4202] PARK LANE (W1J ,W1K ,W2 ) (Westminster)",['inner ring'],Winter Wonderland - Hyde Park - [A4202] Park Lane (All directions) at the junction of [A4202] Achilles Way - Winter Wonderland event has opened at 10:00
2025-12-29T22:48:31.580530,TIMS-206772,Works,Moderate,"[A12] EASTERN AVENUE EAST (RM2 ,RM3 ) (Havering)",['a12'],"Gallows Corner Flyover Refurbishment - [A12] Eastern Avenue East (All directions) at the junction of [A12] Colchester Road - Various restrictions, to facilitate the refurbishment of Gallows Corner Flyover. Full closure of the Flyover and the roundabout including all approaches in place."
2025-12-29T22:48:31.580530,TIMS-213893,Works,Moderate,"[A23] STREATHAM HILL (SW16 ,SW2 ) (Lambeth)",['a23'],"[A23] Streatham Hill (Both directions) between [A205] Christchurch Road and Leigham Court Road - Various restrictions for TfL works. Lane restrictions, in place over the course of the works. On 15/02/2026, 16/02/2026, 17/05/2026, 18/05/2026 there will be a full overnight closure. "
2025-12-29T22:48:31.580530,TIMS-200007,Works,Moderate,"KING WILLIAM STREET (EC3V,EC4N,EC4R) (City of London)",['bishopsgate cross route'],King William Street (Southbound) at the junction of Lombard Street - Road closed to facilitate urban realm works.
2025-12-29T22:48:31.580530,TIMS-216408,Works,Moderate,[A400] HAMPSTEAD ROAD (NW1 ) (Camden),['inner ring'],[A400] Hampstead Road (Both directions) at the junction of Robert Street - Temporary traffic signals and lane restrictions are in place for HS2 works.
2025-12-29T22:48:31.580530,TIMS-204461,Works,Moderate,"[A3203] LAMBETH BRIDGE (SE1 ,SW1P ) (Lambeth,Westminster)",['southern river route'],[A3203] Lambeth Bridge (Eastbound) between [A3036] A 3036 and [A3212] Millbank - Lane restrictions are in place at either side of the bridge for junction improvement works.
2025-12-29T22:48:31.580530,TIMS-221134,Network delays,Moderate,"[A101] ROTHERHITHE TUNNEL (E1W ,SE16 ) (Southwark,Tower Hamlets)",['southern river route'],"[A101] Rotherhithe Tunnel (Both directions) between [A200] Jamaica Road and [A13] Commercial Road - The Tunnel may be subject to short, intermittent closures"
2025-12-29T22:48:31.580530,TIMS-221661,Works,Moderate,[A308] KINGSTON HILL (KT2 ) (Kingston upon Thames),[],[A308] Kingston Hill (Both directions) at the junction of Park Road - Temporary traffic signals are in use to facilitate works. 
2025-12-29T22:48:31.580530,TIMS-220472,Hazards,Moderate,"[A4200] SOUTHAMPTON ROW (WC1A ,WC1B ,WC1N ,WC1V ) (Camden)",[],[A4200] Southampton Row (Both directions) between [A40] High Holborn and [A40] Vernon Place - The road is closed due to emergency UKPN works. Vernon Place westbound bus lane is also closed. 
2025-12-29T22:48:31.580530,TIMS-221961,Network delays,Minimal,[A2204] FERRY APPROACH (SE18 ) (Greenwich),['a205'],[A2204] Ferry Approach (Both directions) at the junction of [A206] Woolwich Ferry Roundabout - The Woolwich Ferry is operating a one boat service
2025-12-29T22:48:31.580530,TIMS-222012,Works,Minimal,[A212] CATFORD HILL (SE6 ) (Lewisham),['a205'],[A212] Catford Hill (Both directions) at the junction of Beechfield Road - Two way temporary traffic lights in place to facilitate Thames Water works. 
2025-12-29T22:48:31.580530,TIMS-221957,Works,Minimal,[A3] WANDSWORTH HIGH STREET (SW18 ) (Wandsworth),['a205'],[A3] Wandsworth High Street (Both directions) between [A3] West Hill and [A3] East Hill - Road closures in place due to a burst water main. 
2025-12-29T22:48:31.580530,TIMS-222025,Works,Minimal,[A22] GODSTONE ROAD (CR8 ) (Croydon),['a23'],"[A22] Godstone Road (Both directions) at the junction of Station Road - Two-way temporary signals in operation near Kenley station, due to burst water main repairs. "
2025-12-29T22:48:31.580530,TIMS-221773,Works,Minimal,"[A216] MITCHAM LANE (SW16 ) (Lambeth,Wandsworth)",['a23'],[A216] Mitcham Lane (Both directions) at the junction of Fernwood Avenue - Temporary signals in operation to facilitate repairs to a burst water main.
2025-12-29T22:48:31.580530,TIMS-220799,Works,Minimal,"[A217] OLDFIELDS ROAD (SM1 ,SM3 ) (Sutton)",['a24'],"[A217] Oldfields Road (Northbound) at the junction of Stayton Road - Lane restrictions due to a crane operation (22:00 to 05:00, nightly)."
2025-12-29T22:48:31.580530,TIMS-210389,Works,Minimal,"[A40] WESTWAY (W10 ,W12 ) (Hammersmith & Fulham,Kensington & Chelsea)",['a40'],[A40] Westway (Eastbound) at the junction of [A3220] West Cross Route - The exit slip road to the Northern Roundabout is closed to facilitate repair works. 
2025-12-29T22:48:31.580530,TIMS-222023,Works,Minimal,"[A40] WESTERN AVENUE (HA4 ,UB10 ) (Hillingdon)",['a40'],"[A40] Western Avenue (Westbound) at the junction of [A4180] West End Road - Lane one (of three) closure after the onslip from Polish War Memorial, due to urgent water main repairs. "
2025-12-29T22:48:31.580530,TIMS-222024,Works,Minimal,"[A41] HENDON WAY (NW11 ,NW2 ) (Barnet)",['a41'],"[A41] Hendon Way (Northbound) at the junction of Ridge Hill - Lane one (of three) closure opposite the junction of Ridge Hill, due to urgent water leak repairs. "
2025-12-29T22:48:31.580530,TIMS-222029,Works,Minimal,"[A1203] THE HIGHWAY (E1 ,E1W ) (Tower Hamlets)",['city route'],"[A1203] The Highway (Westbound) at the junction of [A1202] Dock Street - Lane closure due to urgent UKPN cable repairs.
"
2025-12-29T22:48:31.580530,TIMS-221963,Works,Minimal,JAIL LANE (TN16 ) (Bromley),[],Jail Lane (Both directions) at the junction of Old Tye Avenue - Road closed to facilitate Thames Water works. 
2025-12-29T22:48:31.580530,TIMS-221831,Works,Minimal,"PECKHAM RYE (SE15 ,SE22 ) (Southwark)",[],Peckham Rye (All directions) at the junction of [A2214] Nunhead Lane - Temporary traffic signals are in place to facilitate ermergency SGN works.
2025-12-29T22:48:31.580530,TIMS-212391,Works,Minimal,[A4020] UXBRIDGE ROAD (W12 ) (Hammersmith & Fulham),[],[A4020] Uxbridge Road (Both directions) at the junction of [A402] Shepherds Bush Green - Restrictions in place in various locations on Uxbridge Road and Shepherds Bush Green due to C34 cycle lane scheme works.
2025-12-29T22:48:31.580530,TIMS-219173,Works,Minimal,[A219] WOOD LANE (W12 ) (Hammersmith & Fulham),[],[A219] Wood Lane (Both directions) at the junction of [A40] Westway - Various carriageway and footway restrictions in place to facilitate Cycle Superhighway works.
2025-12-29T22:48:31.580530,TIMS-213362,Works,Minimal,"[A107] MARE STREET (E8 ,E9 ) (Hackney)",[],"[A107] Mare Street (Both directions) between [A1207] Graham Road and [A107] Amhurst Road - Road is closed to facilitate urban realm works. Additionally, temporary signals are in place at the junction of Graham Road."
2025-12-29T22:48:31.580530,TIMS-216723,Works,Minimal,"TILLING ROAD (NW2 ,NW4 ) (Barnet)",[],Tilling Road (All approaches) at the junction of Claremont Road. - Temporary traffic signals in place to facilitate roadworks. 
2025-12-29T22:48:31.580530,TIMS-217012,Works,Minimal,[A206] WOOLWICH ROAD (SE7 ) (Greenwich),[],[A206] Woolwich Road (Both directions) between Anchor & Hope Lane and John Wilson Street. - Lane restrictions to facilitate the construction of a segregated cycle lane. 
2025-12-29T22:48:31.580530,TIMS-220784,Works,Minimal,"[A1205] BURDETT ROAD (E1 ,E14 ,E3 ) (Tower Hamlets)",[],"[A1205] Burdett Road (Both directions) at the junction of [B140] St Pauls Way - Temporary traffic signals lane restrictions in use to facilitate Thames Water works. In addition, no access to St Paul's Way."
2025-12-29T22:48:31.580530,TIMS-221854,Works,Minimal,"[A20] ELTHAM ROAD (SE12 ,SE3 ) (Greenwich,Lewisham)",['a20'],[A20] Eltham Road (Westbound) at the junction of Cambridge Drive - Lane restrictions to be implemented to facilitate SGN works. 
2025-12-29T22:48:31.580530,TIMS-221978,Works,Minimal,"[A3] BATTERSEA RISE (SW11 ,SW18 ) (Wandsworth)",['a205'],[A3] Battersea Rise (Both directions) at the junction of Bolingbroke Grove - There are 2-way temporary traffic lights at this location for Thames Water works. 
2025-12-29T22:48:31.580530,TIMS-221700,Works,Minimal,[A205] WALDRAM CRESCENT (SE23 ) (Lewisham),['a205'],[A205] Waldram Crescent (Both directions) at the junction of Stanstead Road - Contra-flow in operation to facilitate SGN works.
2025-12-29T22:48:31.580530,TIMS-209852,Works,Minimal,"[A3205] NINE ELMS LANE (SW11 ,SW8 ) (Lambeth,Wandsworth)","['a3', 'inner ring']",[A3205] Nine Elms Lane (Both directions) at the junction of Ponton Road - Lane closures in place to facilitate Urban Realm Works.
2025-12-29T22:48:31.580530,TIMS-220695,Works,Minimal,"[A41] FINCHLEY ROAD (NW3 ,NW6 ,NW8 ) (Camden)",['a41'],[A41] Finchley Road (Southbound) at the junction of [B511] College Crescent - Lanes one and two (of three) closed to facilitate emergency Thames Water works.
2025-12-29T22:48:31.580530,TIMS-221816,Works,Minimal,[A302] GROSVENOR GARDENS (SW1W ) (Westminster),['inner ring'],[A302] Grosvenor Gardens (Southbound) at the junction of [A302] Victoria Street - The right turn from Buckingham Palace Road into Grosvenor Gardens has been closed due to emergency repairs by Cadent Gas.
2025-12-29T22:48:31.580530,TIMS-221820,Planned events,Minimal,"[A301] WATERLOO ROAD (SE1 ) (Lambeth,Southwark)",['southern river route'],[A301] Waterloo Road (Both directions) at the junction of [A23] Westminster Bridge Road - Multiple road closures will be in place to facilitate the build for New Years Celebrations. 
2025-12-29T22:48:31.580530,TIMS-221911,Works,Minimal,SELBORNE ROAD (E17 ) (Waltham Forest),[],Selborne Road (Both directions) at the junction of Vernon Road - Temporary traffic signals in operation to facilitate Thames Water works. 
2025-12-29T22:48:31.580530,TIMS-218924,Works,Minimal,[A206] WOOLWICH CHURCH STREET (SE18 ) (Greenwich),[],[A206] Woolwich Church Street (Both directions) at the junction of [A206] Woolwich Ferry Roundabout - Various restrictions in place to facilitate cycle lane works.
2025-12-29T22:48:31.580530,TIMS-221797,Planned events,Minimal,HORSE GUARDS AVENUE (SW1A ) (Westminster),[],Horse Guards Avenue (Both directions) between [A3211] Victoria Embankment and Whitehall Court - The road will be closed to facilitate the build for New Year's Eve celebrations. 
2025-12-29T22:48:31.580530,TIMS-219993,Works,Minimal,[A200] LOWER ROAD (SE16 ) (Southwark),[],[A200] Lower Road (Both directions) at the junction of Gomm Road - Temporary traffic signals to be implemented to facilitate cable works. 
2025-12-29T22:48:31.580530,TIMS-221720,Works,Minimal,"[A112] PRINCE REGENT LANE (E13 ,E16 ) (Newham)",[],[A112] Prince Regent Lane (Northbound) at the junction of Churchill Road - Road closed northbound due to emergency Thames Water works.
2025-12-29T22:48:31.580530,TIMS-215004,Works,Minimal,"DU CANE ROAD (W12 ,W3 ) (Hammersmith & Fulham)",[],Du Cane Road (Both directions) at the junction of Hilary Road - Two-way temporary traffic signals are in operation for bridge works.
2025-12-29T22:48:31.580530,TIMS-220134,Works,Minimal,"[A206] WOOLWICH CHURCH STREET (SE18 ,SE7 ) (Greenwich)",[],[A206] Woolwich Church Street (Westbound) at the junction of Warspite Road - Lane restriction due to ongoing cycle scheme works.
2025-12-29T22:48:31.580530,TIMS-222027,Works,Minimal,"[B212] STRATHEDEN ROAD (SE3 ) (Greenwich,Lewisham)",[],Thames Water works - [B212] Stratheden Road (Both directions) at the junction of [A2] Shooters Hill Road - The road is closed due to Thames Water works. 
2025-12-29T22:48:31.580530,TIMS-219885,Works,Minimal,"[A1205] BURDETT ROAD (E1 ,E3 ) (Tower Hamlets)",[],[A1205] Burdett Road (Both directions) at the junction of [A11] Mile End Road - Lane restrictions in place to facilitate Thames Water works.
2025-12-29T22:56:03.799079,TIMS-206772,Works,Moderate,"[A12] EASTERN AVENUE EAST (RM2 ,RM3 ) (Havering)",['a12'],"Gallows Corner Flyover Refurbishment - [A12] Eastern Avenue East (All directions) at the junction of [A12] Colchester Road - Various restrictions, to facilitate the refurbishment of Gallows Corner Flyover. Full closure of the Flyover and the roundabout including all approaches in place."
2025-12-29T22:56:03.799079,TIMS-213893,Works,Moderate,"[A23] STREATHAM HILL (SW16 ,SW2 ) (Lambeth)",['a23'],"[A23] Streatham Hill (Both directions) between [A205] Christchurch Road and Leigham Court Road - Various restrictions for TfL works. Lane restrictions, in place over the course of the works. On 15/02/2026, 16/02/2026, 17/05/2026, 18/05/2026 there will be a full overnight closure. "
2025-12-29T22:56:03.799079,TIMS-200007,Works,Moderate,"KING WILLIAM STREET (EC3V,EC4N,EC4R) (City of London)",['bishopsgate cross route'],King William Street (Southbound) at the junction of Lombard Street - Road closed to facilitate urban realm works.
2025-12-29T22:56:03.799079,TIMS-216408,Works,Moderate,[A400] HAMPSTEAD ROAD (NW1 ) (Camden),['inner ring'],[A400] Hampstead Road (Both directions) at the junction of Robert Street - Temporary traffic signals and lane restrictions are in place for HS2 works.
2025-12-29T22:56:03.799079,TIMS-204461,Works,Moderate,"[A3203] LAMBETH BRIDGE (SE1 ,SW1P ) (Lambeth,Westminster)",['southern river route'],[A3203] Lambeth Bridge (Eastbound) between [A3036] A 3036 and [A3212] Millbank - Lane restrictions are in place at either side of the bridge for junction improvement works.
2025-12-29T22:56:03.799079,TIMS-221134,Network delays,Moderate,"[A101] ROTHERHITHE TUNNEL (E1W ,SE16 ) (Southwark,Tower Hamlets)",['southern river route'],"[A101] Rotherhithe Tunnel (Both directions) between [A200] Jamaica Road and [A13] Commercial Road - The Tunnel may be subject to short, intermittent closures"
2025-12-29T22:56:03.799079,TIMS-221661,Works,Moderate,[A308] KINGSTON HILL (KT2 ) (Kingston upon Thames),[],[A308] Kingston Hill (Both directions) at the junction of Park Road - Temporary traffic signals are in use to facilitate works. 
2025-12-29T22:56:03.799079,TIMS-220472,Hazards,Moderate,"[A4200] SOUTHAMPTON ROW (WC1A ,WC1B ,WC1N ,WC1V ) (Camden)",[],[A4200] Southampton Row (Both directions) between [A40] High Holborn and [A40] Vernon Place - The road is closed due to emergency UKPN works. Vernon Place westbound bus lane is also closed. 
2025-12-29T22:56:03.799079,TIMS-222012,Works,Minimal,[A212] CATFORD HILL (SE6 ) (Lewisham),['a205'],[A212] Catford Hill (Both directions) at the junction of Beechfield Road - Two way temporary traffic lights in place to facilitate Thames Water works. 
2025-12-29T22:56:03.799079,TIMS-221961,Network delays,Minimal,[A2204] FERRY APPROACH (SE18 ) (Greenwich),['a205'],[A2204] Ferry Approach (Both directions) at the junction of [A206] Woolwich Ferry Roundabout - The Woolwich Ferry is operating a one boat service
2025-12-29T22:56:03.799079,TIMS-221957,Works,Minimal,[A3] WANDSWORTH HIGH STREET (SW18 ) (Wandsworth),['a205'],[A3] Wandsworth High Street (Both directions) between [A3] West Hill and [A3] East Hill - Road closures in place due to a burst water main. 
2025-12-29T22:56:03.799079,TIMS-222025,Works,Minimal,[A22] GODSTONE ROAD (CR8 ) (Croydon),['a23'],"[A22] Godstone Road (Both directions) at the junction of Station Road - Two-way temporary signals in operation near Kenley station, due to burst water main repairs. "
2025-12-29T22:56:03.799079,TIMS-221773,Works,Minimal,"[A216] MITCHAM LANE (SW16 ) (Lambeth,Wandsworth)",['a23'],[A216] Mitcham Lane (Both directions) at the junction of Fernwood Avenue - Temporary signals in operation to facilitate repairs to a burst water main.
2025-12-29T22:56:03.799079,TIMS-220799,Works,Minimal,"[A217] OLDFIELDS ROAD (SM1 ,SM3 ) (Sutton)",['a24'],"[A217] Oldfields Road (Northbound) at the junction of Stayton Road - Lane restrictions due to a crane operation (22:00 to 05:00, nightly)."
2025-12-29T22:56:03.799079,TIMS-222023,Works,Minimal,"[A40] WESTERN AVENUE (HA4 ,UB10 ) (Hillingdon)",['a40'],"[A40] Western Avenue (Westbound) at the junction of [A4180] West End Road - Lane one (of three) closure after the onslip from Polish War Memorial, due to urgent water main repairs. "
2025-12-29T22:56:03.799079,TIMS-210389,Works,Minimal,"[A40] WESTWAY (W10 ,W12 ) (Hammersmith & Fulham,Kensington & Chelsea)",['a40'],[A40] Westway (Eastbound) at the junction of [A3220] West Cross Route - The exit slip road to the Northern Roundabout is closed to facilitate repair works. 
2025-12-29T22:56:03.799079,TIMS-222029,Works,Minimal,"[A1203] THE HIGHWAY (E1 ,E1W ) (Tower Hamlets)",['city route'],"[A1203] The Highway (Westbound) at the junction of [A1202] Dock Street - Lane closure due to urgent UKPN cable repairs.
"
2025-12-29T22:56:03.799079,TIMS-213362,Works,Minimal,"[A107] MARE STREET (E8 ,E9 ) (Hackney)",[],"[A107] Mare Street (Both directions) between [A1207] Graham Road and [A107] Amhurst Road - Road is closed to facilitate urban realm works. Additionally, temporary signals are in place at the junction of Graham Road."
2025-12-29T22:56:03.799079,TIMS-221831,Works,Minimal,"PECKHAM RYE (SE15 ,SE22 ) (Southwark)",[],Peckham Rye (All directions) at the junction of [A2214] Nunhead Lane - Temporary traffic signals are in place to facilitate ermergency SGN works.
2025-12-29T22:56:03.799079,TIMS-219173,Works,Minimal,[A219] WOOD LANE (W12 ) (Hammersmith & Fulham),[],[A219] Wood Lane (Both directions) at the junction of [A40] Westway - Various carriageway and footway restrictions in place to facilitate Cycle Superhighway works.
2025-12-29T22:56:03.799079,TIMS-220784,Works,Minimal,"[A1205] BURDETT ROAD (E1 ,E14 ,E3 ) (Tower Hamlets)",[],"[A1205] Burdett Road (Both directions) at the junction of [B140] St Pauls Way - Temporary traffic signals lane restrictions in use to facilitate Thames Water works. In addition, no access to St Paul's Way."
2025-12-29T22:56:03.799079,TIMS-217012,Works,Minimal,[A206] WOOLWICH ROAD (SE7 ) (Greenwich),[],[A206] Woolwich Road (Both directions) between Anchor & Hope Lane and John Wilson Street. - Lane restrictions to facilitate the construction of a segregated cycle lane. 
2025-12-29T22:56:03.799079,TIMS-216723,Works,Minimal,"TILLING ROAD (NW2 ,NW4 ) (Barnet)",[],Tilling Road (All approaches) at the junction of Claremont Road. - Temporary traffic signals in place to facilitate roadworks. 
2025-12-29T22:56:03.799079,TIMS-212391,Works,Minimal,[A4020] UXBRIDGE ROAD (W12 ) (Hammersmith & Fulham),[],[A4020] Uxbridge Road (Both directions) at the junction of [A402] Shepherds Bush Green - Restrictions in place in various locations on Uxbridge Road and Shepherds Bush Green due to C34 cycle lane scheme works.
2025-12-29T22:56:03.799079,TIMS-221963,Works,Minimal,JAIL LANE (TN16 ) (Bromley),[],Jail Lane (Both directions) at the junction of Old Tye Avenue - Road closed to facilitate Thames Water works. 
2025-12-29T22:56:03.799079,TIMS-221854,Works,Minimal,"[A20] ELTHAM ROAD (SE12 ,SE3 ) (Greenwich,Lewisham)",['a20'],[A20] Eltham Road (Westbound) at the junction of Cambridge Drive - Lane restrictions to be implemented to facilitate SGN works. 
2025-12-29T22:56:03.799079,TIMS-221700,Works,Minimal,[A205] WALDRAM CRESCENT (SE23 ) (Lewisham),['a205'],[A205] Waldram Crescent (Both directions) at the junction of Stanstead Road - Contra-flow in operation to facilitate SGN works.
2025-12-29T22:56:03.799079,TIMS-221978,Works,Minimal,"[A3] BATTERSEA RISE (SW11 ,SW18 ) (Wandsworth)",['a205'],[A3] Battersea Rise (Both directions) at the junction of Bolingbroke Grove - There are 2-way temporary traffic lights at this location for Thames Water works. 
2025-12-29T22:56:03.799079,TIMS-209852,Works,Minimal,"[A3205] NINE ELMS LANE (SW11 ,SW8 ) (Lambeth,Wandsworth)","['a3', 'inner ring']",[A3205] Nine Elms Lane (Both directions) at the junction of Ponton Road - Lane closures in place to facilitate Urban Realm Works.
2025-12-29T22:56:03.799079,TIMS-220695,Works,Minimal,"[A41] FINCHLEY ROAD (NW3 ,NW6 ,NW8 ) (Camden)",['a41'],[A41] Finchley Road (Southbound) at the junction of [B511] College Crescent - Lanes one and two (of three) closed to facilitate emergency Thames Water works.
2025-12-29T22:56:03.799079,TIMS-221816,Works,Minimal,[A302] GROSVENOR GARDENS (SW1W ) (Westminster),['inner ring'],[A302] Grosvenor Gardens (Southbound) at the junction of [A302] Victoria Street - The right turn from Buckingham Palace Road into Grosvenor Gardens has been closed due to emergency repairs by Cadent Gas.
2025-12-29T22:56:03.799079,TIMS-221820,Planned events,Minimal,"[A301] WATERLOO ROAD (SE1 ) (Lambeth,Southwark)",['southern river route'],[A301] Waterloo Road (Both directions) at the junction of [A23] Westminster Bridge Road - Multiple road closures will be in place to facilitate the build for New Years Celebrations. 
2025-12-29T22:56:03.799079,TIMS-222027,Works,Minimal,"[B212] STRATHEDEN ROAD (SE3 ) (Greenwich,Lewisham)",[],Thames Water works - [B212] Stratheden Road (Both directions) at the junction of [A2] Shooters Hill Road - The road is closed due to Thames Water works. 
2025-12-29T22:56:03.799079,TIMS-219885,Works,Minimal,"[A1205] BURDETT ROAD (E1 ,E3 ) (Tower Hamlets)",[],[A1205] Burdett Road (Both directions) at the junction of [A11] Mile End Road - Lane restrictions in place to facilitate Thames Water works.
2025-12-29T22:56:03.799079,TIMS-221797,Planned events,Minimal,HORSE GUARDS AVENUE (SW1A ) (Westminster),[],Horse Guards Avenue (Both directions) between [A3211] Victoria Embankment and Whitehall Court - The road will be closed to facilitate the build for New Year's Eve celebrations. 
2025-12-29T22:56:03.799079,TIMS-215004,Works,Minimal,"DU CANE ROAD (W12 ,W3 ) (Hammersmith & Fulham)",[],Du Cane Road (Both directions) at the junction of Hilary Road - Two-way temporary traffic signals are in operation for bridge works.
2025-12-29T22:56:03.799079,TIMS-221720,Works,Minimal,"[A112] PRINCE REGENT LANE (E13 ,E16 ) (Newham)",[],[A112] Prince Regent Lane (Northbound) at the junction of Churchill Road - Road closed northbound due to emergency Thames Water works.
2025-12-29T22:56:03.799079,TIMS-218924,Works,Minimal,[A206] WOOLWICH CHURCH STREET (SE18 ) (Greenwich),[],[A206] Woolwich Church Street (Both directions) at the junction of [A206] Woolwich Ferry Roundabout - Various restrictions in place to facilitate cycle lane works.
2025-12-29T22:56:03.799079,TIMS-220134,Works,Minimal,"[A206] WOOLWICH CHURCH STREET (SE18 ,SE7 ) (Greenwich)",[],[A206] Woolwich Church Street (Westbound) at the junction of Warspite Road - Lane restriction due to ongoing cycle scheme works.
2025-12-29T22:56:03.799079,TIMS-219993,Works,Minimal,[A200] LOWER ROAD (SE16 ) (Southwark),[],[A200] Lower Road (Both directions) at the junction of Gomm Road - Temporary traffic signals to be implemented to facilitate cable works. 
2025-12-29T22:56:03.799079,TIMS-221911,Works,Minimal,SELBORNE ROAD (E17 ) (Waltham Forest),[],Selborne Road (Both directions) at the junction of Vernon Road - Temporary traffic signals in operation to facilitate Thames Water works. 
2025-12-29T22:56:03.799079,TIMS-222043,Emergency service incidents,Minimal,BASTABLE AVENUE (IG11 ) (Barking & Dagenham),[],"Bastable Avenue (Both directions) at the junction of Curzon Crescent - Road is closed due to a Police investigation.
"
2025-12-29T23:15:25.912396,TIMS-206772,Works,Moderate,"[A12] EASTERN AVENUE EAST (RM2 ,RM3 ) (Havering)",['a12'],"Gallows Corner Flyover Refurbishment - [A12] Eastern Avenue East (All directions) at the junction of [A12] Colchester Road - Various restrictions, to facilitate the refurbishment of Gallows Corner Flyover. Full closure of the Flyover and the roundabout including all approaches in place."
2025-12-29T23:15:25.912396,TIMS-213893,Works,Moderate,"[A23] STREATHAM HILL (SW16 ,SW2 ) (Lambeth)",['a23'],"[A23] Streatham Hill (Both directions) between [A205] Christchurch Road and Leigham Court Road - Various restrictions for TfL works. Lane restrictions, in place over the course of the works. On 15/02/2026, 16/02/2026, 17/05/2026, 18/05/2026 there will be a full overnight closure. "
2025-12-29T23:15:25.912396,TIMS-200007,Works,Moderate,"KING WILLIAM STREET (EC3V,EC4N,EC4R) (City of London)",['bishopsgate cross route'],King William Street (Southbound) at the junction of Lombard Street - Road closed to facilitate urban realm works.
2025-12-29T23:15:25.912396,TIMS-216408,Works,Moderate,[A400] HAMPSTEAD ROAD (NW1 ) (Camden),['inner ring'],[A400] Hampstead Road (Both directions) at the junction of Robert Street - Temporary traffic signals and lane restrictions are in place for HS2 works.
2025-12-29T23:15:25.912396,TIMS-204461,Works,Moderate,"[A3203] LAMBETH BRIDGE (SE1 ,SW1P ) (Lambeth,Westminster)",['southern river route'],[A3203] Lambeth Bridge (Eastbound) between [A3036] A 3036 and [A3212] Millbank - Lane restrictions are in place at either side of the bridge for junction improvement works.
2025-12-29T23:15:25.912396,TIMS-221134,Network delays,Moderate,"[A101] ROTHERHITHE TUNNEL (E1W ,SE16 ) (Southwark,Tower Hamlets)",['southern river route'],"[A101] Rotherhithe Tunnel (Both directions) between [A200] Jamaica Road and [A13] Commercial Road - The Tunnel may be subject to short, intermittent closures"
2025-12-29T23:15:25.912396,TIMS-221661,Works,Moderate,[A308] KINGSTON HILL (KT2 ) (Kingston upon Thames),[],[A308] Kingston Hill (Both directions) at the junction of Park Road - Temporary traffic signals are in use to facilitate works. 
2025-12-29T23:15:25.912396,TIMS-220472,Hazards,Moderate,"[A4200] SOUTHAMPTON ROW (WC1A ,WC1B ,WC1N ,WC1V ) (Camden)",[],[A4200] Southampton Row (Both directions) between [A40] High Holborn and [A40] Vernon Place - The road is closed due to emergency UKPN works. Vernon Place westbound bus lane is also closed. 
2025-12-29T23:15:25.912396,TIMS-222012,Works,Minimal,[A212] CATFORD HILL (SE6 ) (Lewisham),['a205'],[A212] Catford Hill (Both directions) at the junction of Beechfield Road - Two way temporary traffic lights in place to facilitate Thames Water works. 
2025-12-29T23:15:25.912396,TIMS-221961,Network delays,Minimal,[A2204] FERRY APPROACH (SE18 ) (Greenwich),['a205'],[A2204] Ferry Approach (Both directions) at the junction of [A206] Woolwich Ferry Roundabout - The Woolwich Ferry is operating a one boat service
2025-12-29T23:15:25.912396,TIMS-221957,Works,Minimal,[A3] WANDSWORTH HIGH STREET (SW18 ) (Wandsworth),['a205'],[A3] Wandsworth High Street (Both directions) between [A3] West Hill and [A3] East Hill - Road closures in place due to a burst water main. 
2025-12-29T23:15:25.912396,TIMS-222025,Works,Minimal,[A22] GODSTONE ROAD (CR8 ) (Croydon),['a23'],"[A22] Godstone Road (Both directions) at the junction of Station Road - Two-way temporary signals in operation near Kenley station, due to burst water main repairs. "
2025-12-29T23:15:25.912396,TIMS-221773,Works,Minimal,"[A216] MITCHAM LANE (SW16 ) (Lambeth,Wandsworth)",['a23'],[A216] Mitcham Lane (Both directions) at the junction of Fernwood Avenue - Temporary signals in operation to facilitate repairs to a burst water main.
2025-12-29T23:15:25.912396,TIMS-220799,Works,Minimal,"[A217] OLDFIELDS ROAD (SM1 ,SM3 ) (Sutton)",['a24'],"[A217] Oldfields Road (Northbound) at the junction of Stayton Road - Lane restrictions due to a crane operation (22:00 to 05:00, nightly)."
2025-12-29T23:15:25.912396,TIMS-222023,Works,Minimal,"[A40] WESTERN AVENUE (HA4 ,UB10 ) (Hillingdon)",['a40'],"[A40] Western Avenue (Westbound) at the junction of [A4180] West End Road - Lane one (of three) closure after the onslip from Polish War Memorial, due to urgent water main repairs. "
2025-12-29T23:15:25.912396,TIMS-210389,Works,Minimal,"[A40] WESTWAY (W10 ,W12 ) (Hammersmith & Fulham,Kensington & Chelsea)",['a40'],[A40] Westway (Eastbound) at the junction of [A3220] West Cross Route - The exit slip road to the Northern Roundabout is closed to facilitate repair works. 
2025-12-29T23:15:25.912396,TIMS-222029,Works,Minimal,"[A1203] THE HIGHWAY (E1 ,E1W ) (Tower Hamlets)",['city route'],"[A1203] The Highway (Westbound) at the junction of [A1202] Dock Street - Lane closure due to urgent UKPN cable repairs.
"
2025-12-29T23:15:25.912396,TIMS-213362,Works,Minimal,"[A107] MARE STREET (E8 ,E9 ) (Hackney)",[],"[A107] Mare Street (Both directions) between [A1207] Graham Road and [A107] Amhurst Road - Road is closed to facilitate urban realm works. Additionally, temporary signals are in place at the junction of Graham Road."
2025-12-29T23:15:25.912396,TIMS-221831,Works,Minimal,"PECKHAM RYE (SE15 ,SE22 ) (Southwark)",[],Peckham Rye (All directions) at the junction of [A2214] Nunhead Lane - Temporary traffic signals are in place to facilitate ermergency SGN works.
2025-12-29T23:15:25.912396,TIMS-219173,Works,Minimal,[A219] WOOD LANE (W12 ) (Hammersmith & Fulham),[],[A219] Wood Lane (Both directions) at the junction of [A40] Westway - Various carriageway and footway restrictions in place to facilitate Cycle Superhighway works.
2025-12-29T23:15:25.912396,TIMS-220784,Works,Minimal,"[A1205] BURDETT ROAD (E1 ,E14 ,E3 ) (Tower Hamlets)",[],"[A1205] Burdett Road (Both directions) at the junction of [B140] St Pauls Way - Temporary traffic signals lane restrictions in use to facilitate Thames Water works. In addition, no access to St Paul's Way."
2025-12-29T23:15:25.912396,TIMS-217012,Works,Minimal,[A206] WOOLWICH ROAD (SE7 ) (Greenwich),[],[A206] Woolwich Road (Both directions) between Anchor & Hope Lane and John Wilson Street. - Lane restrictions to facilitate the construction of a segregated cycle lane. 
2025-12-29T23:15:25.912396,TIMS-216723,Works,Minimal,"TILLING ROAD (NW2 ,NW4 ) (Barnet)",[],Tilling Road (All approaches) at the junction of Claremont Road. - Temporary traffic signals in place to facilitate roadworks. 
2025-12-29T23:15:25.912396,TIMS-212391,Works,Minimal,[A4020] UXBRIDGE ROAD (W12 ) (Hammersmith & Fulham),[],[A4020] Uxbridge Road (Both directions) at the junction of [A402] Shepherds Bush Green - Restrictions in place in various locations on Uxbridge Road and Shepherds Bush Green due to C34 cycle lane scheme works.
2025-12-29T23:15:25.912396,TIMS-221963,Works,Minimal,JAIL LANE (TN16 ) (Bromley),[],Jail Lane (Both directions) at the junction of Old Tye Avenue - Road closed to facilitate Thames Water works. 
2025-12-29T23:15:25.912396,TIMS-221854,Works,Minimal,"[A20] ELTHAM ROAD (SE12 ,SE3 ) (Greenwich,Lewisham)",['a20'],[A20] Eltham Road (Westbound) at the junction of Cambridge Drive - Lane restrictions to be implemented to facilitate SGN works. 
2025-12-29T23:15:25.912396,TIMS-221700,Works,Minimal,[A205] WALDRAM CRESCENT (SE23 ) (Lewisham),['a205'],[A205] Waldram Crescent (Both directions) at the junction of Stanstead Road - Contra-flow in operation to facilitate SGN works.
2025-12-29T23:15:25.912396,TIMS-221978,Works,Minimal,"[A3] BATTERSEA RISE (SW11 ,SW18 ) (Wandsworth)",['a205'],[A3] Battersea Rise (Both directions) at the junction of Bolingbroke Grove - There are 2-way temporary traffic lights at this location for Thames Water works. 
2025-12-29T23:15:25.912396,TIMS-209852,Works,Minimal,"[A3205] NINE ELMS LANE (SW11 ,SW8 ) (Lambeth,Wandsworth)","['a3', 'inner ring']",[A3205] Nine Elms Lane (Both directions) at the junction of Ponton Road - Lane closures in place to facilitate Urban Realm Works.
2025-12-29T23:15:25.912396,TIMS-220695,Works,Minimal,"[A41] FINCHLEY ROAD (NW3 ,NW6 ,NW8 ) (Camden)",['a41'],[A41] Finchley Road (Southbound) at the junction of [B511] College Crescent - Lanes one and two (of three) closed to facilitate emergency Thames Water works.
2025-12-29T23:15:25.912396,TIMS-221820,Planned events,Minimal,"[A201] BLACKFRIARS ROAD (SE1 ) (City of London,Southwark)","['farringdon cross route', 'southern river route']",[A201] Blackfriars Road (Both directions) between [B300] The Cut and Webber Street - Multiple road closures will be in place to facilitate the build for New Years Celebrations. 
2025-12-29T23:15:25.912396,TIMS-221816,Works,Minimal,[A302] GROSVENOR GARDENS (SW1W ) (Westminster),['inner ring'],[A302] Grosvenor Gardens (Southbound) at the junction of [A302] Victoria Street - The right turn from Buckingham Palace Road into Grosvenor Gardens has been closed due to emergency repairs by Cadent Gas.
2025-12-29T23:15:25.912396,TIMS-222027,Works,Minimal,"[B212] STRATHEDEN ROAD (SE3 ) (Greenwich,Lewisham)",[],Thames Water works - [B212] Stratheden Road (Both directions) at the junction of [A2] Shooters Hill Road - The road is closed due to Thames Water works. 
2025-12-29T23:15:25.912396,TIMS-219885,Works,Minimal,"[A1205] BURDETT ROAD (E1 ,E3 ) (Tower Hamlets)",[],[A1205] Burdett Road (Both directions) at the junction of [A11] Mile End Road - Lane restrictions in place to facilitate Thames Water works.
2025-12-29T23:15:25.912396,TIMS-221797,Planned events,Minimal,HORSE GUARDS AVENUE (SW1A ) (Westminster),[],Horse Guards Avenue (Both directions) between [A3211] Victoria Embankment and Whitehall Court - The road will be closed to facilitate the build for New Year's Eve celebrations. 
2025-12-29T23:15:25.912396,TIMS-215004,Works,Minimal,"DU CANE ROAD (W12 ,W3 ) (Hammersmith & Fulham)",[],Du Cane Road (Both directions) at the junction of Hilary Road - Two-way temporary traffic signals are in operation for bridge works.
2025-12-29T23:15:25.912396,TIMS-221720,Works,Minimal,"[A112] PRINCE REGENT LANE (E13 ,E16 ) (Newham)",[],[A112] Prince Regent Lane (Northbound) at the junction of Churchill Road - Road closed northbound due to emergency Thames Water works.
2025-12-29T23:15:25.912396,TIMS-218924,Works,Minimal,[A206] WOOLWICH CHURCH STREET (SE18 ) (Greenwich),[],[A206] Woolwich Church Street (Both directions) at the junction of [A206] Woolwich Ferry Roundabout - Various restrictions in place to facilitate cycle lane works.
2025-12-29T23:15:25.912396,TIMS-220134,Works,Minimal,"[A206] WOOLWICH CHURCH STREET (SE18 ,SE7 ) (Greenwich)",[],[A206] Woolwich Church Street (Westbound) at the junction of Warspite Road - Lane restriction due to ongoing cycle scheme works.
2025-12-29T23:15:25.912396,TIMS-219993,Works,Minimal,[A200] LOWER ROAD (SE16 ) (Southwark),[],[A200] Lower Road (Both directions) at the junction of Gomm Road - Temporary traffic signals to be implemented to facilitate cable works. 
2025-12-29T23:15:25.912396,TIMS-221911,Works,Minimal,SELBORNE ROAD (E17 ) (Waltham Forest),[],Selborne Road (Both directions) at the junction of Vernon Road - Temporary traffic signals in operation to facilitate Thames Water works. 
2025-12-29T23:15:25.912396,TIMS-222043,Emergency service incidents,Minimal,BASTABLE AVENUE (IG11 ) (Barking & Dagenham),[],"Bastable Avenue (Both directions) at the junction of Curzon Crescent - Road is closed due to a Police investigation.
"
2025-12-29T23:32:43.402774,TIMS-206772,Works,Moderate,"[A12] EASTERN AVENUE EAST (RM2 ,RM3 ) (Havering)",['a12'],"Gallows Corner Flyover Refurbishment - [A12] Eastern Avenue East (All directions) at the junction of [A12] Colchester Road - Various restrictions, to facilitate the refurbishment of Gallows Corner Flyover. Full closure of the Flyover and the roundabout including all approaches in place."
2025-12-29T23:32:43.402774,TIMS-213893,Works,Moderate,"[A23] STREATHAM HILL (SW16 ,SW2 ) (Lambeth)",['a23'],"[A23] Streatham Hill (Both directions) between [A205] Christchurch Road and Leigham Court Road - Various restrictions for TfL works. Lane restrictions, in place over the course of the works. On 15/02/2026, 16/02/2026, 17/05/2026, 18/05/2026 there will be a full overnight closure. "
2025-12-29T23:32:43.402774,TIMS-200007,Works,Moderate,"KING WILLIAM STREET (EC3V,EC4N,EC4R) (City of London)",['bishopsgate cross route'],King William Street (Southbound) at the junction of Lombard Street - Road closed to facilitate urban realm works.
2025-12-29T23:32:43.402774,TIMS-216408,Works,Moderate,[A400] HAMPSTEAD ROAD (NW1 ) (Camden),['inner ring'],[A400] Hampstead Road (Both directions) at the junction of Robert Street - Temporary traffic signals and lane restrictions are in place for HS2 works.
2025-12-29T23:32:43.402774,TIMS-204461,Works,Moderate,"[A3203] LAMBETH BRIDGE (SE1 ,SW1P ) (Lambeth,Westminster)",['southern river route'],[A3203] Lambeth Bridge (Eastbound) between [A3036] A 3036 and [A3212] Millbank - Lane restrictions are in place at either side of the bridge for junction improvement works.
2025-12-29T23:32:43.402774,TIMS-221134,Network delays,Moderate,"[A101] ROTHERHITHE TUNNEL (E1W ,SE16 ) (Southwark,Tower Hamlets)",['southern river route'],"[A101] Rotherhithe Tunnel (Both directions) between [A200] Jamaica Road and [A13] Commercial Road - The Tunnel may be subject to short, intermittent closures"
2025-12-29T23:32:43.402774,TIMS-221661,Works,Moderate,[A308] KINGSTON HILL (KT2 ) (Kingston upon Thames),[],[A308] Kingston Hill (Both directions) at the junction of Park Road - Temporary traffic signals are in use to facilitate works. 
2025-12-29T23:32:43.402774,TIMS-220472,Hazards,Moderate,"[A4200] SOUTHAMPTON ROW (WC1A ,WC1B ,WC1N ,WC1V ) (Camden)",[],[A4200] Southampton Row (Both directions) between [A40] High Holborn and [A40] Vernon Place - The road is closed due to emergency UKPN works. Vernon Place westbound bus lane is also closed. 
2025-12-29T23:32:43.402774,TIMS-222012,Works,Minimal,[A212] CATFORD HILL (SE6 ) (Lewisham),['a205'],[A212] Catford Hill (Both directions) at the junction of Beechfield Road - Two way temporary traffic lights in place to facilitate Thames Water works. 
2025-12-29T23:32:43.402774,TIMS-221961,Network delays,Minimal,[A2204] FERRY APPROACH (SE18 ) (Greenwich),['a205'],[A2204] Ferry Approach (Both directions) at the junction of [A206] Woolwich Ferry Roundabout - The Woolwich Ferry is operating a one boat service
2025-12-29T23:32:43.402774,TIMS-221957,Works,Minimal,[A3] WANDSWORTH HIGH STREET (SW18 ) (Wandsworth),['a205'],[A3] Wandsworth High Street (Both directions) between [A3] West Hill and [A3] East Hill - Road closures in place due to a burst water main. 
2025-12-29T23:32:43.402774,TIMS-222025,Works,Minimal,[A22] GODSTONE ROAD (CR8 ) (Croydon),['a23'],"[A22] Godstone Road (Both directions) at the junction of Station Road - Two-way temporary signals in operation near Kenley station, due to burst water main repairs. "
2025-12-29T23:32:43.402774,TIMS-221773,Works,Minimal,"[A216] MITCHAM LANE (SW16 ) (Lambeth,Wandsworth)",['a23'],[A216] Mitcham Lane (Both directions) at the junction of Fernwood Avenue - Temporary signals in operation to facilitate repairs to a burst water main.
2025-12-29T23:32:43.402774,TIMS-220799,Works,Minimal,"[A217] OLDFIELDS ROAD (SM1 ,SM3 ) (Sutton)",['a24'],"[A217] Oldfields Road (Northbound) at the junction of Stayton Road - Lane restrictions due to a crane operation (22:00 to 05:00, nightly)."
2025-12-29T23:32:43.402774,TIMS-222023,Works,Minimal,"[A40] WESTERN AVENUE (HA4 ,UB10 ) (Hillingdon)",['a40'],"[A40] Western Avenue (Westbound) at the junction of [A4180] West End Road - Lane one (of three) closure after the onslip from Polish War Memorial, due to urgent water main repairs. "
2025-12-29T23:32:43.402774,TIMS-210389,Works,Minimal,"[A40] WESTWAY (W10 ,W12 ) (Hammersmith & Fulham,Kensington & Chelsea)",['a40'],[A40] Westway (Eastbound) at the junction of [A3220] West Cross Route - The exit slip road to the Northern Roundabout is closed to facilitate repair works. 
2025-12-29T23:32:43.402774,TIMS-222029,Works,Minimal,"[A1203] THE HIGHWAY (E1 ,E1W ) (Tower Hamlets)",['city route'],"[A1203] The Highway (Westbound) at the junction of [A1202] Dock Street - Lane closure due to urgent UKPN cable repairs.
"
2025-12-29T23:32:43.402774,TIMS-219173,Works,Minimal,[A219] WOOD LANE (W12 ) (Hammersmith & Fulham),[],[A219] Wood Lane (Both directions) at the junction of [A40] Westway - Various carriageway and footway restrictions in place to facilitate Cycle Superhighway works.
2025-12-29T23:32:43.402774,TIMS-213362,Works,Minimal,"[A107] MARE STREET (E8 ,E9 ) (Hackney)",[],"[A107] Mare Street (Both directions) between [A1207] Graham Road and [A107] Amhurst Road - Road is closed to facilitate urban realm works. Additionally, temporary signals are in place at the junction of Graham Road."
2025-12-29T23:32:43.402774,TIMS-212391,Works,Minimal,[A4020] UXBRIDGE ROAD (W12 ) (Hammersmith & Fulham),[],[A4020] Uxbridge Road (Both directions) at the junction of [A402] Shepherds Bush Green - Restrictions in place in various locations on Uxbridge Road and Shepherds Bush Green due to C34 cycle lane scheme works.
2025-12-29T23:32:43.402774,TIMS-221963,Works,Minimal,JAIL LANE (TN16 ) (Bromley),[],Jail Lane (Both directions) at the junction of Old Tye Avenue - Road closed to facilitate Thames Water works. 
2025-12-29T23:32:43.402774,TIMS-221831,Works,Minimal,"PECKHAM RYE (SE15 ,SE22 ) (Southwark)",[],Peckham Rye (All directions) at the junction of [A2214] Nunhead Lane - Temporary traffic signals are in place to facilitate ermergency SGN works.
2025-12-29T23:32:43.402774,TIMS-216723,Works,Minimal,"TILLING ROAD (NW2 ,NW4 ) (Barnet)",[],Tilling Road (All approaches) at the junction of Claremont Road. - Temporary traffic signals in place to facilitate roadworks. 
2025-12-29T23:32:43.402774,TIMS-220784,Works,Minimal,"[A1205] BURDETT ROAD (E1 ,E14 ,E3 ) (Tower Hamlets)",[],"[A1205] Burdett Road (Both directions) at the junction of [B140] St Pauls Way - Temporary traffic signals lane restrictions in use to facilitate Thames Water works. In addition, no access to St Paul's Way."
2025-12-29T23:32:43.402774,TIMS-217012,Works,Minimal,[A206] WOOLWICH ROAD (SE7 ) (Greenwich),[],[A206] Woolwich Road (Both directions) between Anchor & Hope Lane and John Wilson Street. - Lane restrictions to facilitate the construction of a segregated cycle lane. 
2025-12-29T23:32:43.402774,TIMS-221854,Works,Minimal,"[A20] ELTHAM ROAD (SE12 ,SE3 ) (Greenwich,Lewisham)",['a20'],[A20] Eltham Road (Westbound) at the junction of Cambridge Drive - Lane restrictions to be implemented to facilitate SGN works. 
2025-12-29T23:32:43.402774,TIMS-221700,Works,Minimal,[A205] WALDRAM CRESCENT (SE23 ) (Lewisham),['a205'],[A205] Waldram Crescent (Both directions) at the junction of Stanstead Road - Contra-flow in operation to facilitate SGN works.
2025-12-29T23:32:43.402774,TIMS-221978,Works,Minimal,"[A3] BATTERSEA RISE (SW11 ,SW18 ) (Wandsworth)",['a205'],[A3] Battersea Rise (Both directions) at the junction of Bolingbroke Grove - There are 2-way temporary traffic lights at this location for Thames Water works. 
2025-12-29T23:32:43.402774,TIMS-209852,Works,Minimal,"[A3205] NINE ELMS LANE (SW11 ,SW8 ) (Lambeth,Wandsworth)","['a3', 'inner ring']",[A3205] Nine Elms Lane (Both directions) at the junction of Ponton Road - Lane closures in place to facilitate Urban Realm Works.
2025-12-29T23:32:43.402774,TIMS-220695,Works,Minimal,"[A41] FINCHLEY ROAD (NW3 ,NW6 ,NW8 ) (Camden)",['a41'],[A41] Finchley Road (Southbound) at the junction of [B511] College Crescent - Lanes one and two (of three) closed to facilitate emergency Thames Water works.
2025-12-29T23:32:43.402774,TIMS-221820,Planned events,Minimal,"[A201] BLACKFRIARS ROAD (SE1 ) (City of London,Southwark)","['farringdon cross route', 'southern river route']",[A201] Blackfriars Road (Both directions) between [B300] The Cut and Webber Street - Multiple road closures will be in place to facilitate the build for New Years Celebrations. 
2025-12-29T23:32:43.402774,TIMS-221816,Works,Minimal,[A302] GROSVENOR GARDENS (SW1W ) (Westminster),['inner ring'],[A302] Grosvenor Gardens (Southbound) at the junction of [A302] Victoria Street - The right turn from Buckingham Palace Road into Grosvenor Gardens has been closed due to emergency repairs by Cadent Gas.
2025-12-29T23:32:43.402774,TIMS-221797,Planned events,Minimal,HORSE GUARDS AVENUE (SW1A ) (Westminster),[],Horse Guards Avenue (Both directions) between [A3211] Victoria Embankment and Whitehall Court - The road will be closed to facilitate the build for New Year's Eve celebrations. 
2025-12-29T23:32:43.402774,TIMS-215004,Works,Minimal,"DU CANE ROAD (W12 ,W3 ) (Hammersmith & Fulham)",[],Du Cane Road (Both directions) at the junction of Hilary Road - Two-way temporary traffic signals are in operation for bridge works.
2025-12-29T23:32:43.402774,TIMS-221720,Works,Minimal,"[A112] PRINCE REGENT LANE (E13 ,E16 ) (Newham)",[],[A112] Prince Regent Lane (Northbound) at the junction of Churchill Road - Road closed northbound due to emergency Thames Water works.
2025-12-29T23:32:43.402774,TIMS-222027,Works,Minimal,"[B212] STRATHEDEN ROAD (SE3 ) (Greenwich,Lewisham)",[],Thames Water works - [B212] Stratheden Road (Both directions) at the junction of [A2] Shooters Hill Road - The road is closed due to Thames Water works. 
2025-12-29T23:32:43.402774,TIMS-218924,Works,Minimal,[A206] WOOLWICH CHURCH STREET (SE18 ) (Greenwich),[],[A206] Woolwich Church Street (Both directions) at the junction of [A206] Woolwich Ferry Roundabout - Various restrictions in place to facilitate cycle lane works.
2025-12-29T23:32:43.402774,TIMS-220134,Works,Minimal,"[A206] WOOLWICH CHURCH STREET (SE18 ,SE7 ) (Greenwich)",[],[A206] Woolwich Church Street (Westbound) at the junction of Warspite Road - Lane restriction due to ongoing cycle scheme works.
2025-12-29T23:32:43.402774,TIMS-219993,Works,Minimal,[A200] LOWER ROAD (SE16 ) (Southwark),[],[A200] Lower Road (Both directions) at the junction of Gomm Road - Temporary traffic signals to be implemented to facilitate cable works. 
2025-12-29T23:32:43.402774,TIMS-221911,Works,Minimal,SELBORNE ROAD (E17 ) (Waltham Forest),[],Selborne Road (Both directions) at the junction of Vernon Road - Temporary traffic signals in operation to facilitate Thames Water works. 
2025-12-29T23:32:43.402774,TIMS-219885,Works,Minimal,"[A1205] BURDETT ROAD (E1 ,E3 ) (Tower Hamlets)",[],[A1205] Burdett Road (Both directions) at the junction of [A11] Mile End Road - Lane restrictions in place to facilitate Thames Water works.
2025-12-29T23:46:31.051839,TIMS-206772,Works,Moderate,"[A12] EASTERN AVENUE EAST (RM2 ,RM3 ) (Havering)",['a12'],"Gallows Corner Flyover Refurbishment - [A12] Eastern Avenue East (All directions) at the junction of [A12] Colchester Road - Various restrictions, to facilitate the refurbishment of Gallows Corner Flyover. Full closure of the Flyover and the roundabout including all approaches in place."
2025-12-29T23:46:31.051839,TIMS-213893,Works,Moderate,"[A23] STREATHAM HILL (SW16 ,SW2 ) (Lambeth)",['a23'],"[A23] Streatham Hill (Both directions) between [A205] Christchurch Road and Leigham Court Road - Various restrictions for TfL works. Lane restrictions, in place over the course of the works. On 15/02/2026, 16/02/2026, 17/05/2026, 18/05/2026 there will be a full overnight closure. "
2025-12-29T23:46:31.051839,TIMS-200007,Works,Moderate,"KING WILLIAM STREET (EC3V,EC4N,EC4R) (City of London)",['bishopsgate cross route'],King William Street (Southbound) at the junction of Lombard Street - Road closed to facilitate urban realm works.
2025-12-29T23:46:31.051839,TIMS-216408,Works,Moderate,[A400] HAMPSTEAD ROAD (NW1 ) (Camden),['inner ring'],[A400] Hampstead Road (Both directions) at the junction of Robert Street - Temporary traffic signals and lane restrictions are in place for HS2 works.
2025-12-29T23:46:31.051839,TIMS-204461,Works,Moderate,"[A3203] LAMBETH BRIDGE (SE1 ,SW1P ) (Lambeth,Westminster)",['southern river route'],[A3203] Lambeth Bridge (Eastbound) between [A3036] A 3036 and [A3212] Millbank - Lane restrictions are in place at either side of the bridge for junction improvement works.
2025-12-29T23:46:31.051839,TIMS-221134,Network delays,Moderate,"[A101] ROTHERHITHE TUNNEL (E1W ,SE16 ) (Southwark,Tower Hamlets)",['southern river route'],"[A101] Rotherhithe Tunnel (Both directions) between [A200] Jamaica Road and [A13] Commercial Road - The Tunnel may be subject to short, intermittent closures"
2025-12-29T23:46:31.051839,TIMS-221661,Works,Moderate,[A308] KINGSTON HILL (KT2 ) (Kingston upon Thames),[],[A308] Kingston Hill (Both directions) at the junction of Park Road - Temporary traffic signals are in use to facilitate works. 
2025-12-29T23:46:31.051839,TIMS-220472,Hazards,Moderate,"[A4200] SOUTHAMPTON ROW (WC1A ,WC1B ,WC1N ,WC1V ) (Camden)",[],[A4200] Southampton Row (Both directions) between [A40] High Holborn and [A40] Vernon Place - The road is closed due to emergency UKPN works. Vernon Place westbound bus lane is also closed. 
2025-12-29T23:46:31.051839,TIMS-222012,Works,Minimal,[A212] CATFORD HILL (SE6 ) (Lewisham),['a205'],[A212] Catford Hill (Both directions) at the junction of Beechfield Road - Two way temporary traffic lights in place to facilitate Thames Water works. 
2025-12-29T23:46:31.051839,TIMS-221961,Network delays,Minimal,[A2204] FERRY APPROACH (SE18 ) (Greenwich),['a205'],[A2204] Ferry Approach (Both directions) at the junction of [A206] Woolwich Ferry Roundabout - The Woolwich Ferry is operating a one boat service
2025-12-29T23:46:31.051839,TIMS-221957,Works,Minimal,[A3] WANDSWORTH HIGH STREET (SW18 ) (Wandsworth),['a205'],[A3] Wandsworth High Street (Both directions) between [A3] West Hill and [A3] East Hill - Road closures in place due to a burst water main. 
2025-12-29T23:46:31.051839,TIMS-222025,Works,Minimal,[A22] GODSTONE ROAD (CR8 ) (Croydon),['a23'],"[A22] Godstone Road (Both directions) at the junction of Station Road - Two-way temporary signals in operation near Kenley station, due to burst water main repairs. "
2025-12-29T23:46:31.051839,TIMS-221773,Works,Minimal,"[A216] MITCHAM LANE (SW16 ) (Lambeth,Wandsworth)",['a23'],[A216] Mitcham Lane (Both directions) at the junction of Fernwood Avenue - Temporary signals in operation to facilitate repairs to a burst water main.
2025-12-29T23:46:31.051839,TIMS-220799,Works,Minimal,"[A217] OLDFIELDS ROAD (SM1 ,SM3 ) (Sutton)",['a24'],"[A217] Oldfields Road (Northbound) at the junction of Stayton Road - Lane restrictions due to a crane operation (22:00 to 05:00, nightly)."
2025-12-29T23:46:31.051839,TIMS-222023,Works,Minimal,"[A40] WESTERN AVENUE (HA4 ,UB10 ) (Hillingdon)",['a40'],"[A40] Western Avenue (Westbound) at the junction of [A4180] West End Road - Lane one (of three) closure after the onslip from Polish War Memorial, due to urgent water main repairs. "
2025-12-29T23:46:31.051839,TIMS-210389,Works,Minimal,"[A40] WESTWAY (W10 ,W12 ) (Hammersmith & Fulham,Kensington & Chelsea)",['a40'],[A40] Westway (Eastbound) at the junction of [A3220] West Cross Route - The exit slip road to the Northern Roundabout is closed to facilitate repair works. 
2025-12-29T23:46:31.051839,TIMS-222029,Works,Minimal,"[A1203] THE HIGHWAY (E1 ,E1W ) (Tower Hamlets)",['city route'],"[A1203] The Highway (Westbound) at the junction of [A1202] Dock Street - Lane closure due to urgent UKPN cable repairs.
"
2025-12-29T23:46:31.051839,TIMS-219173,Works,Minimal,[A219] WOOD LANE (W12 ) (Hammersmith & Fulham),[],[A219] Wood Lane (Both directions) at the junction of [A40] Westway - Various carriageway and footway restrictions in place to facilitate Cycle Superhighway works.
2025-12-29T23:46:31.051839,TIMS-213362,Works,Minimal,"[A107] MARE STREET (E8 ,E9 ) (Hackney)",[],"[A107] Mare Street (Both directions) between [A1207] Graham Road and [A107] Amhurst Road - Road is closed to facilitate urban realm works. Additionally, temporary signals are in place at the junction of Graham Road."
2025-12-29T23:46:31.051839,TIMS-212391,Works,Minimal,[A4020] UXBRIDGE ROAD (W12 ) (Hammersmith & Fulham),[],[A4020] Uxbridge Road (Both directions) at the junction of [A402] Shepherds Bush Green - Restrictions in place in various locations on Uxbridge Road and Shepherds Bush Green due to C34 cycle lane scheme works.
2025-12-29T23:46:31.051839,TIMS-221963,Works,Minimal,JAIL LANE (TN16 ) (Bromley),[],Jail Lane (Both directions) at the junction of Old Tye Avenue - Road closed to facilitate Thames Water works. 
2025-12-29T23:46:31.051839,TIMS-221831,Works,Minimal,"PECKHAM RYE (SE15 ,SE22 ) (Southwark)",[],Peckham Rye (All directions) at the junction of [A2214] Nunhead Lane - Temporary traffic signals are in place to facilitate ermergency SGN works.
2025-12-29T23:46:31.051839,TIMS-216723,Works,Minimal,"TILLING ROAD (NW2 ,NW4 ) (Barnet)",[],Tilling Road (All approaches) at the junction of Claremont Road. - Temporary traffic signals in place to facilitate roadworks. 
2025-12-29T23:46:31.051839,TIMS-220784,Works,Minimal,"[A1205] BURDETT ROAD (E1 ,E14 ,E3 ) (Tower Hamlets)",[],"[A1205] Burdett Road (Both directions) at the junction of [B140] St Pauls Way - Temporary traffic signals lane restrictions in use to facilitate Thames Water works. In addition, no access to St Paul's Way."
2025-12-29T23:46:31.051839,TIMS-217012,Works,Minimal,[A206] WOOLWICH ROAD (SE7 ) (Greenwich),[],[A206] Woolwich Road (Both directions) between Anchor & Hope Lane and John Wilson Street. - Lane restrictions to facilitate the construction of a segregated cycle lane. 
2025-12-29T23:46:31.051839,TIMS-221854,Works,Minimal,"[A20] ELTHAM ROAD (SE12 ,SE3 ) (Greenwich,Lewisham)",['a20'],[A20] Eltham Road (Westbound) at the junction of Cambridge Drive - Lane restrictions to be implemented to facilitate SGN works. 
2025-12-29T23:46:31.051839,TIMS-221700,Works,Minimal,[A205] WALDRAM CRESCENT (SE23 ) (Lewisham),['a205'],[A205] Waldram Crescent (Both directions) at the junction of Stanstead Road - Contra-flow in operation to facilitate SGN works.
2025-12-29T23:46:31.051839,TIMS-221978,Works,Minimal,"[A3] BATTERSEA RISE (SW11 ,SW18 ) (Wandsworth)",['a205'],[A3] Battersea Rise (Both directions) at the junction of Bolingbroke Grove - There are 2-way temporary traffic lights at this location for Thames Water works. 
2025-12-29T23:46:31.051839,TIMS-209852,Works,Minimal,"[A3205] NINE ELMS LANE (SW11 ,SW8 ) (Lambeth,Wandsworth)","['a3', 'inner ring']",[A3205] Nine Elms Lane (Both directions) at the junction of Ponton Road - Lane closures in place to facilitate Urban Realm Works.
2025-12-29T23:46:31.051839,TIMS-220695,Works,Minimal,"[A41] FINCHLEY ROAD (NW3 ,NW6 ,NW8 ) (Camden)",['a41'],[A41] Finchley Road (Southbound) at the junction of [B511] College Crescent - Lanes one and two (of three) closed to facilitate emergency Thames Water works.
2025-12-29T23:46:31.051839,TIMS-221820,Planned events,Minimal,"[A201] BLACKFRIARS ROAD (SE1 ) (City of London,Southwark)","['farringdon cross route', 'southern river route']",[A201] Blackfriars Road (Both directions) between [B300] The Cut and Webber Street - Multiple road closures will be in place to facilitate the build for New Years Celebrations. 
2025-12-29T23:46:31.051839,TIMS-221816,Works,Minimal,[A302] GROSVENOR GARDENS (SW1W ) (Westminster),['inner ring'],[A302] Grosvenor Gardens (Southbound) at the junction of [A302] Victoria Street - The right turn from Buckingham Palace Road into Grosvenor Gardens has been closed due to emergency repairs by Cadent Gas.
2025-12-29T23:46:31.051839,TIMS-221797,Planned events,Minimal,HORSE GUARDS AVENUE (SW1A ) (Westminster),[],Horse Guards Avenue (Both directions) between [A3211] Victoria Embankment and Whitehall Court - The road will be closed to facilitate the build for New Year's Eve celebrations. 
2025-12-29T23:46:31.051839,TIMS-215004,Works,Minimal,"DU CANE ROAD (W12 ,W3 ) (Hammersmith & Fulham)",[],Du Cane Road (Both directions) at the junction of Hilary Road - Two-way temporary traffic signals are in operation for bridge works.
2025-12-29T23:46:31.051839,TIMS-221720,Works,Minimal,"[A112] PRINCE REGENT LANE (E13 ,E16 ) (Newham)",[],[A112] Prince Regent Lane (Northbound) at the junction of Churchill Road - Road closed northbound due to emergency Thames Water works.
2025-12-29T23:46:31.051839,TIMS-222027,Works,Minimal,"[B212] STRATHEDEN ROAD (SE3 ) (Greenwich,Lewisham)",[],Thames Water works - [B212] Stratheden Road (Both directions) at the junction of [A2] Shooters Hill Road - The road is closed due to Thames Water works. 
2025-12-29T23:46:31.051839,TIMS-218924,Works,Minimal,[A206] WOOLWICH CHURCH STREET (SE18 ) (Greenwich),[],[A206] Woolwich Church Street (Both directions) at the junction of [A206] Woolwich Ferry Roundabout - Various restrictions in place to facilitate cycle lane works.
2025-12-29T23:46:31.051839,TIMS-220134,Works,Minimal,"[A206] WOOLWICH CHURCH STREET (SE18 ,SE7 ) (Greenwich)",[],[A206] Woolwich Church Street (Westbound) at the junction of Warspite Road - Lane restriction due to ongoing cycle scheme works.
2025-12-29T23:46:31.051839,TIMS-219993,Works,Minimal,[A200] LOWER ROAD (SE16 ) (Southwark),[],[A200] Lower Road (Both directions) at the junction of Gomm Road - Temporary traffic signals to be implemented to facilitate cable works. 
2025-12-29T23:46:31.051839,TIMS-221911,Works,Minimal,SELBORNE ROAD (E17 ) (Waltham Forest),[],Selborne Road (Both directions) at the junction of Vernon Road - Temporary traffic signals in operation to facilitate Thames Water works. 
2025-12-29T23:46:31.051839,TIMS-219885,Works,Minimal,"[A1205] BURDETT ROAD (E1 ,E3 ) (Tower Hamlets)",[],[A1205] Burdett Road (Both directions) at the junction of [A11] Mile End Road - Lane restrictions in place to facilitate Thames Water works.
2025-12-29T23:54:32.571035,TIMS-206772,Works,Moderate,"[A12] EASTERN AVENUE EAST (RM2 ,RM3 ) (Havering)",['a12'],"Gallows Corner Flyover Refurbishment - [A12] Eastern Avenue East (All directions) at the junction of [A12] Colchester Road - Various restrictions, to facilitate the refurbishment of Gallows Corner Flyover. Full closure of the Flyover and the roundabout including all approaches in place."
2025-12-29T23:54:32.571035,TIMS-213893,Works,Moderate,"[A23] STREATHAM HILL (SW16 ,SW2 ) (Lambeth)",['a23'],"[A23] Streatham Hill (Both directions) between [A205] Christchurch Road and Leigham Court Road - Various restrictions for TfL works. Lane restrictions, in place over the course of the works. On 15/02/2026, 16/02/2026, 17/05/2026, 18/05/2026 there will be a full overnight closure. "
2025-12-29T23:54:32.571035,TIMS-200007,Works,Moderate,"KING WILLIAM STREET (EC3V,EC4N,EC4R) (City of London)",['bishopsgate cross route'],King William Street (Southbound) at the junction of Lombard Street - Road closed to facilitate urban realm works.
2025-12-29T23:54:32.571035,TIMS-216408,Works,Moderate,[A400] HAMPSTEAD ROAD (NW1 ) (Camden),['inner ring'],[A400] Hampstead Road (Both directions) at the junction of Robert Street - Temporary traffic signals and lane restrictions are in place for HS2 works.
2025-12-29T23:54:32.571035,TIMS-204461,Works,Moderate,"[A3203] LAMBETH BRIDGE (SE1 ,SW1P ) (Lambeth,Westminster)",['southern river route'],[A3203] Lambeth Bridge (Eastbound) between [A3036] A 3036 and [A3212] Millbank - Lane restrictions are in place at either side of the bridge for junction improvement works.
2025-12-29T23:54:32.571035,TIMS-221134,Network delays,Moderate,"[A101] ROTHERHITHE TUNNEL (E1W ,SE16 ) (Southwark,Tower Hamlets)",['southern river route'],"[A101] Rotherhithe Tunnel (Both directions) between [A200] Jamaica Road and [A13] Commercial Road - The Tunnel may be subject to short, intermittent closures"
2025-12-29T23:54:32.571035,TIMS-221661,Works,Moderate,[A308] KINGSTON HILL (KT2 ) (Kingston upon Thames),[],[A308] Kingston Hill (Both directions) at the junction of Park Road - Temporary traffic signals are in use to facilitate works. 
2025-12-29T23:54:32.571035,TIMS-220472,Hazards,Moderate,"[A4200] SOUTHAMPTON ROW (WC1A ,WC1B ,WC1N ,WC1V ) (Camden)",[],[A4200] Southampton Row (Both directions) between [A40] High Holborn and [A40] Vernon Place - The road is closed due to emergency UKPN works. Vernon Place westbound bus lane is also closed. 
2025-12-29T23:54:32.571035,TIMS-222012,Works,Minimal,[A212] CATFORD HILL (SE6 ) (Lewisham),['a205'],[A212] Catford Hill (Both directions) at the junction of Beechfield Road - Two way temporary traffic lights in place to facilitate Thames Water works. 
2025-12-29T23:54:32.571035,TIMS-221961,Network delays,Minimal,[A2204] FERRY APPROACH (SE18 ) (Greenwich),['a205'],[A2204] Ferry Approach (Both directions) at the junction of [A206] Woolwich Ferry Roundabout - The Woolwich Ferry is operating a one boat service
2025-12-29T23:54:32.571035,TIMS-221957,Works,Minimal,[A3] WANDSWORTH HIGH STREET (SW18 ) (Wandsworth),['a205'],[A3] Wandsworth High Street (Both directions) between [A3] West Hill and [A3] East Hill - Road closures in place due to a burst water main. 
2025-12-29T23:54:32.571035,TIMS-222025,Works,Minimal,[A22] GODSTONE ROAD (CR8 ) (Croydon),['a23'],"[A22] Godstone Road (Both directions) at the junction of Station Road - Two-way temporary signals in operation near Kenley station, due to burst water main repairs. "
2025-12-29T23:54:32.571035,TIMS-221773,Works,Minimal,"[A216] MITCHAM LANE (SW16 ) (Lambeth,Wandsworth)",['a23'],[A216] Mitcham Lane (Both directions) at the junction of Fernwood Avenue - Temporary signals in operation to facilitate repairs to a burst water main.
2025-12-29T23:54:32.571035,TIMS-220799,Works,Minimal,"[A217] OLDFIELDS ROAD (SM1 ,SM3 ) (Sutton)",['a24'],"[A217] Oldfields Road (Northbound) at the junction of Stayton Road - Lane restrictions due to a crane operation (22:00 to 05:00, nightly)."
2025-12-29T23:54:32.571035,TIMS-222023,Works,Minimal,"[A40] WESTERN AVENUE (HA4 ,UB10 ) (Hillingdon)",['a40'],"[A40] Western Avenue (Westbound) at the junction of [A4180] West End Road - Lane one (of three) closure after the onslip from Polish War Memorial, due to urgent water main repairs. "
2025-12-29T23:54:32.571035,TIMS-210389,Works,Minimal,"[A40] WESTWAY (W10 ,W12 ) (Hammersmith & Fulham,Kensington & Chelsea)",['a40'],[A40] Westway (Eastbound) at the junction of [A3220] West Cross Route - The exit slip road to the Northern Roundabout is closed to facilitate repair works. 
2025-12-29T23:54:32.571035,TIMS-222029,Works,Minimal,"[A1203] THE HIGHWAY (E1 ,E1W ) (Tower Hamlets)",['city route'],"[A1203] The Highway (Westbound) at the junction of [A1202] Dock Street - Lane closure due to urgent UKPN cable repairs.
"
2025-12-29T23:54:32.571035,TIMS-219173,Works,Minimal,[A219] WOOD LANE (W12 ) (Hammersmith & Fulham),[],[A219] Wood Lane (Both directions) at the junction of [A40] Westway - Various carriageway and footway restrictions in place to facilitate Cycle Superhighway works.
2025-12-29T23:54:32.571035,TIMS-213362,Works,Minimal,"[A107] MARE STREET (E8 ,E9 ) (Hackney)",[],"[A107] Mare Street (Both directions) between [A1207] Graham Road and [A107] Amhurst Road - Road is closed to facilitate urban realm works. Additionally, temporary signals are in place at the junction of Graham Road."
2025-12-29T23:54:32.571035,TIMS-212391,Works,Minimal,[A4020] UXBRIDGE ROAD (W12 ) (Hammersmith & Fulham),[],[A4020] Uxbridge Road (Both directions) at the junction of [A402] Shepherds Bush Green - Restrictions in place in various locations on Uxbridge Road and Shepherds Bush Green due to C34 cycle lane scheme works.
2025-12-29T23:54:32.571035,TIMS-221963,Works,Minimal,JAIL LANE (TN16 ) (Bromley),[],Jail Lane (Both directions) at the junction of Old Tye Avenue - Road closed to facilitate Thames Water works. 
2025-12-29T23:54:32.571035,TIMS-221831,Works,Minimal,"PECKHAM RYE (SE15 ,SE22 ) (Southwark)",[],Peckham Rye (All directions) at the junction of [A2214] Nunhead Lane - Temporary traffic signals are in place to facilitate ermergency SGN works.
2025-12-29T23:54:32.571035,TIMS-216723,Works,Minimal,"TILLING ROAD (NW2 ,NW4 ) (Barnet)",[],Tilling Road (All approaches) at the junction of Claremont Road. - Temporary traffic signals in place to facilitate roadworks. 
2025-12-29T23:54:32.571035,TIMS-220784,Works,Minimal,"[A1205] BURDETT ROAD (E1 ,E14 ,E3 ) (Tower Hamlets)",[],"[A1205] Burdett Road (Both directions) at the junction of [B140] St Pauls Way - Temporary traffic signals lane restrictions in use to facilitate Thames Water works. In addition, no access to St Paul's Way."
2025-12-29T23:54:32.571035,TIMS-217012,Works,Minimal,[A206] WOOLWICH ROAD (SE7 ) (Greenwich),[],[A206] Woolwich Road (Both directions) between Anchor & Hope Lane and John Wilson Street. - Lane restrictions to facilitate the construction of a segregated cycle lane. 
2025-12-29T23:54:32.571035,TIMS-221854,Works,Minimal,"[A20] ELTHAM ROAD (SE12 ,SE3 ) (Greenwich,Lewisham)",['a20'],[A20] Eltham Road (Westbound) at the junction of Cambridge Drive - Lane restrictions to be implemented to facilitate SGN works. 
2025-12-29T23:54:32.571035,TIMS-221700,Works,Minimal,[A205] WALDRAM CRESCENT (SE23 ) (Lewisham),['a205'],[A205] Waldram Crescent (Both directions) at the junction of Stanstead Road - Contra-flow in operation to facilitate SGN works.
2025-12-29T23:54:32.571035,TIMS-221978,Works,Minimal,"[A3] BATTERSEA RISE (SW11 ,SW18 ) (Wandsworth)",['a205'],[A3] Battersea Rise (Both directions) at the junction of Bolingbroke Grove - There are 2-way temporary traffic lights at this location for Thames Water works. 
2025-12-29T23:54:32.571035,TIMS-209852,Works,Minimal,"[A3205] NINE ELMS LANE (SW11 ,SW8 ) (Lambeth,Wandsworth)","['a3', 'inner ring']",[A3205] Nine Elms Lane (Both directions) at the junction of Ponton Road - Lane closures in place to facilitate Urban Realm Works.
2025-12-29T23:54:32.571035,TIMS-220695,Works,Minimal,"[A41] FINCHLEY ROAD (NW3 ,NW6 ,NW8 ) (Camden)",['a41'],[A41] Finchley Road (Southbound) at the junction of [B511] College Crescent - Lanes one and two (of three) closed to facilitate emergency Thames Water works.
2025-12-29T23:54:32.571035,TIMS-221820,Planned events,Minimal,"[A201] BLACKFRIARS ROAD (SE1 ) (City of London,Southwark)","['farringdon cross route', 'southern river route']",[A201] Blackfriars Road (Both directions) between [B300] The Cut and Webber Street - Multiple road closures will be in place to facilitate the build for New Years Celebrations. 
2025-12-29T23:54:32.571035,TIMS-221816,Works,Minimal,[A302] GROSVENOR GARDENS (SW1W ) (Westminster),['inner ring'],[A302] Grosvenor Gardens (Southbound) at the junction of [A302] Victoria Street - The right turn from Buckingham Palace Road into Grosvenor Gardens has been closed due to emergency repairs by Cadent Gas.
2025-12-29T23:54:32.571035,TIMS-221797,Planned events,Minimal,HORSE GUARDS AVENUE (SW1A ) (Westminster),[],Horse Guards Avenue (Both directions) between [A3211] Victoria Embankment and Whitehall Court - The road will be closed to facilitate the build for New Year's Eve celebrations. 
2025-12-29T23:54:32.571035,TIMS-215004,Works,Minimal,"DU CANE ROAD (W12 ,W3 ) (Hammersmith & Fulham)",[],Du Cane Road (Both directions) at the junction of Hilary Road - Two-way temporary traffic signals are in operation for bridge works.
2025-12-29T23:54:32.571035,TIMS-221720,Works,Minimal,"[A112] PRINCE REGENT LANE (E13 ,E16 ) (Newham)",[],[A112] Prince Regent Lane (Northbound) at the junction of Churchill Road - Road closed northbound due to emergency Thames Water works.
2025-12-29T23:54:32.571035,TIMS-222027,Works,Minimal,"[B212] STRATHEDEN ROAD (SE3 ) (Greenwich,Lewisham)",[],Thames Water works - [B212] Stratheden Road (Both directions) at the junction of [A2] Shooters Hill Road - The road is closed due to Thames Water works. 
2025-12-29T23:54:32.571035,TIMS-218924,Works,Minimal,[A206] WOOLWICH CHURCH STREET (SE18 ) (Greenwich),[],[A206] Woolwich Church Street (Both directions) at the junction of [A206] Woolwich Ferry Roundabout - Various restrictions in place to facilitate cycle lane works.
2025-12-29T23:54:32.571035,TIMS-220134,Works,Minimal,"[A206] WOOLWICH CHURCH STREET (SE18 ,SE7 ) (Greenwich)",[],[A206] Woolwich Church Street (Westbound) at the junction of Warspite Road - Lane restriction due to ongoing cycle scheme works.
2025-12-29T23:54:32.571035,TIMS-219993,Works,Minimal,[A200] LOWER ROAD (SE16 ) (Southwark),[],[A200] Lower Road (Both directions) at the junction of Gomm Road - Temporary traffic signals to be implemented to facilitate cable works. 
2025-12-29T23:54:32.571035,TIMS-221911,Works,Minimal,SELBORNE ROAD (E17 ) (Waltham Forest),[],Selborne Road (Both directions) at the junction of Vernon Road - Temporary traffic signals in operation to facilitate Thames Water works. 
2025-12-29T23:54:32.571035,TIMS-219885,Works,Minimal,"[A1205] BURDETT ROAD (E1 ,E3 ) (Tower Hamlets)",[],[A1205] Burdett Road (Both directions) at the junction of [A11] Mile End Road - Lane restrictions in place to facilitate Thames Water works.
2025-12-30T01:06:54.018770,TIMS-206772,Works,Moderate,"[A12] EASTERN AVENUE EAST (RM2 ,RM3 ) (Havering)",['a12'],"Gallows Corner Flyover Refurbishment - [A12] Eastern Avenue East (All directions) at the junction of [A12] Colchester Road - Various restrictions, to facilitate the refurbishment of Gallows Corner Flyover. Full closure of the Flyover and the roundabout including all approaches in place."
2025-12-30T01:06:54.018770,TIMS-213893,Works,Moderate,"[A23] STREATHAM HILL (SW16 ,SW2 ) (Lambeth)",['a23'],"[A23] Streatham Hill (Both directions) between [A205] Christchurch Road and Leigham Court Road - Various restrictions for TfL works. Lane restrictions, in place over the course of the works. On 15/02/2026, 16/02/2026, 17/05/2026, 18/05/2026 there will be a full overnight closure. "
2025-12-30T01:06:54.018770,TIMS-200007,Works,Moderate,"KING WILLIAM STREET (EC3V,EC4N,EC4R) (City of London)",['bishopsgate cross route'],King William Street (Southbound) at the junction of Lombard Street - Road closed to facilitate urban realm works.
2025-12-30T01:06:54.018770,TIMS-216408,Works,Moderate,[A400] HAMPSTEAD ROAD (NW1 ) (Camden),['inner ring'],[A400] Hampstead Road (Both directions) at the junction of Robert Street - Temporary traffic signals and lane restrictions are in place for HS2 works.
2025-12-30T01:06:54.018770,TIMS-204461,Works,Moderate,"[A3203] LAMBETH BRIDGE (SE1 ,SW1P ) (Lambeth,Westminster)",['southern river route'],[A3203] Lambeth Bridge (Eastbound) between [A3036] A 3036 and [A3212] Millbank - Lane restrictions are in place at either side of the bridge for junction improvement works.
2025-12-30T01:06:54.018770,TIMS-221134,Network delays,Moderate,"[A101] ROTHERHITHE TUNNEL (E1W ,SE16 ) (Southwark,Tower Hamlets)",['southern river route'],"[A101] Rotherhithe Tunnel (Both directions) between [A200] Jamaica Road and [A13] Commercial Road - The Tunnel may be subject to short, intermittent closures"
2025-12-30T01:06:54.018770,TIMS-220472,Hazards,Moderate,"[A4200] SOUTHAMPTON ROW (WC1A ,WC1B ,WC1N ,WC1V ) (Camden)",[],[A4200] Southampton Row (Both directions) between [A40] High Holborn and [A40] Vernon Place - The road is closed due to emergency UKPN works. Vernon Place westbound bus lane is also closed. 
2025-12-30T01:06:54.018770,TIMS-222012,Works,Minimal,[A212] CATFORD HILL (SE6 ) (Lewisham),['a205'],[A212] Catford Hill (Both directions) at the junction of Beechfield Road - Two way temporary traffic lights in place to facilitate Thames Water works. 
2025-12-30T01:06:54.018770,TIMS-221961,Network delays,Minimal,[A2204] FERRY APPROACH (SE18 ) (Greenwich),['a205'],[A2204] Ferry Approach (Both directions) at the junction of [A206] Woolwich Ferry Roundabout - The Woolwich Ferry is operating a one boat service
2025-12-30T01:06:54.018770,TIMS-221957,Works,Minimal,[A3] WANDSWORTH HIGH STREET (SW18 ) (Wandsworth),['a205'],[A3] Wandsworth High Street (Both directions) between [A3] West Hill and [A3] East Hill - Road closures in place due to a burst water main. 
2025-12-30T01:06:54.018770,TIMS-222025,Works,Minimal,[A22] GODSTONE ROAD (CR8 ) (Croydon),['a23'],"[A22] Godstone Road (Both directions) at the junction of Station Road - Two-way temporary signals in operation near Kenley station, due to burst water main repairs. "
2025-12-30T01:06:54.018770,TIMS-221773,Works,Minimal,"[A216] MITCHAM LANE (SW16 ) (Lambeth,Wandsworth)",['a23'],[A216] Mitcham Lane (Both directions) at the junction of Fernwood Avenue - Temporary signals in operation to facilitate repairs to a burst water main.
2025-12-30T01:06:54.018770,TIMS-220799,Works,Minimal,"[A217] OLDFIELDS ROAD (SM1 ,SM3 ) (Sutton)",['a24'],"[A217] Oldfields Road (Northbound) at the junction of Stayton Road - Lane restrictions due to a crane operation (22:00 to 05:00, nightly)."
2025-12-30T01:06:54.018770,TIMS-222023,Works,Minimal,"[A40] WESTERN AVENUE (HA4 ,UB10 ) (Hillingdon)",['a40'],"[A40] Western Avenue (Westbound) at the junction of [A4180] West End Road - Lane one (of three) closure after the onslip from Polish War Memorial, due to urgent water main repairs. "
2025-12-30T01:06:54.018770,TIMS-210389,Works,Minimal,"[A40] WESTWAY (W10 ,W12 ) (Hammersmith & Fulham,Kensington & Chelsea)",['a40'],[A40] Westway (Eastbound) at the junction of [A3220] West Cross Route - The exit slip road to the Northern Roundabout is closed to facilitate repair works. 
2025-12-30T01:06:54.018770,TIMS-222029,Works,Minimal,"[A1203] THE HIGHWAY (E1 ,E1W ) (Tower Hamlets)",['city route'],"[A1203] The Highway (Westbound) at the junction of [A1202] Dock Street - Lane closure due to urgent UKPN cable repairs.
"
2025-12-30T01:06:54.018770,TIMS-221963,Works,Minimal,JAIL LANE (TN16 ) (Bromley),[],Jail Lane (Both directions) at the junction of Old Tye Avenue - Road closed to facilitate Thames Water works. 
2025-12-30T01:06:54.018770,TIMS-212391,Works,Minimal,[A4020] UXBRIDGE ROAD (W12 ) (Hammersmith & Fulham),[],[A4020] Uxbridge Road (Both directions) at the junction of [A402] Shepherds Bush Green - Restrictions in place in various locations on Uxbridge Road and Shepherds Bush Green due to C34 cycle lane scheme works.
2025-12-30T01:06:54.018770,TIMS-213362,Works,Minimal,"[A107] MARE STREET (E8 ,E9 ) (Hackney)",[],"[A107] Mare Street (Both directions) between [A1207] Graham Road and [A107] Amhurst Road - Road is closed to facilitate urban realm works. Additionally, temporary signals are in place at the junction of Graham Road."
2025-12-30T01:06:54.018770,TIMS-221831,Works,Minimal,"PECKHAM RYE (SE15 ,SE22 ) (Southwark)",[],Peckham Rye (All directions) at the junction of [A2214] Nunhead Lane - Temporary traffic signals are in place to facilitate ermergency SGN works.
2025-12-30T01:06:54.018770,TIMS-216723,Works,Minimal,"TILLING ROAD (NW2 ,NW4 ) (Barnet)",[],Tilling Road (All approaches) at the junction of Claremont Road. - Temporary traffic signals in place to facilitate roadworks. 
2025-12-30T01:06:54.018770,TIMS-219173,Works,Minimal,[A219] WOOD LANE (W12 ) (Hammersmith & Fulham),[],[A219] Wood Lane (Both directions) at the junction of [A40] Westway - Various carriageway and footway restrictions in place to facilitate Cycle Superhighway works.
2025-12-30T01:06:54.018770,TIMS-220784,Works,Minimal,"[A1205] BURDETT ROAD (E1 ,E14 ,E3 ) (Tower Hamlets)",[],"[A1205] Burdett Road (Both directions) at the junction of [B140] St Pauls Way - Temporary traffic signals lane restrictions in use to facilitate Thames Water works. In addition, no access to St Paul's Way."
2025-12-30T01:06:54.018770,TIMS-217012,Works,Minimal,[A206] WOOLWICH ROAD (SE7 ) (Greenwich),[],[A206] Woolwich Road (Both directions) between Anchor & Hope Lane and John Wilson Street. - Lane restrictions to facilitate the construction of a segregated cycle lane. 
2025-12-30T01:06:54.018770,TIMS-221854,Works,Minimal,"[A20] ELTHAM ROAD (SE12 ,SE3 ) (Greenwich,Lewisham)",['a20'],[A20] Eltham Road (Westbound) at the junction of Cambridge Drive - Lane restrictions to be implemented to facilitate SGN works. 
2025-12-30T01:06:54.018770,TIMS-221700,Works,Minimal,[A205] WALDRAM CRESCENT (SE23 ) (Lewisham),['a205'],[A205] Waldram Crescent (Both directions) at the junction of Stanstead Road - Contra-flow in operation to facilitate SGN works.
2025-12-30T01:06:54.018770,TIMS-221978,Works,Minimal,"[A3] BATTERSEA RISE (SW11 ,SW18 ) (Wandsworth)",['a205'],[A3] Battersea Rise (Both directions) at the junction of Bolingbroke Grove - There are 2-way temporary traffic lights at this location for Thames Water works. 
2025-12-30T01:06:54.018770,TIMS-209852,Works,Minimal,"[A3205] NINE ELMS LANE (SW11 ,SW8 ) (Lambeth,Wandsworth)","['a3', 'inner ring']",[A3205] Nine Elms Lane (Both directions) at the junction of Ponton Road - Lane closures in place to facilitate Urban Realm Works.
2025-12-30T01:06:54.018770,TIMS-220695,Works,Minimal,"[A41] FINCHLEY ROAD (NW3 ,NW6 ,NW8 ) (Camden)",['a41'],[A41] Finchley Road (Southbound) at the junction of [B511] College Crescent - Lanes one and two (of three) closed to facilitate emergency Thames Water works.
2025-12-30T01:06:54.018770,TIMS-221820,Planned events,Minimal,"[A3211] UPPER THAMES STREET (EC4R ,EC4V ) (City of London)",['city route'],[A3211] Upper Thames Street (Both directions) between Puddle Dock and White Lion Hill - Multiple road closures will be in place to facilitate the build for New Years Celebrations. 
2025-12-30T01:06:54.018770,TIMS-221816,Works,Minimal,[A302] GROSVENOR GARDENS (SW1W ) (Westminster),['inner ring'],[A302] Grosvenor Gardens (Southbound) at the junction of [A302] Victoria Street - The right turn from Buckingham Palace Road into Grosvenor Gardens has been closed due to emergency repairs by Cadent Gas.
2025-12-30T01:06:54.018770,TIMS-219885,Works,Minimal,"[A1205] BURDETT ROAD (E1 ,E3 ) (Tower Hamlets)",[],[A1205] Burdett Road (Both directions) at the junction of [A11] Mile End Road - Lane restrictions in place to facilitate Thames Water works.
2025-12-30T01:06:54.018770,TIMS-219993,Works,Minimal,[A200] LOWER ROAD (SE16 ) (Southwark),[],[A200] Lower Road (Both directions) at the junction of Gomm Road - Temporary traffic signals to be implemented to facilitate cable works. 
2025-12-30T01:06:54.018770,TIMS-220134,Works,Minimal,"[A206] WOOLWICH CHURCH STREET (SE18 ,SE7 ) (Greenwich)",[],[A206] Woolwich Church Street (Westbound) at the junction of Warspite Road - Lane restriction due to ongoing cycle scheme works.
2025-12-30T01:06:54.018770,TIMS-221911,Works,Minimal,SELBORNE ROAD (E17 ) (Waltham Forest),[],Selborne Road (Both directions) at the junction of Vernon Road - Temporary traffic signals in operation to facilitate Thames Water works. 
2025-12-30T01:06:54.018770,TIMS-218924,Works,Minimal,[A206] WOOLWICH CHURCH STREET (SE18 ) (Greenwich),[],[A206] Woolwich Church Street (Both directions) at the junction of [A206] Woolwich Ferry Roundabout - Various restrictions in place to facilitate cycle lane works.
2025-12-30T01:06:54.018770,TIMS-221797,Planned events,Minimal,HORSE GUARDS AVENUE (SW1A ) (Westminster),[],Horse Guards Avenue (Both directions) between [A3211] Victoria Embankment and Whitehall Court - The road will be closed to facilitate the build for New Year's Eve celebrations. 
2025-12-30T01:06:54.018770,TIMS-215004,Works,Minimal,"DU CANE ROAD (W12 ,W3 ) (Hammersmith & Fulham)",[],Du Cane Road (Both directions) at the junction of Hilary Road - Two-way temporary traffic signals are in operation for bridge works.
2025-12-30T01:06:54.018770,TIMS-221720,Works,Minimal,"[A112] PRINCE REGENT LANE (E13 ,E16 ) (Newham)",[],[A112] Prince Regent Lane (Northbound) at the junction of Churchill Road - Road closed northbound due to emergency Thames Water works.
2025-12-30T01:06:54.018770,TIMS-222027,Works,Minimal,"[B212] STRATHEDEN ROAD (SE3 ) (Greenwich,Lewisham)",[],Thames Water works - [B212] Stratheden Road (Both directions) at the junction of [A2] Shooters Hill Road - The road is closed due to Thames Water works. 
2025-12-30T01:06:54.018770,TIMS-221806,Planned events,Minimal,"[A301] WATERLOO BRIDGE (SE1 ,WC2N ,WC2R ) (Lambeth,Westminster)",[],[A301] Waterloo Bridge (All directions) between [A3211] Victoria Embankment and [A301] Waterloo Road - The road will be closed to facilitate the build for New Year's Eve celebrations. 
2025-12-30T03:02:11.819940,TIMS-206772,Works,Moderate,"[A12] EASTERN AVENUE EAST (RM2 ,RM3 ) (Havering)",['a12'],"Gallows Corner Flyover Refurbishment - [A12] Eastern Avenue East (All directions) at the junction of [A12] Colchester Road - Various restrictions, to facilitate the refurbishment of Gallows Corner Flyover. Full closure of the Flyover and the roundabout including all approaches in place."
2025-12-30T03:02:11.819940,TIMS-213893,Works,Moderate,"[A23] STREATHAM HILL (SW16 ,SW2 ) (Lambeth)",['a23'],"[A23] Streatham Hill (Both directions) between [A205] Christchurch Road and Leigham Court Road - Various restrictions for TfL works. Lane restrictions, in place over the course of the works. On 15/02/2026, 16/02/2026, 17/05/2026, 18/05/2026 there will be a full overnight closure. "
2025-12-30T03:02:11.819940,TIMS-200007,Works,Moderate,"KING WILLIAM STREET (EC3V,EC4N,EC4R) (City of London)",['bishopsgate cross route'],King William Street (Southbound) at the junction of Lombard Street - Road closed to facilitate urban realm works.
2025-12-30T03:02:11.819940,TIMS-216408,Works,Moderate,[A400] HAMPSTEAD ROAD (NW1 ) (Camden),['inner ring'],[A400] Hampstead Road (Both directions) at the junction of Robert Street - Temporary traffic signals and lane restrictions are in place for HS2 works.
2025-12-30T03:02:11.819940,TIMS-204461,Works,Moderate,"[A3203] LAMBETH BRIDGE (SE1 ,SW1P ) (Lambeth,Westminster)",['southern river route'],[A3203] Lambeth Bridge (Eastbound) between [A3036] A 3036 and [A3212] Millbank - Lane restrictions are in place at either side of the bridge for junction improvement works.
2025-12-30T03:02:11.819940,TIMS-221134,Network delays,Moderate,"[A101] ROTHERHITHE TUNNEL (E1W ,SE16 ) (Southwark,Tower Hamlets)",['southern river route'],"[A101] Rotherhithe Tunnel (Both directions) between [A200] Jamaica Road and [A13] Commercial Road - The Tunnel may be subject to short, intermittent closures"
2025-12-30T03:02:11.819940,TIMS-220472,Hazards,Moderate,"[A4200] SOUTHAMPTON ROW (WC1A ,WC1B ,WC1N ,WC1V ) (Camden)",[],[A4200] Southampton Row (Both directions) between [A40] High Holborn and [A40] Vernon Place - The road is closed due to emergency UKPN works. Vernon Place westbound bus lane is also closed. 
2025-12-30T03:02:11.819940,TIMS-222012,Works,Minimal,[A212] CATFORD HILL (SE6 ) (Lewisham),['a205'],[A212] Catford Hill (Both directions) at the junction of Beechfield Road - Two way temporary traffic lights in place to facilitate Thames Water works. 
2025-12-30T03:02:11.819940,TIMS-221961,Network delays,Minimal,[A2204] FERRY APPROACH (SE18 ) (Greenwich),['a205'],[A2204] Ferry Approach (Both directions) at the junction of [A206] Woolwich Ferry Roundabout - The Woolwich Ferry is operating a one boat service
2025-12-30T03:02:11.819940,TIMS-221957,Works,Minimal,[A3] WANDSWORTH HIGH STREET (SW18 ) (Wandsworth),['a205'],[A3] Wandsworth High Street (Both directions) between [A3] West Hill and [A3] East Hill - Road closures in place due to a burst water main. 
2025-12-30T03:02:11.819940,TIMS-222025,Works,Minimal,[A22] GODSTONE ROAD (CR8 ) (Croydon),['a23'],"[A22] Godstone Road (Both directions) at the junction of Station Road - Two-way temporary signals in operation near Kenley station, due to burst water main repairs. "
2025-12-30T03:02:11.819940,TIMS-221773,Works,Minimal,"[A216] MITCHAM LANE (SW16 ) (Lambeth,Wandsworth)",['a23'],[A216] Mitcham Lane (Both directions) at the junction of Fernwood Avenue - Temporary signals in operation to facilitate repairs to a burst water main.
2025-12-30T03:02:11.819940,TIMS-220799,Works,Minimal,"[A217] OLDFIELDS ROAD (SM1 ,SM3 ) (Sutton)",['a24'],"[A217] Oldfields Road (Northbound) at the junction of Stayton Road - Lane restrictions due to a crane operation (22:00 to 05:00, nightly)."
2025-12-30T03:02:11.819940,TIMS-222023,Works,Minimal,"[A40] WESTERN AVENUE (HA4 ,UB10 ) (Hillingdon)",['a40'],"[A40] Western Avenue (Westbound) at the junction of [A4180] West End Road - Lane one (of three) closure after the onslip from Polish War Memorial, due to urgent water main repairs. "
2025-12-30T03:02:11.819940,TIMS-210389,Works,Minimal,"[A40] WESTWAY (W10 ,W12 ) (Hammersmith & Fulham,Kensington & Chelsea)",['a40'],[A40] Westway (Eastbound) at the junction of [A3220] West Cross Route - The exit slip road to the Northern Roundabout is closed to facilitate repair works. 
2025-12-30T03:02:11.819940,TIMS-222045,Collisions,Minimal,[A41] WATFORD WAY (NW4 ) (Barnet),['a41'],[A41] Watford Way (Southbound) at the junction of Vivian Avenue - The central reservation has been damaged due to an earlier collision.
2025-12-30T03:02:11.819940,TIMS-222029,Works,Minimal,"[A1203] THE HIGHWAY (E1 ,E1W ) (Tower Hamlets)",['city route'],"[A1203] The Highway (Westbound) at the junction of [A1202] Dock Street - Lane closure due to urgent UKPN cable repairs.
"
2025-12-30T03:02:11.819940,TIMS-221963,Works,Minimal,JAIL LANE (TN16 ) (Bromley),[],Jail Lane (Both directions) at the junction of Old Tye Avenue - Road closed to facilitate Thames Water works. 
2025-12-30T03:02:11.819940,TIMS-212391,Works,Minimal,[A4020] UXBRIDGE ROAD (W12 ) (Hammersmith & Fulham),[],[A4020] Uxbridge Road (Both directions) at the junction of [A402] Shepherds Bush Green - Restrictions in place in various locations on Uxbridge Road and Shepherds Bush Green due to C34 cycle lane scheme works.
2025-12-30T03:02:11.819940,TIMS-213362,Works,Minimal,"[A107] MARE STREET (E8 ,E9 ) (Hackney)",[],"[A107] Mare Street (Both directions) between [A1207] Graham Road and [A107] Amhurst Road - Road is closed to facilitate urban realm works. Additionally, temporary signals are in place at the junction of Graham Road."
2025-12-30T03:02:11.819940,TIMS-221831,Works,Minimal,"PECKHAM RYE (SE15 ,SE22 ) (Southwark)",[],Peckham Rye (All directions) at the junction of [A2214] Nunhead Lane - Temporary traffic signals are in place to facilitate ermergency SGN works.
2025-12-30T03:02:11.819940,TIMS-219173,Works,Minimal,[A219] WOOD LANE (W12 ) (Hammersmith & Fulham),[],[A219] Wood Lane (Both directions) at the junction of [A40] Westway - Various carriageway and footway restrictions in place to facilitate Cycle Superhighway works.
2025-12-30T03:02:11.819940,TIMS-217012,Works,Minimal,[A206] WOOLWICH ROAD (SE7 ) (Greenwich),[],[A206] Woolwich Road (Both directions) between Anchor & Hope Lane and John Wilson Street. - Lane restrictions to facilitate the construction of a segregated cycle lane. 
2025-12-30T03:02:11.819940,TIMS-216723,Works,Minimal,"TILLING ROAD (NW2 ,NW4 ) (Barnet)",[],Tilling Road (All approaches) at the junction of Claremont Road. - Temporary traffic signals in place to facilitate roadworks. 
2025-12-30T03:02:11.819940,TIMS-220784,Works,Minimal,"[A1205] BURDETT ROAD (E1 ,E14 ,E3 ) (Tower Hamlets)",[],"[A1205] Burdett Road (Both directions) at the junction of [B140] St Pauls Way - Temporary traffic signals lane restrictions in use to facilitate Thames Water works. In addition, no access to St Paul's Way."
2025-12-30T03:02:11.819940,TIMS-221854,Works,Minimal,"[A20] ELTHAM ROAD (SE12 ,SE3 ) (Greenwich,Lewisham)",['a20'],[A20] Eltham Road (Westbound) at the junction of Cambridge Drive - Lane restrictions to be implemented to facilitate SGN works. 
2025-12-30T03:02:11.819940,TIMS-221700,Works,Minimal,[A205] WALDRAM CRESCENT (SE23 ) (Lewisham),['a205'],[A205] Waldram Crescent (Both directions) at the junction of Stanstead Road - Contra-flow in operation to facilitate SGN works.
2025-12-30T03:02:11.819940,TIMS-221978,Works,Minimal,"[A3] BATTERSEA RISE (SW11 ,SW18 ) (Wandsworth)",['a205'],[A3] Battersea Rise (Both directions) at the junction of Bolingbroke Grove - There are 2-way temporary traffic lights at this location for Thames Water works. 
2025-12-30T03:02:11.819940,TIMS-209852,Works,Minimal,"[A3205] NINE ELMS LANE (SW11 ,SW8 ) (Lambeth,Wandsworth)","['a3', 'inner ring']",[A3205] Nine Elms Lane (Both directions) at the junction of Ponton Road - Lane closures in place to facilitate Urban Realm Works.
2025-12-30T03:02:11.819940,TIMS-220695,Works,Minimal,"[A41] FINCHLEY ROAD (NW3 ,NW6 ,NW8 ) (Camden)",['a41'],[A41] Finchley Road (Southbound) at the junction of [B511] College Crescent - Lanes one and two (of three) closed to facilitate emergency Thames Water works.
2025-12-30T03:02:11.819940,TIMS-221816,Works,Minimal,[A302] GROSVENOR GARDENS (SW1W ) (Westminster),['inner ring'],[A302] Grosvenor Gardens (Southbound) at the junction of [A302] Victoria Street - The right turn from Buckingham Palace Road into Grosvenor Gardens has been closed due to emergency repairs by Cadent Gas.
2025-12-30T03:02:11.819940,TIMS-218924,Works,Minimal,[A206] WOOLWICH CHURCH STREET (SE18 ) (Greenwich),[],[A206] Woolwich Church Street (Both directions) at the junction of [A206] Woolwich Ferry Roundabout - Various restrictions in place to facilitate cycle lane works.
2025-12-30T03:02:11.819940,TIMS-221806,Planned events,Minimal,"[A301] WATERLOO BRIDGE (SE1 ,WC2N ,WC2R ) (Lambeth,Westminster)",[],[A301] Waterloo Bridge (All directions) between [A3211] Victoria Embankment and [A301] Waterloo Road - The road will be closed to facilitate the build for New Year's Eve celebrations. 
2025-12-30T03:02:11.819940,TIMS-221797,Planned events,Minimal,HORSE GUARDS AVENUE (SW1A ) (Westminster),[],Horse Guards Avenue (Both directions) between [A3211] Victoria Embankment and Whitehall Court - The road will be closed to facilitate the build for New Year's Eve celebrations. 
2025-12-30T03:02:11.819940,TIMS-220134,Works,Minimal,"[A206] WOOLWICH CHURCH STREET (SE18 ,SE7 ) (Greenwich)",[],[A206] Woolwich Church Street (Westbound) at the junction of Warspite Road - Lane restriction due to ongoing cycle scheme works.
2025-12-30T03:02:11.819940,TIMS-215004,Works,Minimal,"DU CANE ROAD (W12 ,W3 ) (Hammersmith & Fulham)",[],Du Cane Road (Both directions) at the junction of Hilary Road - Two-way temporary traffic signals are in operation for bridge works.
2025-12-30T03:02:11.819940,TIMS-219993,Works,Minimal,[A200] LOWER ROAD (SE16 ) (Southwark),[],[A200] Lower Road (Both directions) at the junction of Gomm Road - Temporary traffic signals to be implemented to facilitate cable works. 
2025-12-30T03:02:11.819940,TIMS-219885,Works,Minimal,"[A1205] BURDETT ROAD (E1 ,E3 ) (Tower Hamlets)",[],[A1205] Burdett Road (Both directions) at the junction of [A11] Mile End Road - Lane restrictions in place to facilitate Thames Water works.
2025-12-30T03:02:11.819940,TIMS-221720,Works,Minimal,"[A112] PRINCE REGENT LANE (E13 ,E16 ) (Newham)",[],[A112] Prince Regent Lane (Northbound) at the junction of Churchill Road - Road closed northbound due to emergency Thames Water works.
2025-12-30T03:02:11.819940,TIMS-222027,Works,Minimal,"[B212] STRATHEDEN ROAD (SE3 ) (Greenwich,Lewisham)",[],Thames Water works - [B212] Stratheden Road (Both directions) at the junction of [A2] Shooters Hill Road - The road is closed due to Thames Water works. 
2025-12-30T03:02:11.819940,TIMS-221820,Planned events,Minimal,"[A4200] KINGSWAY (WC1V ,WC2A ,WC2B ) (Camden,Westminster)",[],[A4200] Kingsway (Both directions) between [A40] High Holborn and Parker Street - Multiple road closures will be in place to facilitate the build for New Years Celebrations. 
2025-12-30T03:02:11.819940,TIMS-221911,Works,Minimal,SELBORNE ROAD (E17 ) (Waltham Forest),[],Selborne Road (Both directions) at the junction of Vernon Road - Temporary traffic signals in operation to facilitate Thames Water works. 
2025-12-30T04:06:09.979944,TIMS-206772,Works,Moderate,"[A12] EASTERN AVENUE EAST (RM2 ,RM3 ) (Havering)",['a12'],"Gallows Corner Flyover Refurbishment - [A12] Eastern Avenue East (All directions) at the junction of [A12] Colchester Road - Various restrictions, to facilitate the refurbishment of Gallows Corner Flyover. Full closure of the Flyover and the roundabout including all approaches in place."
2025-12-30T04:06:09.979944,TIMS-213893,Works,Moderate,"[A23] STREATHAM HILL (SW16 ,SW2 ) (Lambeth)",['a23'],"[A23] Streatham Hill (Both directions) between [A205] Christchurch Road and Leigham Court Road - Various restrictions for TfL works. Lane restrictions, in place over the course of the works. On 15/02/2026, 16/02/2026, 17/05/2026, 18/05/2026 there will be a full overnight closure. "
2025-12-30T04:06:09.979944,TIMS-200007,Works,Moderate,"KING WILLIAM STREET (EC3V,EC4N,EC4R) (City of London)",['bishopsgate cross route'],King William Street (Southbound) at the junction of Lombard Street - Road closed to facilitate urban realm works.
2025-12-30T04:06:09.979944,TIMS-216408,Works,Moderate,[A400] HAMPSTEAD ROAD (NW1 ) (Camden),['inner ring'],[A400] Hampstead Road (Both directions) at the junction of Robert Street - Temporary traffic signals and lane restrictions are in place for HS2 works.
2025-12-30T04:06:09.979944,TIMS-221134,Network delays,Moderate,"[A101] ROTHERHITHE TUNNEL (E1W ,SE16 ) (Southwark,Tower Hamlets)",['southern river route'],"[A101] Rotherhithe Tunnel (Both directions) between [A200] Jamaica Road and [A13] Commercial Road - The Tunnel may be subject to short, intermittent closures"
2025-12-30T04:06:09.979944,TIMS-204461,Works,Moderate,"[A3203] LAMBETH BRIDGE (SE1 ,SW1P ) (Lambeth,Westminster)",['southern river route'],[A3203] Lambeth Bridge (Eastbound) between [A3036] A 3036 and [A3212] Millbank - Lane restrictions are in place at either side of the bridge for junction improvement works.
2025-12-30T04:06:09.979944,TIMS-220472,Hazards,Moderate,"[A4200] SOUTHAMPTON ROW (WC1A ,WC1B ,WC1N ,WC1V ) (Camden)",[],[A4200] Southampton Row (Both directions) between [A40] High Holborn and [A40] Vernon Place - The road is closed due to emergency UKPN works. Vernon Place westbound bus lane is also closed. 
2025-12-30T04:06:09.979944,TIMS-221957,Works,Minimal,[A3] WANDSWORTH HIGH STREET (SW18 ) (Wandsworth),['a205'],[A3] Wandsworth High Street (Both directions) between [A3] West Hill and [A3] East Hill - Road closures in place due to a burst water main. 
2025-12-30T04:06:09.979944,TIMS-221961,Network delays,Minimal,[A2204] FERRY APPROACH (SE18 ) (Greenwich),['a205'],[A2204] Ferry Approach (Both directions) at the junction of [A206] Woolwich Ferry Roundabout - The Woolwich Ferry is operating a one boat service
2025-12-30T04:06:09.979944,TIMS-222012,Works,Minimal,[A212] CATFORD HILL (SE6 ) (Lewisham),['a205'],[A212] Catford Hill (Both directions) at the junction of Beechfield Road - Two way temporary traffic lights in place to facilitate Thames Water works. 
2025-12-30T04:06:09.979944,TIMS-221773,Works,Minimal,"[A216] MITCHAM LANE (SW16 ) (Lambeth,Wandsworth)",['a23'],[A216] Mitcham Lane (Both directions) at the junction of Fernwood Avenue - Temporary signals in operation to facilitate repairs to a burst water main.
2025-12-30T04:06:09.979944,TIMS-222025,Works,Minimal,[A22] GODSTONE ROAD (CR8 ) (Croydon),['a23'],"[A22] Godstone Road (Both directions) at the junction of Station Road - Two-way temporary signals in operation near Kenley station, due to burst water main repairs. "
2025-12-30T04:06:09.979944,TIMS-220799,Works,Minimal,"[A217] OLDFIELDS ROAD (SM1 ,SM3 ) (Sutton)",['a24'],"[A217] Oldfields Road (Northbound) at the junction of Stayton Road - Lane restrictions due to a crane operation (22:00 to 05:00, nightly)."
2025-12-30T04:06:09.979944,TIMS-210389,Works,Minimal,"[A40] WESTWAY (W10 ,W12 ) (Hammersmith & Fulham,Kensington & Chelsea)",['a40'],[A40] Westway (Eastbound) at the junction of [A3220] West Cross Route - The exit slip road to the Northern Roundabout is closed to facilitate repair works. 
2025-12-30T04:06:09.979944,TIMS-222023,Works,Minimal,"[A40] WESTERN AVENUE (HA4 ,UB10 ) (Hillingdon)",['a40'],"[A40] Western Avenue (Westbound) at the junction of [A4180] West End Road - Lane one (of three) closure after the onslip from Polish War Memorial, due to urgent water main repairs. "
2025-12-30T04:06:09.979944,TIMS-222045,Collisions,Minimal,[A41] WATFORD WAY (NW4 ) (Barnet),['a41'],[A41] Watford Way (Southbound) at the junction of Vivian Avenue - The central reservation has been damaged due to an earlier collision.
2025-12-30T04:06:09.979944,TIMS-222029,Works,Minimal,"[A1203] THE HIGHWAY (E1 ,E1W ) (Tower Hamlets)",['city route'],"[A1203] The Highway (Westbound) at the junction of [A1202] Dock Street - Lane closure due to urgent UKPN cable repairs.
"
2025-12-30T04:06:09.979944,TIMS-212391,Works,Minimal,[A4020] UXBRIDGE ROAD (W12 ) (Hammersmith & Fulham),[],[A4020] Uxbridge Road (Both directions) at the junction of [A402] Shepherds Bush Green - Restrictions in place in various locations on Uxbridge Road and Shepherds Bush Green due to C34 cycle lane scheme works.
2025-12-30T04:06:09.979944,TIMS-220784,Works,Minimal,"[A1205] BURDETT ROAD (E1 ,E14 ,E3 ) (Tower Hamlets)",[],"[A1205] Burdett Road (Both directions) at the junction of [B140] St Pauls Way - Temporary traffic signals lane restrictions in use to facilitate Thames Water works. In addition, no access to St Paul's Way."
2025-12-30T04:06:09.979944,TIMS-221831,Works,Minimal,"PECKHAM RYE (SE15 ,SE22 ) (Southwark)",[],Peckham Rye (All directions) at the junction of [A2214] Nunhead Lane - Temporary traffic signals are in place to facilitate ermergency SGN works.
2025-12-30T04:06:09.979944,TIMS-219173,Works,Minimal,[A219] WOOD LANE (W12 ) (Hammersmith & Fulham),[],[A219] Wood Lane (Both directions) at the junction of [A40] Westway - Various carriageway and footway restrictions in place to facilitate Cycle Superhighway works.
2025-12-30T04:06:09.979944,TIMS-217012,Works,Minimal,[A206] WOOLWICH ROAD (SE7 ) (Greenwich),[],[A206] Woolwich Road (Both directions) between Anchor & Hope Lane and John Wilson Street. - Lane restrictions to facilitate the construction of a segregated cycle lane. 
2025-12-30T04:06:09.979944,TIMS-216723,Works,Minimal,"TILLING ROAD (NW2 ,NW4 ) (Barnet)",[],Tilling Road (All approaches) at the junction of Claremont Road. - Temporary traffic signals in place to facilitate roadworks. 
2025-12-30T04:06:09.979944,TIMS-213362,Works,Minimal,"[A107] MARE STREET (E8 ,E9 ) (Hackney)",[],"[A107] Mare Street (Both directions) between [A1207] Graham Road and [A107] Amhurst Road - Road is closed to facilitate urban realm works. Additionally, temporary signals are in place at the junction of Graham Road."
2025-12-30T04:06:09.979944,TIMS-221963,Works,Minimal,JAIL LANE (TN16 ) (Bromley),[],Jail Lane (Both directions) at the junction of Old Tye Avenue - Road closed to facilitate Thames Water works. 
2025-12-30T04:06:09.979944,TIMS-221854,Works,Minimal,"[A20] ELTHAM ROAD (SE12 ,SE3 ) (Greenwich,Lewisham)",['a20'],[A20] Eltham Road (Westbound) at the junction of Cambridge Drive - Lane restrictions to be implemented to facilitate SGN works. 
2025-12-30T04:06:09.979944,TIMS-221700,Works,Minimal,[A205] WALDRAM CRESCENT (SE23 ) (Lewisham),['a205'],[A205] Waldram Crescent (Both directions) at the junction of Stanstead Road - Contra-flow in operation to facilitate SGN works.
2025-12-30T04:06:09.979944,TIMS-221978,Works,Minimal,"[A3] BATTERSEA RISE (SW11 ,SW18 ) (Wandsworth)",['a205'],[A3] Battersea Rise (Both directions) at the junction of Bolingbroke Grove - There are 2-way temporary traffic lights at this location for Thames Water works. 
2025-12-30T04:06:09.979944,TIMS-209852,Works,Minimal,"[A3205] NINE ELMS LANE (SW11 ,SW8 ) (Lambeth,Wandsworth)","['a3', 'inner ring']",[A3205] Nine Elms Lane (Both directions) at the junction of Ponton Road - Lane closures in place to facilitate Urban Realm Works.
2025-12-30T04:06:09.979944,TIMS-222046,Collisions,Minimal,"[A4] TALGARTH ROAD (W14 ,W6 ) (Hammersmith & Fulham)",['a4'],[A4] Talgarth Road (Eastbound) at the junction of Gliddon Road - The road is closed due to a collision.
2025-12-30T04:06:09.979944,TIMS-220695,Works,Minimal,"[A41] FINCHLEY ROAD (NW3 ,NW6 ,NW8 ) (Camden)",['a41'],[A41] Finchley Road (Southbound) at the junction of [B511] College Crescent - Lanes one and two (of three) closed to facilitate emergency Thames Water works.
2025-12-30T04:06:09.979944,TIMS-221816,Works,Minimal,[A302] GROSVENOR GARDENS (SW1W ) (Westminster),['inner ring'],[A302] Grosvenor Gardens (Southbound) at the junction of [A302] Victoria Street - The right turn from Buckingham Palace Road into Grosvenor Gardens has been closed due to emergency repairs by Cadent Gas.
2025-12-30T04:06:09.979944,TIMS-221911,Works,Minimal,SELBORNE ROAD (E17 ) (Waltham Forest),[],Selborne Road (Both directions) at the junction of Vernon Road - Temporary traffic signals in operation to facilitate Thames Water works. 
2025-12-30T04:06:09.979944,TIMS-221806,Planned events,Minimal,"[A301] WATERLOO BRIDGE (SE1 ,WC2N ,WC2R ) (Lambeth,Westminster)",[],[A301] Waterloo Bridge (All directions) between [A3211] Victoria Embankment and [A301] Waterloo Road - The road will be closed to facilitate the build for New Year's Eve celebrations. 
2025-12-30T04:06:09.979944,TIMS-221797,Planned events,Minimal,HORSE GUARDS AVENUE (SW1A ) (Westminster),[],Horse Guards Avenue (Both directions) between [A3211] Victoria Embankment and Whitehall Court - The road will be closed to facilitate the build for New Year's Eve celebrations. 
2025-12-30T04:06:09.979944,TIMS-220134,Works,Minimal,"[A206] WOOLWICH CHURCH STREET (SE18 ,SE7 ) (Greenwich)",[],[A206] Woolwich Church Street (Westbound) at the junction of Warspite Road - Lane restriction due to ongoing cycle scheme works.
2025-12-30T04:06:09.979944,TIMS-219993,Works,Minimal,[A200] LOWER ROAD (SE16 ) (Southwark),[],[A200] Lower Road (Both directions) at the junction of Gomm Road - Temporary traffic signals to be implemented to facilitate cable works. 
2025-12-30T04:06:09.979944,TIMS-219885,Works,Minimal,"[A1205] BURDETT ROAD (E1 ,E3 ) (Tower Hamlets)",[],[A1205] Burdett Road (Both directions) at the junction of [A11] Mile End Road - Lane restrictions in place to facilitate Thames Water works.
2025-12-30T04:06:09.979944,TIMS-218924,Works,Minimal,[A206] WOOLWICH CHURCH STREET (SE18 ) (Greenwich),[],[A206] Woolwich Church Street (Both directions) at the junction of [A206] Woolwich Ferry Roundabout - Various restrictions in place to facilitate cycle lane works.
2025-12-30T04:06:09.979944,TIMS-222027,Works,Minimal,"[B212] STRATHEDEN ROAD (SE3 ) (Greenwich,Lewisham)",[],Thames Water works - [B212] Stratheden Road (Both directions) at the junction of [A2] Shooters Hill Road - The road is closed due to Thames Water works. 
2025-12-30T04:06:09.979944,TIMS-215004,Works,Minimal,"DU CANE ROAD (W12 ,W3 ) (Hammersmith & Fulham)",[],Du Cane Road (Both directions) at the junction of Hilary Road - Two-way temporary traffic signals are in operation for bridge works.
2025-12-30T04:06:09.979944,TIMS-221820,Planned events,Minimal,"[A4200] KINGSWAY (WC1V ,WC2A ,WC2B ) (Camden,Westminster)",[],[A4200] Kingsway (Both directions) between [A40] High Holborn and Parker Street - Multiple road closures will be in place to facilitate the build for New Years Celebrations. 
2025-12-30T04:06:09.979944,TIMS-221720,Works,Minimal,"[A112] PRINCE REGENT LANE (E13 ,E16 ) (Newham)",[],[A112] Prince Regent Lane (Northbound) at the junction of Churchill Road - Road closed northbound due to emergency Thames Water works.
2025-12-30T04:48:11.821972,TIMS-206772,Works,Moderate,"[A12] EASTERN AVENUE EAST (RM2 ,RM3 ) (Havering)",['a12'],"Gallows Corner Flyover Refurbishment - [A12] Eastern Avenue East (All directions) at the junction of [A12] Colchester Road - Various restrictions, to facilitate the refurbishment of Gallows Corner Flyover. Full closure of the Flyover and the roundabout including all approaches in place."
2025-12-30T04:48:11.821972,TIMS-213893,Works,Moderate,"[A23] STREATHAM HILL (SW16 ,SW2 ) (Lambeth)",['a23'],"[A23] Streatham Hill (Both directions) between [A205] Christchurch Road and Leigham Court Road - Various restrictions for TfL works. Lane restrictions, in place over the course of the works. On 15/02/2026, 16/02/2026, 17/05/2026, 18/05/2026 there will be a full overnight closure. "
2025-12-30T04:48:11.821972,TIMS-200007,Works,Moderate,"KING WILLIAM STREET (EC3V,EC4N,EC4R) (City of London)",['bishopsgate cross route'],King William Street (Southbound) at the junction of Lombard Street - Road closed to facilitate urban realm works.
2025-12-30T04:48:11.821972,TIMS-216408,Works,Moderate,[A400] HAMPSTEAD ROAD (NW1 ) (Camden),['inner ring'],[A400] Hampstead Road (Both directions) at the junction of Robert Street - Temporary traffic signals and lane restrictions are in place for HS2 works.
2025-12-30T04:48:11.821972,TIMS-204461,Works,Moderate,"[A3203] LAMBETH BRIDGE (SE1 ,SW1P ) (Lambeth,Westminster)",['southern river route'],[A3203] Lambeth Bridge (Eastbound) between [A3036] A 3036 and [A3212] Millbank - Lane restrictions are in place at either side of the bridge for junction improvement works.
2025-12-30T04:48:11.821972,TIMS-221134,Network delays,Moderate,"[A101] ROTHERHITHE TUNNEL (E1W ,SE16 ) (Southwark,Tower Hamlets)",['southern river route'],"[A101] Rotherhithe Tunnel (Both directions) between [A200] Jamaica Road and [A13] Commercial Road - The Tunnel may be subject to short, intermittent closures"
2025-12-30T04:48:11.821972,TIMS-220472,Hazards,Moderate,"[A4200] SOUTHAMPTON ROW (WC1A ,WC1B ,WC1N ,WC1V ) (Camden)",[],[A4200] Southampton Row (Both directions) between [A40] High Holborn and [A40] Vernon Place - The road is closed due to emergency UKPN works. Vernon Place westbound bus lane is also closed. 
2025-12-30T04:48:11.821972,TIMS-222012,Works,Minimal,[A212] CATFORD HILL (SE6 ) (Lewisham),['a205'],[A212] Catford Hill (Both directions) at the junction of Beechfield Road - Two way temporary traffic lights in place to facilitate Thames Water works. 
2025-12-30T04:48:11.821972,TIMS-221961,Network delays,Minimal,[A2204] FERRY APPROACH (SE18 ) (Greenwich),['a205'],[A2204] Ferry Approach (Both directions) at the junction of [A206] Woolwich Ferry Roundabout - The Woolwich Ferry is operating a one boat service
2025-12-30T04:48:11.821972,TIMS-221957,Works,Minimal,[A3] WANDSWORTH HIGH STREET (SW18 ) (Wandsworth),['a205'],[A3] Wandsworth High Street (Both directions) between [A3] West Hill and [A3] East Hill - Road closures in place due to a burst water main. 
2025-12-30T04:48:11.821972,TIMS-222025,Works,Minimal,[A22] GODSTONE ROAD (CR8 ) (Croydon),['a23'],"[A22] Godstone Road (Both directions) at the junction of Station Road - Two-way temporary signals in operation near Kenley station, due to burst water main repairs. "
2025-12-30T04:48:11.821972,TIMS-221773,Works,Minimal,"[A216] MITCHAM LANE (SW16 ) (Lambeth,Wandsworth)",['a23'],[A216] Mitcham Lane (Both directions) at the junction of Fernwood Avenue - Temporary signals in operation to facilitate repairs to a burst water main.
2025-12-30T04:48:11.821972,TIMS-220799,Works,Minimal,"[A217] OLDFIELDS ROAD (SM1 ,SM3 ) (Sutton)",['a24'],"[A217] Oldfields Road (Northbound) at the junction of Stayton Road - Lane restrictions due to a crane operation (22:00 to 05:00, nightly)."
2025-12-30T04:48:11.821972,TIMS-222023,Works,Minimal,"[A40] WESTERN AVENUE (HA4 ,UB10 ) (Hillingdon)",['a40'],"[A40] Western Avenue (Westbound) at the junction of [A4180] West End Road - Lane one (of three) closure after the onslip from Polish War Memorial, due to urgent water main repairs. "
2025-12-30T04:48:11.821972,TIMS-210389,Works,Minimal,"[A40] WESTWAY (W10 ,W12 ) (Hammersmith & Fulham,Kensington & Chelsea)",['a40'],[A40] Westway (Eastbound) at the junction of [A3220] West Cross Route - The exit slip road to the Northern Roundabout is closed to facilitate repair works. 
2025-12-30T04:48:11.821972,TIMS-222045,Collisions,Minimal,[A41] WATFORD WAY (NW4 ) (Barnet),['a41'],[A41] Watford Way (Southbound) at the junction of Vivian Avenue - The central reservation has been damaged due to an earlier collision.
2025-12-30T04:48:11.821972,TIMS-222029,Works,Minimal,"[A1203] THE HIGHWAY (E1 ,E1W ) (Tower Hamlets)",['city route'],"[A1203] The Highway (Westbound) at the junction of [A1202] Dock Street - Lane closure due to urgent UKPN cable repairs.
"
2025-12-30T04:48:11.821972,TIMS-219173,Works,Minimal,[A219] WOOD LANE (W12 ) (Hammersmith & Fulham),[],[A219] Wood Lane (Both directions) at the junction of [A40] Westway - Various carriageway and footway restrictions in place to facilitate Cycle Superhighway works.
2025-12-30T04:48:11.821972,TIMS-217012,Works,Minimal,[A206] WOOLWICH ROAD (SE7 ) (Greenwich),[],[A206] Woolwich Road (Both directions) between Anchor & Hope Lane and John Wilson Street. - Lane restrictions to facilitate the construction of a segregated cycle lane. 
2025-12-30T04:48:11.821972,TIMS-220784,Works,Minimal,"[A1205] BURDETT ROAD (E1 ,E14 ,E3 ) (Tower Hamlets)",[],"[A1205] Burdett Road (Both directions) at the junction of [B140] St Pauls Way - Temporary traffic signals lane restrictions in use to facilitate Thames Water works. In addition, no access to St Paul's Way."
2025-12-30T04:48:11.821972,TIMS-216723,Works,Minimal,"TILLING ROAD (NW2 ,NW4 ) (Barnet)",[],Tilling Road (All approaches) at the junction of Claremont Road. - Temporary traffic signals in place to facilitate roadworks. 
2025-12-30T04:48:11.821972,TIMS-221963,Works,Minimal,JAIL LANE (TN16 ) (Bromley),[],Jail Lane (Both directions) at the junction of Old Tye Avenue - Road closed to facilitate Thames Water works. 
2025-12-30T04:48:11.821972,TIMS-212391,Works,Minimal,[A4020] UXBRIDGE ROAD (W12 ) (Hammersmith & Fulham),[],[A4020] Uxbridge Road (Both directions) at the junction of [A402] Shepherds Bush Green - Restrictions in place in various locations on Uxbridge Road and Shepherds Bush Green due to C34 cycle lane scheme works.
2025-12-30T04:48:11.821972,TIMS-213362,Works,Minimal,"[A107] MARE STREET (E8 ,E9 ) (Hackney)",[],"[A107] Mare Street (Both directions) between [A1207] Graham Road and [A107] Amhurst Road - Road is closed to facilitate urban realm works. Additionally, temporary signals are in place at the junction of Graham Road."
2025-12-30T04:48:11.821972,TIMS-221831,Works,Minimal,"PECKHAM RYE (SE15 ,SE22 ) (Southwark)",[],Peckham Rye (All directions) at the junction of [A2214] Nunhead Lane - Temporary traffic signals are in place to facilitate ermergency SGN works.
2025-12-30T04:48:11.821972,TIMS-221854,Works,Minimal,"[A20] ELTHAM ROAD (SE12 ,SE3 ) (Greenwich,Lewisham)",['a20'],[A20] Eltham Road (Westbound) at the junction of Cambridge Drive - Lane restrictions to be implemented to facilitate SGN works. 
2025-12-30T04:48:11.821972,TIMS-221700,Works,Minimal,[A205] WALDRAM CRESCENT (SE23 ) (Lewisham),['a205'],[A205] Waldram Crescent (Both directions) at the junction of Stanstead Road - Contra-flow in operation to facilitate SGN works.
2025-12-30T04:48:11.821972,TIMS-221978,Works,Minimal,"[A3] BATTERSEA RISE (SW11 ,SW18 ) (Wandsworth)",['a205'],[A3] Battersea Rise (Both directions) at the junction of Bolingbroke Grove - There are 2-way temporary traffic lights at this location for Thames Water works. 
2025-12-30T04:48:11.821972,TIMS-209852,Works,Minimal,"[A3205] NINE ELMS LANE (SW11 ,SW8 ) (Lambeth,Wandsworth)","['a3', 'inner ring']",[A3205] Nine Elms Lane (Both directions) at the junction of Ponton Road - Lane closures in place to facilitate Urban Realm Works.
2025-12-30T04:48:11.821972,TIMS-222046,Collisions,Minimal,"[A4] TALGARTH ROAD (W14 ,W6 ) (Hammersmith & Fulham)",['a4'],[A4] Talgarth Road (Eastbound) at the junction of Gliddon Road - The road is closed due to a collision.
2025-12-30T04:48:11.821972,TIMS-220695,Works,Minimal,"[A41] FINCHLEY ROAD (NW3 ,NW6 ,NW8 ) (Camden)",['a41'],[A41] Finchley Road (Southbound) at the junction of [B511] College Crescent - Lanes one and two (of three) closed to facilitate emergency Thames Water works.
2025-12-30T04:48:11.821972,TIMS-221816,Works,Minimal,[A302] GROSVENOR GARDENS (SW1W ) (Westminster),['inner ring'],[A302] Grosvenor Gardens (Southbound) at the junction of [A302] Victoria Street - The right turn from Buckingham Palace Road into Grosvenor Gardens has been closed due to emergency repairs by Cadent Gas.
2025-12-30T04:48:11.821972,TIMS-221911,Works,Minimal,SELBORNE ROAD (E17 ) (Waltham Forest),[],Selborne Road (Both directions) at the junction of Vernon Road - Temporary traffic signals in operation to facilitate Thames Water works. 
2025-12-30T04:48:11.821972,TIMS-221806,Planned events,Minimal,"[A301] WATERLOO BRIDGE (SE1 ,WC2N ,WC2R ) (Lambeth,Westminster)",[],[A301] Waterloo Bridge (All directions) between [A3211] Victoria Embankment and [A301] Waterloo Road - The road will be closed to facilitate the build for New Year's Eve celebrations. 
2025-12-30T04:48:11.821972,TIMS-221797,Planned events,Minimal,HORSE GUARDS AVENUE (SW1A ) (Westminster),[],Horse Guards Avenue (Both directions) between [A3211] Victoria Embankment and Whitehall Court - The road will be closed to facilitate the build for New Year's Eve celebrations. 
2025-12-30T04:48:11.821972,TIMS-215004,Works,Minimal,"DU CANE ROAD (W12 ,W3 ) (Hammersmith & Fulham)",[],Du Cane Road (Both directions) at the junction of Hilary Road - Two-way temporary traffic signals are in operation for bridge works.
2025-12-30T04:48:11.821972,TIMS-221720,Works,Minimal,"[A112] PRINCE REGENT LANE (E13 ,E16 ) (Newham)",[],[A112] Prince Regent Lane (Northbound) at the junction of Churchill Road - Road closed northbound due to emergency Thames Water works.
2025-12-30T04:48:11.821972,TIMS-220134,Works,Minimal,"[A206] WOOLWICH CHURCH STREET (SE18 ,SE7 ) (Greenwich)",[],[A206] Woolwich Church Street (Westbound) at the junction of Warspite Road - Lane restriction due to ongoing cycle scheme works.
2025-12-30T04:48:11.821972,TIMS-219993,Works,Minimal,[A200] LOWER ROAD (SE16 ) (Southwark),[],[A200] Lower Road (Both directions) at the junction of Gomm Road - Temporary traffic signals to be implemented to facilitate cable works. 
2025-12-30T04:48:11.821972,TIMS-222027,Works,Minimal,"[B212] STRATHEDEN ROAD (SE3 ) (Greenwich,Lewisham)",[],Thames Water works - [B212] Stratheden Road (Both directions) at the junction of [A2] Shooters Hill Road - The road is closed due to Thames Water works. 
2025-12-30T04:48:11.821972,TIMS-219885,Works,Minimal,"[A1205] BURDETT ROAD (E1 ,E3 ) (Tower Hamlets)",[],[A1205] Burdett Road (Both directions) at the junction of [A11] Mile End Road - Lane restrictions in place to facilitate Thames Water works.
2025-12-30T04:48:11.821972,TIMS-218924,Works,Minimal,[A206] WOOLWICH CHURCH STREET (SE18 ) (Greenwich),[],[A206] Woolwich Church Street (Both directions) at the junction of [A206] Woolwich Ferry Roundabout - Various restrictions in place to facilitate cycle lane works.
2025-12-30T05:13:10.667172,TIMS-206772,Works,Moderate,"[A12] EASTERN AVENUE EAST (RM2 ,RM3 ) (Havering)",['a12'],"Gallows Corner Flyover Refurbishment - [A12] Eastern Avenue East (All directions) at the junction of [A12] Colchester Road - Various restrictions, to facilitate the refurbishment of Gallows Corner Flyover. Full closure of the Flyover and the roundabout including all approaches in place."
2025-12-30T05:13:10.667172,TIMS-213893,Works,Moderate,"[A23] STREATHAM HILL (SW16 ,SW2 ) (Lambeth)",['a23'],"[A23] Streatham Hill (Both directions) between [A205] Christchurch Road and Leigham Court Road - Various restrictions for TfL works. Lane restrictions, in place over the course of the works. On 15/02/2026, 16/02/2026, 17/05/2026, 18/05/2026 there will be a full overnight closure. "
2025-12-30T05:13:10.667172,TIMS-200007,Works,Moderate,"KING WILLIAM STREET (EC3V,EC4N,EC4R) (City of London)",['bishopsgate cross route'],King William Street (Southbound) at the junction of Lombard Street - Road closed to facilitate urban realm works.
2025-12-30T05:13:10.667172,TIMS-216408,Works,Moderate,[A400] HAMPSTEAD ROAD (NW1 ) (Camden),['inner ring'],[A400] Hampstead Road (Both directions) at the junction of Robert Street - Temporary traffic signals and lane restrictions are in place for HS2 works.
2025-12-30T05:13:10.667172,TIMS-221134,Network delays,Moderate,"[A101] ROTHERHITHE TUNNEL (E1W ,SE16 ) (Southwark,Tower Hamlets)",['southern river route'],"[A101] Rotherhithe Tunnel (Both directions) between [A200] Jamaica Road and [A13] Commercial Road - The Tunnel may be subject to short, intermittent closures"
2025-12-30T05:13:10.667172,TIMS-204461,Works,Moderate,"[A3203] LAMBETH BRIDGE (SE1 ,SW1P ) (Lambeth,Westminster)",['southern river route'],[A3203] Lambeth Bridge (Eastbound) between [A3036] A 3036 and [A3212] Millbank - Lane restrictions are in place at either side of the bridge for junction improvement works.
2025-12-30T05:13:10.667172,TIMS-220472,Hazards,Moderate,"[A4200] SOUTHAMPTON ROW (WC1A ,WC1B ,WC1N ,WC1V ) (Camden)",[],[A4200] Southampton Row (Both directions) between [A40] High Holborn and [A40] Vernon Place - The road is closed due to emergency UKPN works. Vernon Place westbound bus lane is also closed. 
2025-12-30T05:13:10.667172,TIMS-221957,Works,Minimal,[A3] WANDSWORTH HIGH STREET (SW18 ) (Wandsworth),['a205'],[A3] Wandsworth High Street (Both directions) between [A3] West Hill and [A3] East Hill - Road closures in place due to a burst water main. 
2025-12-30T05:13:10.667172,TIMS-221961,Network delays,Minimal,[A2204] FERRY APPROACH (SE18 ) (Greenwich),['a205'],[A2204] Ferry Approach (Both directions) at the junction of [A206] Woolwich Ferry Roundabout - The Woolwich Ferry is operating a one boat service
2025-12-30T05:13:10.667172,TIMS-222012,Works,Minimal,[A212] CATFORD HILL (SE6 ) (Lewisham),['a205'],[A212] Catford Hill (Both directions) at the junction of Beechfield Road - Two way temporary traffic lights in place to facilitate Thames Water works. 
2025-12-30T05:13:10.667172,TIMS-221773,Works,Minimal,"[A216] MITCHAM LANE (SW16 ) (Lambeth,Wandsworth)",['a23'],[A216] Mitcham Lane (Both directions) at the junction of Fernwood Avenue - Temporary signals in operation to facilitate repairs to a burst water main.
2025-12-30T05:13:10.667172,TIMS-222025,Works,Minimal,[A22] GODSTONE ROAD (CR8 ) (Croydon),['a23'],"[A22] Godstone Road (Both directions) at the junction of Station Road - Two-way temporary signals in operation near Kenley station, due to burst water main repairs. "
2025-12-30T05:13:10.667172,TIMS-210389,Works,Minimal,"[A40] WESTWAY (W10 ,W12 ) (Hammersmith & Fulham,Kensington & Chelsea)",['a40'],[A40] Westway (Eastbound) at the junction of [A3220] West Cross Route - The exit slip road to the Northern Roundabout is closed to facilitate repair works. 
2025-12-30T05:13:10.667172,TIMS-222023,Works,Minimal,"[A40] WESTERN AVENUE (HA4 ,UB10 ) (Hillingdon)",['a40'],"[A40] Western Avenue (Westbound) at the junction of [A4180] West End Road - Lane one (of three) closure after the onslip from Polish War Memorial, due to urgent water main repairs. "
2025-12-30T05:13:10.667172,TIMS-222045,Collisions,Minimal,[A41] WATFORD WAY (NW4 ) (Barnet),['a41'],[A41] Watford Way (Southbound) at the junction of Vivian Avenue - The central reservation has been damaged due to an earlier collision.
2025-12-30T05:13:10.667172,TIMS-222029,Works,Minimal,"[A1203] THE HIGHWAY (E1 ,E1W ) (Tower Hamlets)",['city route'],"[A1203] The Highway (Westbound) at the junction of [A1202] Dock Street - Lane closure due to urgent UKPN cable repairs.
"
2025-12-30T05:13:10.667172,TIMS-212391,Works,Minimal,[A4020] UXBRIDGE ROAD (W12 ) (Hammersmith & Fulham),[],[A4020] Uxbridge Road (Both directions) at the junction of [A402] Shepherds Bush Green - Restrictions in place in various locations on Uxbridge Road and Shepherds Bush Green due to C34 cycle lane scheme works.
2025-12-30T05:13:10.667172,TIMS-220784,Works,Minimal,"[A1205] BURDETT ROAD (E1 ,E14 ,E3 ) (Tower Hamlets)",[],"[A1205] Burdett Road (Both directions) at the junction of [B140] St Pauls Way - Temporary traffic signals lane restrictions in use to facilitate Thames Water works. In addition, no access to St Paul's Way."
2025-12-30T05:13:10.667172,TIMS-221831,Works,Minimal,"PECKHAM RYE (SE15 ,SE22 ) (Southwark)",[],Peckham Rye (All directions) at the junction of [A2214] Nunhead Lane - Temporary traffic signals are in place to facilitate ermergency SGN works.
2025-12-30T05:13:10.667172,TIMS-219173,Works,Minimal,[A219] WOOD LANE (W12 ) (Hammersmith & Fulham),[],[A219] Wood Lane (Both directions) at the junction of [A40] Westway - Various carriageway and footway restrictions in place to facilitate Cycle Superhighway works.
2025-12-30T05:13:10.667172,TIMS-217012,Works,Minimal,[A206] WOOLWICH ROAD (SE7 ) (Greenwich),[],[A206] Woolwich Road (Both directions) between Anchor & Hope Lane and John Wilson Street. - Lane restrictions to facilitate the construction of a segregated cycle lane. 
2025-12-30T05:13:10.667172,TIMS-216723,Works,Minimal,"TILLING ROAD (NW2 ,NW4 ) (Barnet)",[],Tilling Road (All approaches) at the junction of Claremont Road. - Temporary traffic signals in place to facilitate roadworks. 
2025-12-30T05:13:10.667172,TIMS-213362,Works,Minimal,"[A107] MARE STREET (E8 ,E9 ) (Hackney)",[],"[A107] Mare Street (Both directions) between [A1207] Graham Road and [A107] Amhurst Road - Road is closed to facilitate urban realm works. Additionally, temporary signals are in place at the junction of Graham Road."
2025-12-30T05:13:10.667172,TIMS-221963,Works,Minimal,JAIL LANE (TN16 ) (Bromley),[],Jail Lane (Both directions) at the junction of Old Tye Avenue - Road closed to facilitate Thames Water works. 
2025-12-30T05:13:10.667172,TIMS-221854,Works,Minimal,"[A20] ELTHAM ROAD (SE12 ,SE3 ) (Greenwich,Lewisham)",['a20'],[A20] Eltham Road (Westbound) at the junction of Cambridge Drive - Lane restrictions to be implemented to facilitate SGN works. 
2025-12-30T05:13:10.667172,TIMS-221700,Works,Minimal,[A205] WALDRAM CRESCENT (SE23 ) (Lewisham),['a205'],[A205] Waldram Crescent (Both directions) at the junction of Stanstead Road - Contra-flow in operation to facilitate SGN works.
2025-12-30T05:13:10.667172,TIMS-221978,Works,Minimal,"[A3] BATTERSEA RISE (SW11 ,SW18 ) (Wandsworth)",['a205'],[A3] Battersea Rise (Both directions) at the junction of Bolingbroke Grove - There are 2-way temporary traffic lights at this location for Thames Water works. 
2025-12-30T05:13:10.667172,TIMS-209852,Works,Minimal,"[A3205] NINE ELMS LANE (SW11 ,SW8 ) (Lambeth,Wandsworth)","['a3', 'inner ring']",[A3205] Nine Elms Lane (Both directions) at the junction of Ponton Road - Lane closures in place to facilitate Urban Realm Works.
2025-12-30T05:13:10.667172,TIMS-222046,Collisions,Minimal,"[A4] TALGARTH ROAD (W14 ,W6 ) (Hammersmith & Fulham)",['a4'],[A4] Talgarth Road (Eastbound) at the junction of Gliddon Road - The road is closed due to a collision.
2025-12-30T05:13:10.667172,TIMS-220695,Works,Minimal,"[A41] FINCHLEY ROAD (NW3 ,NW6 ,NW8 ) (Camden)",['a41'],[A41] Finchley Road (Southbound) at the junction of [B511] College Crescent - Lanes one and two (of three) closed to facilitate emergency Thames Water works.
2025-12-30T05:13:10.667172,TIMS-221816,Works,Minimal,[A302] GROSVENOR GARDENS (SW1W ) (Westminster),['inner ring'],[A302] Grosvenor Gardens (Southbound) at the junction of [A302] Victoria Street - The right turn from Buckingham Palace Road into Grosvenor Gardens has been closed due to emergency repairs by Cadent Gas.
2025-12-30T05:13:10.667172,TIMS-221911,Works,Minimal,SELBORNE ROAD (E17 ) (Waltham Forest),[],Selborne Road (Both directions) at the junction of Vernon Road - Temporary traffic signals in operation to facilitate Thames Water works. 
2025-12-30T05:13:10.667172,TIMS-221806,Planned events,Minimal,"[A301] WATERLOO BRIDGE (SE1 ,WC2N ,WC2R ) (Lambeth,Westminster)",[],[A301] Waterloo Bridge (All directions) between [A3211] Victoria Embankment and [A301] Waterloo Road - The road will be closed to facilitate the build for New Year's Eve celebrations. 
2025-12-30T05:13:10.667172,TIMS-221797,Planned events,Minimal,HORSE GUARDS AVENUE (SW1A ) (Westminster),[],Horse Guards Avenue (Both directions) between [A3211] Victoria Embankment and Whitehall Court - The road will be closed to facilitate the build for New Year's Eve celebrations. 
2025-12-30T05:13:10.667172,TIMS-220134,Works,Minimal,"[A206] WOOLWICH CHURCH STREET (SE18 ,SE7 ) (Greenwich)",[],[A206] Woolwich Church Street (Westbound) at the junction of Warspite Road - Lane restriction due to ongoing cycle scheme works.
2025-12-30T05:13:10.667172,TIMS-219993,Works,Minimal,[A200] LOWER ROAD (SE16 ) (Southwark),[],[A200] Lower Road (Both directions) at the junction of Gomm Road - Temporary traffic signals to be implemented to facilitate cable works. 
2025-12-30T05:13:10.667172,TIMS-219885,Works,Minimal,"[A1205] BURDETT ROAD (E1 ,E3 ) (Tower Hamlets)",[],[A1205] Burdett Road (Both directions) at the junction of [A11] Mile End Road - Lane restrictions in place to facilitate Thames Water works.
2025-12-30T05:13:10.667172,TIMS-218924,Works,Minimal,[A206] WOOLWICH CHURCH STREET (SE18 ) (Greenwich),[],[A206] Woolwich Church Street (Both directions) at the junction of [A206] Woolwich Ferry Roundabout - Various restrictions in place to facilitate cycle lane works.
2025-12-30T05:13:10.667172,TIMS-222027,Works,Minimal,"[B212] STRATHEDEN ROAD (SE3 ) (Greenwich,Lewisham)",[],Thames Water works - [B212] Stratheden Road (Both directions) at the junction of [A2] Shooters Hill Road - The road is closed due to Thames Water works. 
2025-12-30T05:13:10.667172,TIMS-215004,Works,Minimal,"DU CANE ROAD (W12 ,W3 ) (Hammersmith & Fulham)",[],Du Cane Road (Both directions) at the junction of Hilary Road - Two-way temporary traffic signals are in operation for bridge works.
2025-12-30T05:13:10.667172,TIMS-221720,Works,Minimal,"[A112] PRINCE REGENT LANE (E13 ,E16 ) (Newham)",[],[A112] Prince Regent Lane (Northbound) at the junction of Churchill Road - Road closed northbound due to emergency Thames Water works.
2025-12-30T05:41:45.409874,TIMS-206772,Works,Moderate,"[A12] EASTERN AVENUE EAST (RM2 ,RM3 ) (Havering)",['a12'],"Gallows Corner Flyover Refurbishment - [A12] Eastern Avenue East (All directions) at the junction of [A12] Colchester Road - Various restrictions, to facilitate the refurbishment of Gallows Corner Flyover. Full closure of the Flyover and the roundabout including all approaches in place."
2025-12-30T05:41:45.409874,TIMS-213893,Works,Moderate,"[A23] STREATHAM HILL (SW16 ,SW2 ) (Lambeth)",['a23'],"[A23] Streatham Hill (Both directions) between [A205] Christchurch Road and Leigham Court Road - Various restrictions for TfL works. Lane restrictions, in place over the course of the works. On 15/02/2026, 16/02/2026, 17/05/2026, 18/05/2026 there will be a full overnight closure. "
2025-12-30T05:41:45.409874,TIMS-200007,Works,Moderate,"KING WILLIAM STREET (EC3V,EC4N,EC4R) (City of London)",['bishopsgate cross route'],King William Street (Southbound) at the junction of Lombard Street - Road closed to facilitate urban realm works.
2025-12-30T05:41:45.409874,TIMS-216408,Works,Moderate,[A400] HAMPSTEAD ROAD (NW1 ) (Camden),['inner ring'],[A400] Hampstead Road (Both directions) at the junction of Robert Street - Temporary traffic signals and lane restrictions are in place for HS2 works.
2025-12-30T05:41:45.409874,TIMS-221134,Network delays,Moderate,"[A101] ROTHERHITHE TUNNEL (E1W ,SE16 ) (Southwark,Tower Hamlets)",['southern river route'],"[A101] Rotherhithe Tunnel (Both directions) between [A200] Jamaica Road and [A13] Commercial Road - The Tunnel may be subject to short, intermittent closures"
2025-12-30T05:41:45.409874,TIMS-204461,Works,Moderate,"[A3203] LAMBETH BRIDGE (SE1 ,SW1P ) (Lambeth,Westminster)",['southern river route'],[A3203] Lambeth Bridge (Eastbound) between [A3036] A 3036 and [A3212] Millbank - Lane restrictions are in place at either side of the bridge for junction improvement works.
2025-12-30T05:41:45.409874,TIMS-220472,Hazards,Moderate,"[A4200] SOUTHAMPTON ROW (WC1A ,WC1B ,WC1N ,WC1V ) (Camden)",[],[A4200] Southampton Row (Both directions) between [A40] High Holborn and [A40] Vernon Place - The road is closed due to emergency UKPN works. Vernon Place westbound bus lane is also closed. 
2025-12-30T05:41:45.409874,TIMS-221961,Network delays,Minimal,[A2204] FERRY APPROACH (SE18 ) (Greenwich),['a205'],[A2204] Ferry Approach (Both directions) at the junction of [A206] Woolwich Ferry Roundabout - The Woolwich Ferry is operating a one boat service
2025-12-30T05:41:45.409874,TIMS-222012,Works,Minimal,[A212] CATFORD HILL (SE6 ) (Lewisham),['a205'],[A212] Catford Hill (Both directions) at the junction of Beechfield Road - Two way temporary traffic lights in place to facilitate Thames Water works. 
2025-12-30T05:41:45.409874,TIMS-221957,Works,Minimal,[A3] WANDSWORTH HIGH STREET (SW18 ) (Wandsworth),['a205'],[A3] Wandsworth High Street (Both directions) between [A3] West Hill and [A3] East Hill - Road closures in place due to a burst water main. 
2025-12-30T05:41:45.409874,TIMS-221773,Works,Minimal,"[A216] MITCHAM LANE (SW16 ) (Lambeth,Wandsworth)",['a23'],[A216] Mitcham Lane (Both directions) at the junction of Fernwood Avenue - Temporary signals in operation to facilitate repairs to a burst water main.
2025-12-30T05:41:45.409874,TIMS-222025,Works,Minimal,[A22] GODSTONE ROAD (CR8 ) (Croydon),['a23'],"[A22] Godstone Road (Both directions) at the junction of Station Road - Two-way temporary signals in operation near Kenley station, due to burst water main repairs. "
2025-12-30T05:41:45.409874,TIMS-222023,Works,Minimal,"[A40] WESTERN AVENUE (HA4 ,UB10 ) (Hillingdon)",['a40'],"[A40] Western Avenue (Westbound) at the junction of [A4180] West End Road - Lane one (of three) closure after the onslip from Polish War Memorial, due to urgent water main repairs. "
2025-12-30T05:41:45.409874,TIMS-210389,Works,Minimal,"[A40] WESTWAY (W10 ,W12 ) (Hammersmith & Fulham,Kensington & Chelsea)",['a40'],[A40] Westway (Eastbound) at the junction of [A3220] West Cross Route - The exit slip road to the Northern Roundabout is closed to facilitate repair works. 
2025-12-30T05:41:45.409874,TIMS-222045,Collisions,Minimal,[A41] WATFORD WAY (NW4 ) (Barnet),['a41'],[A41] Watford Way (Southbound) at the junction of Vivian Avenue - The central reservation has been damaged due to an earlier collision.
2025-12-30T05:41:45.409874,TIMS-222029,Works,Minimal,"[A1203] THE HIGHWAY (E1 ,E1W ) (Tower Hamlets)",['city route'],"[A1203] The Highway (Westbound) at the junction of [A1202] Dock Street - Lane closure due to urgent UKPN cable repairs.
"
2025-12-30T05:41:45.409874,TIMS-221831,Works,Minimal,"PECKHAM RYE (SE15 ,SE22 ) (Southwark)",[],Peckham Rye (All directions) at the junction of [A2214] Nunhead Lane - Temporary traffic signals are in place to facilitate ermergency SGN works.
2025-12-30T05:41:45.409874,TIMS-221963,Works,Minimal,JAIL LANE (TN16 ) (Bromley),[],Jail Lane (Both directions) at the junction of Old Tye Avenue - Road closed to facilitate Thames Water works. 
2025-12-30T05:41:45.409874,TIMS-220784,Works,Minimal,"[A1205] BURDETT ROAD (E1 ,E14 ,E3 ) (Tower Hamlets)",[],"[A1205] Burdett Road (Both directions) at the junction of [B140] St Pauls Way - Temporary traffic signals lane restrictions in use to facilitate Thames Water works. In addition, no access to St Paul's Way."
2025-12-30T05:41:45.409874,TIMS-216723,Works,Minimal,"TILLING ROAD (NW2 ,NW4 ) (Barnet)",[],Tilling Road (All approaches) at the junction of Claremont Road. - Temporary traffic signals in place to facilitate roadworks. 
2025-12-30T05:41:45.409874,TIMS-213362,Works,Minimal,"[A107] MARE STREET (E8 ,E9 ) (Hackney)",[],"[A107] Mare Street (Both directions) between [A1207] Graham Road and [A107] Amhurst Road - Road is closed to facilitate urban realm works. Additionally, temporary signals are in place at the junction of Graham Road."
2025-12-30T05:41:45.409874,TIMS-219173,Works,Minimal,[A219] WOOD LANE (W12 ) (Hammersmith & Fulham),[],[A219] Wood Lane (Both directions) at the junction of [A40] Westway - Various carriageway and footway restrictions in place to facilitate Cycle Superhighway works.
2025-12-30T05:41:45.409874,TIMS-217012,Works,Minimal,[A206] WOOLWICH ROAD (SE7 ) (Greenwich),[],[A206] Woolwich Road (Both directions) between Anchor & Hope Lane and John Wilson Street. - Lane restrictions to facilitate the construction of a segregated cycle lane. 
2025-12-30T05:41:45.409874,TIMS-212391,Works,Minimal,[A4020] UXBRIDGE ROAD (W12 ) (Hammersmith & Fulham),[],[A4020] Uxbridge Road (Both directions) at the junction of [A402] Shepherds Bush Green - Restrictions in place in various locations on Uxbridge Road and Shepherds Bush Green due to C34 cycle lane scheme works.
2025-12-30T05:41:45.409874,TIMS-221854,Works,Minimal,"[A20] ELTHAM ROAD (SE12 ,SE3 ) (Greenwich,Lewisham)",['a20'],[A20] Eltham Road (Westbound) at the junction of Cambridge Drive - Lane restrictions to be implemented to facilitate SGN works. 
2025-12-30T05:41:45.409874,TIMS-221700,Works,Minimal,[A205] WALDRAM CRESCENT (SE23 ) (Lewisham),['a205'],[A205] Waldram Crescent (Both directions) at the junction of Stanstead Road - Contra-flow in operation to facilitate SGN works.
2025-12-30T05:41:45.409874,TIMS-221978,Works,Minimal,"[A3] BATTERSEA RISE (SW11 ,SW18 ) (Wandsworth)",['a205'],[A3] Battersea Rise (Both directions) at the junction of Bolingbroke Grove - There are 2-way temporary traffic lights at this location for Thames Water works. 
2025-12-30T05:41:45.409874,TIMS-209852,Works,Minimal,"[A3205] NINE ELMS LANE (SW11 ,SW8 ) (Lambeth,Wandsworth)","['a3', 'inner ring']",[A3205] Nine Elms Lane (Both directions) at the junction of Ponton Road - Lane closures in place to facilitate Urban Realm Works.
2025-12-30T05:41:45.409874,TIMS-220695,Works,Minimal,"[A41] FINCHLEY ROAD (NW3 ,NW6 ,NW8 ) (Camden)",['a41'],[A41] Finchley Road (Southbound) at the junction of [B511] College Crescent - Lanes one and two (of three) closed to facilitate emergency Thames Water works.
2025-12-30T05:41:45.409874,TIMS-221816,Works,Minimal,[A302] GROSVENOR GARDENS (SW1W ) (Westminster),['inner ring'],[A302] Grosvenor Gardens (Southbound) at the junction of [A302] Victoria Street - The right turn from Buckingham Palace Road into Grosvenor Gardens has been closed due to emergency repairs by Cadent Gas.
2025-12-30T05:41:45.409874,TIMS-222027,Works,Minimal,"[B212] STRATHEDEN ROAD (SE3 ) (Greenwich,Lewisham)",[],Thames Water works - [B212] Stratheden Road (Both directions) at the junction of [A2] Shooters Hill Road - The road is closed due to Thames Water works. 
2025-12-30T05:41:45.409874,TIMS-221720,Works,Minimal,"[A112] PRINCE REGENT LANE (E13 ,E16 ) (Newham)",[],[A112] Prince Regent Lane (Northbound) at the junction of Churchill Road - Road closed northbound due to emergency Thames Water works.
2025-12-30T05:41:45.409874,TIMS-221806,Planned events,Minimal,"[A301] WATERLOO BRIDGE (SE1 ,WC2N ,WC2R ) (Lambeth,Westminster)",[],[A301] Waterloo Bridge (All directions) between [A3211] Victoria Embankment and [A301] Waterloo Road - The road will be closed to facilitate the build for New Year's Eve celebrations. 
2025-12-30T05:41:45.409874,TIMS-221797,Planned events,Minimal,HORSE GUARDS AVENUE (SW1A ) (Westminster),[],Horse Guards Avenue (Both directions) between [A3211] Victoria Embankment and Whitehall Court - The road will be closed to facilitate the build for New Year's Eve celebrations. 
2025-12-30T05:41:45.409874,TIMS-220134,Works,Minimal,"[A206] WOOLWICH CHURCH STREET (SE18 ,SE7 ) (Greenwich)",[],[A206] Woolwich Church Street (Westbound) at the junction of Warspite Road - Lane restriction due to ongoing cycle scheme works.
2025-12-30T05:41:45.409874,TIMS-219993,Works,Minimal,[A200] LOWER ROAD (SE16 ) (Southwark),[],[A200] Lower Road (Both directions) at the junction of Gomm Road - Temporary traffic signals to be implemented to facilitate cable works. 
2025-12-30T05:41:45.409874,TIMS-219885,Works,Minimal,"[A1205] BURDETT ROAD (E1 ,E3 ) (Tower Hamlets)",[],[A1205] Burdett Road (Both directions) at the junction of [A11] Mile End Road - Lane restrictions in place to facilitate Thames Water works.
2025-12-30T05:41:45.409874,TIMS-218924,Works,Minimal,[A206] WOOLWICH CHURCH STREET (SE18 ) (Greenwich),[],[A206] Woolwich Church Street (Both directions) at the junction of [A206] Woolwich Ferry Roundabout - Various restrictions in place to facilitate cycle lane works.
2025-12-30T05:41:45.409874,TIMS-215004,Works,Minimal,"DU CANE ROAD (W12 ,W3 ) (Hammersmith & Fulham)",[],Du Cane Road (Both directions) at the junction of Hilary Road - Two-way temporary traffic signals are in operation for bridge works.
2025-12-30T05:41:45.409874,TIMS-221911,Works,Minimal,SELBORNE ROAD (E17 ) (Waltham Forest),[],Selborne Road (Both directions) at the junction of Vernon Road - Temporary traffic signals in operation to facilitate Thames Water works. 
2025-12-30T05:41:45.409874,TIMS-222047,Collisions,Minimal,[A232] CHEAM ROAD (SM1 ) (Sutton),[],[A232] Cheam Road (Both directions) at the junction of [A232] Carshalton Road - Road has been closed following a collision. 
2025-12-30T05:54:57.364944,TIMS-206772,Works,Moderate,"[A12] EASTERN AVENUE EAST (RM2 ,RM3 ) (Havering)",['a12'],"Gallows Corner Flyover Refurbishment - [A12] Eastern Avenue East (All directions) at the junction of [A12] Colchester Road - Various restrictions, to facilitate the refurbishment of Gallows Corner Flyover. Full closure of the Flyover and the roundabout including all approaches in place."
2025-12-30T05:54:57.364944,TIMS-213893,Works,Moderate,"[A23] STREATHAM HILL (SW16 ,SW2 ) (Lambeth)",['a23'],"[A23] Streatham Hill (Both directions) between [A205] Christchurch Road and Leigham Court Road - Various restrictions for TfL works. Lane restrictions, in place over the course of the works. On 15/02/2026, 16/02/2026, 17/05/2026, 18/05/2026 there will be a full overnight closure. "
2025-12-30T05:54:57.364944,TIMS-200007,Works,Moderate,"KING WILLIAM STREET (EC3V,EC4N,EC4R) (City of London)",['bishopsgate cross route'],King William Street (Southbound) at the junction of Lombard Street - Road closed to facilitate urban realm works.
2025-12-30T05:54:57.364944,TIMS-216408,Works,Moderate,[A400] HAMPSTEAD ROAD (NW1 ) (Camden),['inner ring'],[A400] Hampstead Road (Both directions) at the junction of Robert Street - Temporary traffic signals and lane restrictions are in place for HS2 works.
2025-12-30T05:54:57.364944,TIMS-221134,Network delays,Moderate,"[A101] ROTHERHITHE TUNNEL (E1W ,SE16 ) (Southwark,Tower Hamlets)",['southern river route'],"[A101] Rotherhithe Tunnel (Both directions) between [A200] Jamaica Road and [A13] Commercial Road - The Tunnel may be subject to short, intermittent closures"
2025-12-30T05:54:57.364944,TIMS-204461,Works,Moderate,"[A3203] LAMBETH BRIDGE (SE1 ,SW1P ) (Lambeth,Westminster)",['southern river route'],[A3203] Lambeth Bridge (Eastbound) between [A3036] A 3036 and [A3212] Millbank - Lane restrictions are in place at either side of the bridge for junction improvement works.
2025-12-30T05:54:57.364944,TIMS-220472,Hazards,Moderate,"[A4200] SOUTHAMPTON ROW (WC1A ,WC1B ,WC1N ,WC1V ) (Camden)",[],[A4200] Southampton Row (Both directions) between [A40] High Holborn and [A40] Vernon Place - The road is closed due to emergency UKPN works. Vernon Place westbound bus lane is also closed. 
2025-12-30T05:54:57.364944,TIMS-221961,Network delays,Minimal,[A2204] FERRY APPROACH (SE18 ) (Greenwich),['a205'],[A2204] Ferry Approach (Both directions) at the junction of [A206] Woolwich Ferry Roundabout - The Woolwich Ferry is operating a one boat service
2025-12-30T05:54:57.364944,TIMS-222012,Works,Minimal,[A212] CATFORD HILL (SE6 ) (Lewisham),['a205'],[A212] Catford Hill (Both directions) at the junction of Beechfield Road - Two way temporary traffic lights in place to facilitate Thames Water works. 
2025-12-30T05:54:57.364944,TIMS-221957,Works,Minimal,[A3] WANDSWORTH HIGH STREET (SW18 ) (Wandsworth),['a205'],[A3] Wandsworth High Street (Both directions) between [A3] West Hill and [A3] East Hill - Road closures in place due to a burst water main. 
2025-12-30T05:54:57.364944,TIMS-221773,Works,Minimal,"[A216] MITCHAM LANE (SW16 ) (Lambeth,Wandsworth)",['a23'],[A216] Mitcham Lane (Both directions) at the junction of Fernwood Avenue - Temporary signals in operation to facilitate repairs to a burst water main.
2025-12-30T05:54:57.364944,TIMS-222025,Works,Minimal,[A22] GODSTONE ROAD (CR8 ) (Croydon),['a23'],"[A22] Godstone Road (Both directions) at the junction of Station Road - Two-way temporary signals in operation near Kenley station, due to burst water main repairs. "
2025-12-30T05:54:57.364944,TIMS-222023,Works,Minimal,"[A40] WESTERN AVENUE (HA4 ,UB10 ) (Hillingdon)",['a40'],"[A40] Western Avenue (Westbound) at the junction of [A4180] West End Road - Lane one (of three) closure after the onslip from Polish War Memorial, due to urgent water main repairs. "
2025-12-30T05:54:57.364944,TIMS-210389,Works,Minimal,"[A40] WESTWAY (W10 ,W12 ) (Hammersmith & Fulham,Kensington & Chelsea)",['a40'],[A40] Westway (Eastbound) at the junction of [A3220] West Cross Route - The exit slip road to the Northern Roundabout is closed to facilitate repair works. 
2025-12-30T05:54:57.364944,TIMS-222045,Collisions,Minimal,[A41] WATFORD WAY (NW4 ) (Barnet),['a41'],[A41] Watford Way (Southbound) at the junction of Vivian Avenue - The central reservation has been damaged due to an earlier collision.
2025-12-30T05:54:57.364944,TIMS-222029,Works,Minimal,"[A1203] THE HIGHWAY (E1 ,E1W ) (Tower Hamlets)",['city route'],"[A1203] The Highway (Westbound) at the junction of [A1202] Dock Street - Lane closure due to urgent UKPN cable repairs.
"
2025-12-30T05:54:57.364944,TIMS-221831,Works,Minimal,"PECKHAM RYE (SE15 ,SE22 ) (Southwark)",[],Peckham Rye (All directions) at the junction of [A2214] Nunhead Lane - Temporary traffic signals are in place to facilitate ermergency SGN works.
2025-12-30T05:54:57.364944,TIMS-221963,Works,Minimal,JAIL LANE (TN16 ) (Bromley),[],Jail Lane (Both directions) at the junction of Old Tye Avenue - Road closed to facilitate Thames Water works. 
2025-12-30T05:54:57.364944,TIMS-220784,Works,Minimal,"[A1205] BURDETT ROAD (E1 ,E14 ,E3 ) (Tower Hamlets)",[],"[A1205] Burdett Road (Both directions) at the junction of [B140] St Pauls Way - Temporary traffic signals lane restrictions in use to facilitate Thames Water works. In addition, no access to St Paul's Way."
2025-12-30T05:54:57.364944,TIMS-216723,Works,Minimal,"TILLING ROAD (NW2 ,NW4 ) (Barnet)",[],Tilling Road (All approaches) at the junction of Claremont Road. - Temporary traffic signals in place to facilitate roadworks. 
2025-12-30T05:54:57.364944,TIMS-213362,Works,Minimal,"[A107] MARE STREET (E8 ,E9 ) (Hackney)",[],"[A107] Mare Street (Both directions) between [A1207] Graham Road and [A107] Amhurst Road - Road is closed to facilitate urban realm works. Additionally, temporary signals are in place at the junction of Graham Road."
2025-12-30T05:54:57.364944,TIMS-219173,Works,Minimal,[A219] WOOD LANE (W12 ) (Hammersmith & Fulham),[],[A219] Wood Lane (Both directions) at the junction of [A40] Westway - Various carriageway and footway restrictions in place to facilitate Cycle Superhighway works.
2025-12-30T05:54:57.364944,TIMS-217012,Works,Minimal,[A206] WOOLWICH ROAD (SE7 ) (Greenwich),[],[A206] Woolwich Road (Both directions) between Anchor & Hope Lane and John Wilson Street. - Lane restrictions to facilitate the construction of a segregated cycle lane. 
2025-12-30T05:54:57.364944,TIMS-212391,Works,Minimal,[A4020] UXBRIDGE ROAD (W12 ) (Hammersmith & Fulham),[],[A4020] Uxbridge Road (Both directions) at the junction of [A402] Shepherds Bush Green - Restrictions in place in various locations on Uxbridge Road and Shepherds Bush Green due to C34 cycle lane scheme works.
2025-12-30T05:54:57.364944,TIMS-221854,Works,Minimal,"[A20] ELTHAM ROAD (SE12 ,SE3 ) (Greenwich,Lewisham)",['a20'],[A20] Eltham Road (Westbound) at the junction of Cambridge Drive - Lane restrictions to be implemented to facilitate SGN works. 
2025-12-30T05:54:57.364944,TIMS-221700,Works,Minimal,[A205] WALDRAM CRESCENT (SE23 ) (Lewisham),['a205'],[A205] Waldram Crescent (Both directions) at the junction of Stanstead Road - Contra-flow in operation to facilitate SGN works.
2025-12-30T05:54:57.364944,TIMS-221978,Works,Minimal,"[A3] BATTERSEA RISE (SW11 ,SW18 ) (Wandsworth)",['a205'],[A3] Battersea Rise (Both directions) at the junction of Bolingbroke Grove - There are 2-way temporary traffic lights at this location for Thames Water works. 
2025-12-30T05:54:57.364944,TIMS-209852,Works,Minimal,"[A3205] NINE ELMS LANE (SW11 ,SW8 ) (Lambeth,Wandsworth)","['a3', 'inner ring']",[A3205] Nine Elms Lane (Both directions) at the junction of Ponton Road - Lane closures in place to facilitate Urban Realm Works.
2025-12-30T05:54:57.364944,TIMS-220695,Works,Minimal,"[A41] FINCHLEY ROAD (NW3 ,NW6 ,NW8 ) (Camden)",['a41'],[A41] Finchley Road (Southbound) at the junction of [B511] College Crescent - Lanes one and two (of three) closed to facilitate emergency Thames Water works.
2025-12-30T05:54:57.364944,TIMS-221816,Works,Minimal,[A302] GROSVENOR GARDENS (SW1W ) (Westminster),['inner ring'],[A302] Grosvenor Gardens (Southbound) at the junction of [A302] Victoria Street - The right turn from Buckingham Palace Road into Grosvenor Gardens has been closed due to emergency repairs by Cadent Gas.
2025-12-30T05:54:57.364944,TIMS-222027,Works,Minimal,"[B212] STRATHEDEN ROAD (SE3 ) (Greenwich,Lewisham)",[],Thames Water works - [B212] Stratheden Road (Both directions) at the junction of [A2] Shooters Hill Road - The road is closed due to Thames Water works. 
2025-12-30T05:54:57.364944,TIMS-221720,Works,Minimal,"[A112] PRINCE REGENT LANE (E13 ,E16 ) (Newham)",[],[A112] Prince Regent Lane (Northbound) at the junction of Churchill Road - Road closed northbound due to emergency Thames Water works.
2025-12-30T05:54:57.364944,TIMS-221806,Planned events,Minimal,"[A301] WATERLOO BRIDGE (SE1 ,WC2N ,WC2R ) (Lambeth,Westminster)",[],[A301] Waterloo Bridge (All directions) between [A3211] Victoria Embankment and [A301] Waterloo Road - The road will be closed to facilitate the build for New Year's Eve celebrations. 
2025-12-30T05:54:57.364944,TIMS-221797,Planned events,Minimal,HORSE GUARDS AVENUE (SW1A ) (Westminster),[],Horse Guards Avenue (Both directions) between [A3211] Victoria Embankment and Whitehall Court - The road will be closed to facilitate the build for New Year's Eve celebrations. 
2025-12-30T05:54:57.364944,TIMS-220134,Works,Minimal,"[A206] WOOLWICH CHURCH STREET (SE18 ,SE7 ) (Greenwich)",[],[A206] Woolwich Church Street (Westbound) at the junction of Warspite Road - Lane restriction due to ongoing cycle scheme works.
2025-12-30T05:54:57.364944,TIMS-219993,Works,Minimal,[A200] LOWER ROAD (SE16 ) (Southwark),[],[A200] Lower Road (Both directions) at the junction of Gomm Road - Temporary traffic signals to be implemented to facilitate cable works. 
2025-12-30T05:54:57.364944,TIMS-219885,Works,Minimal,"[A1205] BURDETT ROAD (E1 ,E3 ) (Tower Hamlets)",[],[A1205] Burdett Road (Both directions) at the junction of [A11] Mile End Road - Lane restrictions in place to facilitate Thames Water works.
2025-12-30T05:54:57.364944,TIMS-218924,Works,Minimal,[A206] WOOLWICH CHURCH STREET (SE18 ) (Greenwich),[],[A206] Woolwich Church Street (Both directions) at the junction of [A206] Woolwich Ferry Roundabout - Various restrictions in place to facilitate cycle lane works.
2025-12-30T05:54:57.364944,TIMS-215004,Works,Minimal,"DU CANE ROAD (W12 ,W3 ) (Hammersmith & Fulham)",[],Du Cane Road (Both directions) at the junction of Hilary Road - Two-way temporary traffic signals are in operation for bridge works.
2025-12-30T05:54:57.364944,TIMS-221911,Works,Minimal,SELBORNE ROAD (E17 ) (Waltham Forest),[],Selborne Road (Both directions) at the junction of Vernon Road - Temporary traffic signals in operation to facilitate Thames Water works. 
2025-12-30T05:54:57.364944,TIMS-222047,Collisions,Minimal,[A232] CHEAM ROAD (SM1 ) (Sutton),[],[A232] Cheam Road (Both directions) at the junction of [A232] Carshalton Road - Road has been closed following a collision. 
2025-12-30T06:22:50.439016,TIMS-206772,Works,Moderate,"[A12] EASTERN AVENUE EAST (RM2 ,RM3 ) (Havering)",['a12'],"Gallows Corner Flyover Refurbishment - [A12] Eastern Avenue East (All directions) at the junction of [A12] Colchester Road - Various restrictions, to facilitate the refurbishment of Gallows Corner Flyover. Full closure of the Flyover and the roundabout including all approaches in place."
2025-12-30T06:22:50.439016,TIMS-213893,Works,Moderate,"[A23] STREATHAM HILL (SW16 ,SW2 ) (Lambeth)",['a23'],"[A23] Streatham Hill (Both directions) between [A205] Christchurch Road and Leigham Court Road - Various restrictions for TfL works. Lane restrictions, in place over the course of the works. On 15/02/2026, 16/02/2026, 17/05/2026, 18/05/2026 there will be a full overnight closure. "
2025-12-30T06:22:50.439016,TIMS-200007,Works,Moderate,"KING WILLIAM STREET (EC3V,EC4N,EC4R) (City of London)",['bishopsgate cross route'],King William Street (Southbound) at the junction of Lombard Street - Road closed to facilitate urban realm works.
2025-12-30T06:22:50.439016,TIMS-216408,Works,Moderate,[A400] HAMPSTEAD ROAD (NW1 ) (Camden),['inner ring'],[A400] Hampstead Road (Both directions) at the junction of Robert Street - Temporary traffic signals and lane restrictions are in place for HS2 works.
2025-12-30T06:22:50.439016,TIMS-221134,Network delays,Moderate,"[A101] ROTHERHITHE TUNNEL (E1W ,SE16 ) (Southwark,Tower Hamlets)",['southern river route'],"[A101] Rotherhithe Tunnel (Both directions) between [A200] Jamaica Road and [A13] Commercial Road - The Tunnel may be subject to short, intermittent closures"
2025-12-30T06:22:50.439016,TIMS-204461,Works,Moderate,"[A3203] LAMBETH BRIDGE (SE1 ,SW1P ) (Lambeth,Westminster)",['southern river route'],[A3203] Lambeth Bridge (Eastbound) between [A3036] A 3036 and [A3212] Millbank - Lane restrictions are in place at either side of the bridge for junction improvement works.
2025-12-30T06:22:50.439016,TIMS-220472,Hazards,Moderate,"[A4200] SOUTHAMPTON ROW (WC1A ,WC1B ,WC1N ,WC1V ) (Camden)",[],[A4200] Southampton Row (Both directions) between [A40] High Holborn and [A40] Vernon Place - The road is closed due to emergency UKPN works. Vernon Place westbound bus lane is also closed. 
2025-12-30T06:22:50.439016,TIMS-221961,Network delays,Minimal,[A2204] FERRY APPROACH (SE18 ) (Greenwich),['a205'],[A2204] Ferry Approach (Both directions) at the junction of [A206] Woolwich Ferry Roundabout - The Woolwich Ferry is operating a one boat service
2025-12-30T06:22:50.439016,TIMS-222012,Works,Minimal,[A212] CATFORD HILL (SE6 ) (Lewisham),['a205'],[A212] Catford Hill (Both directions) at the junction of Beechfield Road - Two way temporary traffic lights in place to facilitate Thames Water works. 
2025-12-30T06:22:50.439016,TIMS-221957,Works,Minimal,[A3] WANDSWORTH HIGH STREET (SW18 ) (Wandsworth),['a205'],[A3] Wandsworth High Street (Both directions) between [A3] West Hill and [A3] East Hill - Road closures in place due to a burst water main. 
2025-12-30T06:22:50.439016,TIMS-221773,Works,Minimal,"[A216] MITCHAM LANE (SW16 ) (Lambeth,Wandsworth)",['a23'],[A216] Mitcham Lane (Both directions) at the junction of Fernwood Avenue - Temporary signals in operation to facilitate repairs to a burst water main.
2025-12-30T06:22:50.439016,TIMS-222025,Works,Minimal,[A22] GODSTONE ROAD (CR8 ) (Croydon),['a23'],"[A22] Godstone Road (Both directions) at the junction of Station Road - Two-way temporary signals in operation near Kenley station, due to burst water main repairs. "
2025-12-30T06:22:50.439016,TIMS-210389,Works,Minimal,"[A40] WESTWAY (W10 ,W12 ) (Hammersmith & Fulham,Kensington & Chelsea)",['a40'],[A40] Westway (Eastbound) at the junction of [A3220] West Cross Route - The exit slip road to the Northern Roundabout is closed to facilitate repair works. 
2025-12-30T06:22:50.439016,TIMS-222023,Works,Minimal,"[A40] WESTERN AVENUE (HA4 ,UB10 ) (Hillingdon)",['a40'],"[A40] Western Avenue (Westbound) at the junction of [A4180] West End Road - Lane one (of three) closure after the onslip from Polish War Memorial, due to urgent water main repairs. "
2025-12-30T06:22:50.439016,TIMS-222045,Collisions,Minimal,[A41] WATFORD WAY (NW4 ) (Barnet),['a41'],[A41] Watford Way (Southbound) at the junction of Vivian Avenue - The central reservation has been damaged due to an earlier collision.
2025-12-30T06:22:50.439016,TIMS-222029,Works,Minimal,"[A1203] THE HIGHWAY (E1 ,E1W ) (Tower Hamlets)",['city route'],"[A1203] The Highway (Westbound) at the junction of [A1202] Dock Street - Lane closure due to urgent UKPN cable repairs.
"
2025-12-30T06:22:50.439016,TIMS-221963,Works,Minimal,JAIL LANE (TN16 ) (Bromley),[],Jail Lane (Both directions) at the junction of Old Tye Avenue - Road closed to facilitate Thames Water works. 
2025-12-30T06:22:50.439016,TIMS-221831,Works,Minimal,"PECKHAM RYE (SE15 ,SE22 ) (Southwark)",[],Peckham Rye (All directions) at the junction of [A2214] Nunhead Lane - Temporary traffic signals are in place to facilitate ermergency SGN works.
2025-12-30T06:22:50.439016,TIMS-220784,Works,Minimal,"[A1205] BURDETT ROAD (E1 ,E14 ,E3 ) (Tower Hamlets)",[],"[A1205] Burdett Road (Both directions) at the junction of [B140] St Pauls Way - Temporary traffic signals lane restrictions in use to facilitate Thames Water works. In addition, no access to St Paul's Way."
2025-12-30T06:22:50.439016,TIMS-212391,Works,Minimal,[A4020] UXBRIDGE ROAD (W12 ) (Hammersmith & Fulham),[],[A4020] Uxbridge Road (Both directions) at the junction of [A402] Shepherds Bush Green - Restrictions in place in various locations on Uxbridge Road and Shepherds Bush Green due to C34 cycle lane scheme works.
2025-12-30T06:22:50.439016,TIMS-217012,Works,Minimal,[A206] WOOLWICH ROAD (SE7 ) (Greenwich),[],[A206] Woolwich Road (Both directions) between Anchor & Hope Lane and John Wilson Street. - Lane restrictions to facilitate the construction of a segregated cycle lane. 
2025-12-30T06:22:50.439016,TIMS-216723,Works,Minimal,"TILLING ROAD (NW2 ,NW4 ) (Barnet)",[],Tilling Road (All approaches) at the junction of Claremont Road. - Temporary traffic signals in place to facilitate roadworks. 
2025-12-30T06:22:50.439016,TIMS-213362,Works,Minimal,"[A107] MARE STREET (E8 ,E9 ) (Hackney)",[],"[A107] Mare Street (Both directions) between [A1207] Graham Road and [A107] Amhurst Road - Road is closed to facilitate urban realm works. Additionally, temporary signals are in place at the junction of Graham Road."
2025-12-30T06:22:50.439016,TIMS-219173,Works,Minimal,[A219] WOOD LANE (W12 ) (Hammersmith & Fulham),[],[A219] Wood Lane (Both directions) at the junction of [A40] Westway - Various carriageway and footway restrictions in place to facilitate Cycle Superhighway works.
2025-12-30T06:22:50.439016,TIMS-221854,Works,Minimal,"[A20] ELTHAM ROAD (SE12 ,SE3 ) (Greenwich,Lewisham)",['a20'],[A20] Eltham Road (Westbound) at the junction of Cambridge Drive - Lane restrictions to be implemented to facilitate SGN works. 
2025-12-30T06:22:50.439016,TIMS-221700,Works,Minimal,[A205] WALDRAM CRESCENT (SE23 ) (Lewisham),['a205'],[A205] Waldram Crescent (Both directions) at the junction of Stanstead Road - Contra-flow in operation to facilitate SGN works.
2025-12-30T06:22:50.439016,TIMS-221978,Works,Minimal,"[A3] BATTERSEA RISE (SW11 ,SW18 ) (Wandsworth)",['a205'],[A3] Battersea Rise (Both directions) at the junction of Bolingbroke Grove - There are 2-way temporary traffic lights at this location for Thames Water works. 
2025-12-30T06:22:50.439016,TIMS-209852,Works,Minimal,"[A3205] NINE ELMS LANE (SW11 ,SW8 ) (Lambeth,Wandsworth)","['a3', 'inner ring']",[A3205] Nine Elms Lane (Both directions) at the junction of Ponton Road - Lane closures in place to facilitate Urban Realm Works.
2025-12-30T06:22:50.439016,TIMS-220695,Works,Minimal,"[A41] FINCHLEY ROAD (NW3 ,NW6 ,NW8 ) (Camden)",['a41'],[A41] Finchley Road (Southbound) at the junction of [B511] College Crescent - Lanes one and two (of three) closed to facilitate emergency Thames Water works.
2025-12-30T06:22:50.439016,TIMS-221816,Works,Minimal,[A302] GROSVENOR GARDENS (SW1W ) (Westminster),['inner ring'],[A302] Grosvenor Gardens (Southbound) at the junction of [A302] Victoria Street - The right turn from Buckingham Palace Road into Grosvenor Gardens has been closed due to emergency repairs by Cadent Gas.
2025-12-30T06:22:50.439016,TIMS-221806,Planned events,Minimal,"[A3200] STAMFORD STREET (SE1 ) (Lambeth,Southwark)",['southern river route'],[A3200] Stamford Street (Both directions) between [A301] Waterloo Road and Cornwall Road - The road will be closed to facilitate the build for New Year's Eve celebrations. 
2025-12-30T06:22:50.439016,TIMS-222027,Works,Minimal,"[B212] STRATHEDEN ROAD (SE3 ) (Greenwich,Lewisham)",[],Thames Water works - [B212] Stratheden Road (Both directions) at the junction of [A2] Shooters Hill Road - The road is closed due to Thames Water works. 
2025-12-30T06:22:50.439016,TIMS-221720,Works,Minimal,"[A112] PRINCE REGENT LANE (E13 ,E16 ) (Newham)",[],[A112] Prince Regent Lane (Northbound) at the junction of Churchill Road - Road closed northbound due to emergency Thames Water works.
2025-12-30T06:22:50.439016,TIMS-221797,Planned events,Minimal,HORSE GUARDS AVENUE (SW1A ) (Westminster),[],Horse Guards Avenue (Both directions) between [A3211] Victoria Embankment and Whitehall Court - The road will be closed to facilitate the build for New Year's Eve celebrations. 
2025-12-30T06:22:50.439016,TIMS-220134,Works,Minimal,"[A206] WOOLWICH CHURCH STREET (SE18 ,SE7 ) (Greenwich)",[],[A206] Woolwich Church Street (Westbound) at the junction of Warspite Road - Lane restriction due to ongoing cycle scheme works.
2025-12-30T06:22:50.439016,TIMS-219993,Works,Minimal,[A200] LOWER ROAD (SE16 ) (Southwark),[],[A200] Lower Road (Both directions) at the junction of Gomm Road - Temporary traffic signals to be implemented to facilitate cable works. 
2025-12-30T06:22:50.439016,TIMS-219885,Works,Minimal,"[A1205] BURDETT ROAD (E1 ,E3 ) (Tower Hamlets)",[],[A1205] Burdett Road (Both directions) at the junction of [A11] Mile End Road - Lane restrictions in place to facilitate Thames Water works.
2025-12-30T06:22:50.439016,TIMS-218924,Works,Minimal,[A206] WOOLWICH CHURCH STREET (SE18 ) (Greenwich),[],[A206] Woolwich Church Street (Both directions) at the junction of [A206] Woolwich Ferry Roundabout - Various restrictions in place to facilitate cycle lane works.
2025-12-30T06:22:50.439016,TIMS-215004,Works,Minimal,"DU CANE ROAD (W12 ,W3 ) (Hammersmith & Fulham)",[],Du Cane Road (Both directions) at the junction of Hilary Road - Two-way temporary traffic signals are in operation for bridge works.
2025-12-30T06:22:50.439016,TIMS-221911,Works,Minimal,SELBORNE ROAD (E17 ) (Waltham Forest),[],Selborne Road (Both directions) at the junction of Vernon Road - Temporary traffic signals in operation to facilitate Thames Water works. 
2025-12-30T06:22:50.439016,TIMS-222047,Collisions,Minimal,[A232] CHEAM ROAD (SM1 ) (Sutton),[],[A232] Cheam Road (Both directions) at the junction of [A232] Carshalton Road - Road has been closed following a collision. 
2025-12-30T06:53:48.239409,TIMS-206772,Works,Moderate,"[A12] EASTERN AVENUE EAST (RM2 ,RM3 ) (Havering)",['a12'],"Gallows Corner Flyover Refurbishment - [A12] Eastern Avenue East (All directions) at the junction of [A12] Colchester Road - Various restrictions, to facilitate the refurbishment of Gallows Corner Flyover. Full closure of the Flyover and the roundabout including all approaches in place."
2025-12-30T06:53:48.239409,TIMS-213893,Works,Moderate,"[A23] STREATHAM HILL (SW16 ,SW2 ) (Lambeth)",['a23'],"[A23] Streatham Hill (Both directions) between [A205] Christchurch Road and Leigham Court Road - Various restrictions for TfL works. Lane restrictions, in place over the course of the works. On 15/02/2026, 16/02/2026, 17/05/2026, 18/05/2026 there will be a full overnight closure. "
2025-12-30T06:53:48.239409,TIMS-200007,Works,Moderate,"KING WILLIAM STREET (EC3V,EC4N,EC4R) (City of London)",['bishopsgate cross route'],King William Street (Southbound) at the junction of Lombard Street - Road closed to facilitate urban realm works.
2025-12-30T06:53:48.239409,TIMS-216408,Works,Moderate,[A400] HAMPSTEAD ROAD (NW1 ) (Camden),['inner ring'],[A400] Hampstead Road (Both directions) at the junction of Robert Street - Temporary traffic signals and lane restrictions are in place for HS2 works.
2025-12-30T06:53:48.239409,TIMS-221134,Network delays,Moderate,"[A101] ROTHERHITHE TUNNEL (E1W ,SE16 ) (Southwark,Tower Hamlets)",['southern river route'],"[A101] Rotherhithe Tunnel (Both directions) between [A200] Jamaica Road and [A13] Commercial Road - The Tunnel may be subject to short, intermittent closures"
2025-12-30T06:53:48.239409,TIMS-204461,Works,Moderate,"[A3203] LAMBETH BRIDGE (SE1 ,SW1P ) (Lambeth,Westminster)",['southern river route'],[A3203] Lambeth Bridge (Eastbound) between [A3036] A 3036 and [A3212] Millbank - Lane restrictions are in place at either side of the bridge for junction improvement works.
2025-12-30T06:53:48.239409,TIMS-220472,Hazards,Moderate,"[A4200] SOUTHAMPTON ROW (WC1A ,WC1B ,WC1N ,WC1V ) (Camden)",[],[A4200] Southampton Row (Both directions) between [A40] High Holborn and [A40] Vernon Place - The road is closed due to emergency UKPN works. Vernon Place westbound bus lane is also closed. 
2025-12-30T06:53:48.239409,TIMS-221961,Network delays,Minimal,[A2204] FERRY APPROACH (SE18 ) (Greenwich),['a205'],[A2204] Ferry Approach (Both directions) at the junction of [A206] Woolwich Ferry Roundabout - The Woolwich Ferry is operating a one boat service
2025-12-30T06:53:48.239409,TIMS-222012,Works,Minimal,[A212] CATFORD HILL (SE6 ) (Lewisham),['a205'],[A212] Catford Hill (Both directions) at the junction of Beechfield Road - Two way temporary traffic lights in place to facilitate Thames Water works. 
2025-12-30T06:53:48.239409,TIMS-221957,Works,Minimal,[A3] WANDSWORTH HIGH STREET (SW18 ) (Wandsworth),['a205'],[A3] Wandsworth High Street (Both directions) between [A3] West Hill and [A3] East Hill - Road closures in place due to a burst water main. 
2025-12-30T06:53:48.239409,TIMS-221773,Works,Minimal,"[A216] MITCHAM LANE (SW16 ) (Lambeth,Wandsworth)",['a23'],[A216] Mitcham Lane (Both directions) at the junction of Fernwood Avenue - Temporary signals in operation to facilitate repairs to a burst water main.
2025-12-30T06:53:48.239409,TIMS-222025,Works,Minimal,[A22] GODSTONE ROAD (CR8 ) (Croydon),['a23'],"[A22] Godstone Road (Both directions) at the junction of Station Road - Two-way temporary signals in operation near Kenley station, due to burst water main repairs. "
2025-12-30T06:53:48.239409,TIMS-210389,Works,Minimal,"[A40] WESTWAY (W10 ,W12 ) (Hammersmith & Fulham,Kensington & Chelsea)",['a40'],[A40] Westway (Eastbound) at the junction of [A3220] West Cross Route - The exit slip road to the Northern Roundabout is closed to facilitate repair works. 
2025-12-30T06:53:48.239409,TIMS-222023,Works,Minimal,"[A40] WESTERN AVENUE (HA4 ,UB10 ) (Hillingdon)",['a40'],"[A40] Western Avenue (Westbound) at the junction of [A4180] West End Road - Lane one (of three) closure after the onslip from Polish War Memorial, due to urgent water main repairs. "
2025-12-30T06:53:48.239409,TIMS-222045,Collisions,Minimal,[A41] WATFORD WAY (NW4 ) (Barnet),['a41'],[A41] Watford Way (Southbound) at the junction of Vivian Avenue - The central reservation has been damaged due to an earlier collision.
2025-12-30T06:53:48.239409,TIMS-222029,Works,Minimal,"[A1203] THE HIGHWAY (E1 ,E1W ) (Tower Hamlets)",['city route'],"[A1203] The Highway (Westbound) at the junction of [A1202] Dock Street - Lane closure due to urgent UKPN cable repairs.
"
2025-12-30T06:53:48.239409,TIMS-221963,Works,Minimal,JAIL LANE (TN16 ) (Bromley),[],Jail Lane (Both directions) at the junction of Old Tye Avenue - Road closed to facilitate Thames Water works. 
2025-12-30T06:53:48.239409,TIMS-221831,Works,Minimal,"PECKHAM RYE (SE15 ,SE22 ) (Southwark)",[],Peckham Rye (All directions) at the junction of [A2214] Nunhead Lane - Temporary traffic signals are in place to facilitate ermergency SGN works.
2025-12-30T06:53:48.239409,TIMS-220784,Works,Minimal,"[A1205] BURDETT ROAD (E1 ,E14 ,E3 ) (Tower Hamlets)",[],"[A1205] Burdett Road (Both directions) at the junction of [B140] St Pauls Way - Temporary traffic signals lane restrictions in use to facilitate Thames Water works. In addition, no access to St Paul's Way."
2025-12-30T06:53:48.239409,TIMS-212391,Works,Minimal,[A4020] UXBRIDGE ROAD (W12 ) (Hammersmith & Fulham),[],[A4020] Uxbridge Road (Both directions) at the junction of [A402] Shepherds Bush Green - Restrictions in place in various locations on Uxbridge Road and Shepherds Bush Green due to C34 cycle lane scheme works.
2025-12-30T06:53:48.239409,TIMS-217012,Works,Minimal,[A206] WOOLWICH ROAD (SE7 ) (Greenwich),[],[A206] Woolwich Road (Both directions) between Anchor & Hope Lane and John Wilson Street. - Lane restrictions to facilitate the construction of a segregated cycle lane. 
2025-12-30T06:53:48.239409,TIMS-216723,Works,Minimal,"TILLING ROAD (NW2 ,NW4 ) (Barnet)",[],Tilling Road (All approaches) at the junction of Claremont Road. - Temporary traffic signals in place to facilitate roadworks. 
2025-12-30T06:53:48.239409,TIMS-213362,Works,Minimal,"[A107] MARE STREET (E8 ,E9 ) (Hackney)",[],"[A107] Mare Street (Both directions) between [A1207] Graham Road and [A107] Amhurst Road - Road is closed to facilitate urban realm works. Additionally, temporary signals are in place at the junction of Graham Road."
2025-12-30T06:53:48.239409,TIMS-219173,Works,Minimal,[A219] WOOD LANE (W12 ) (Hammersmith & Fulham),[],[A219] Wood Lane (Both directions) at the junction of [A40] Westway - Various carriageway and footway restrictions in place to facilitate Cycle Superhighway works.
2025-12-30T06:53:48.239409,TIMS-221854,Works,Minimal,"[A20] ELTHAM ROAD (SE12 ,SE3 ) (Greenwich,Lewisham)",['a20'],[A20] Eltham Road (Westbound) at the junction of Cambridge Drive - Lane restrictions to be implemented to facilitate SGN works. 
2025-12-30T06:53:48.239409,TIMS-221700,Works,Minimal,[A205] WALDRAM CRESCENT (SE23 ) (Lewisham),['a205'],[A205] Waldram Crescent (Both directions) at the junction of Stanstead Road - Contra-flow in operation to facilitate SGN works.
2025-12-30T06:53:48.239409,TIMS-221978,Works,Minimal,"[A3] BATTERSEA RISE (SW11 ,SW18 ) (Wandsworth)",['a205'],[A3] Battersea Rise (Both directions) at the junction of Bolingbroke Grove - There are 2-way temporary traffic lights at this location for Thames Water works. 
2025-12-30T06:53:48.239409,TIMS-209852,Works,Minimal,"[A3205] NINE ELMS LANE (SW11 ,SW8 ) (Lambeth,Wandsworth)","['a3', 'inner ring']",[A3205] Nine Elms Lane (Both directions) at the junction of Ponton Road - Lane closures in place to facilitate Urban Realm Works.
2025-12-30T06:53:48.239409,TIMS-220695,Works,Minimal,"[A41] FINCHLEY ROAD (NW3 ,NW6 ,NW8 ) (Camden)",['a41'],[A41] Finchley Road (Southbound) at the junction of [B511] College Crescent - Lanes one and two (of three) closed to facilitate emergency Thames Water works.
2025-12-30T06:53:48.239409,TIMS-221816,Works,Minimal,[A302] GROSVENOR GARDENS (SW1W ) (Westminster),['inner ring'],[A302] Grosvenor Gardens (Southbound) at the junction of [A302] Victoria Street - The right turn from Buckingham Palace Road into Grosvenor Gardens has been closed due to emergency repairs by Cadent Gas.
2025-12-30T06:53:48.239409,TIMS-221806,Planned events,Minimal,"[A3200] STAMFORD STREET (SE1 ) (Lambeth,Southwark)",['southern river route'],[A3200] Stamford Street (Both directions) between [A301] Waterloo Road and Cornwall Road - The road will be closed to facilitate the build for New Year's Eve celebrations. 
2025-12-30T06:53:48.239409,TIMS-222027,Works,Minimal,"[B212] STRATHEDEN ROAD (SE3 ) (Greenwich,Lewisham)",[],Thames Water works - [B212] Stratheden Road (Both directions) at the junction of [A2] Shooters Hill Road - The road is closed due to Thames Water works. 
2025-12-30T06:53:48.239409,TIMS-221720,Works,Minimal,"[A112] PRINCE REGENT LANE (E13 ,E16 ) (Newham)",[],[A112] Prince Regent Lane (Northbound) at the junction of Churchill Road - Road closed northbound due to emergency Thames Water works.
2025-12-30T06:53:48.239409,TIMS-221797,Planned events,Minimal,HORSE GUARDS AVENUE (SW1A ) (Westminster),[],Horse Guards Avenue (Both directions) between [A3211] Victoria Embankment and Whitehall Court - The road will be closed to facilitate the build for New Year's Eve celebrations. 
2025-12-30T06:53:48.239409,TIMS-220134,Works,Minimal,"[A206] WOOLWICH CHURCH STREET (SE18 ,SE7 ) (Greenwich)",[],[A206] Woolwich Church Street (Westbound) at the junction of Warspite Road - Lane restriction due to ongoing cycle scheme works.
2025-12-30T06:53:48.239409,TIMS-219993,Works,Minimal,[A200] LOWER ROAD (SE16 ) (Southwark),[],[A200] Lower Road (Both directions) at the junction of Gomm Road - Temporary traffic signals to be implemented to facilitate cable works. 
2025-12-30T06:53:48.239409,TIMS-219885,Works,Minimal,"[A1205] BURDETT ROAD (E1 ,E3 ) (Tower Hamlets)",[],[A1205] Burdett Road (Both directions) at the junction of [A11] Mile End Road - Lane restrictions in place to facilitate Thames Water works.
2025-12-30T06:53:48.239409,TIMS-218924,Works,Minimal,[A206] WOOLWICH CHURCH STREET (SE18 ) (Greenwich),[],[A206] Woolwich Church Street (Both directions) at the junction of [A206] Woolwich Ferry Roundabout - Various restrictions in place to facilitate cycle lane works.
2025-12-30T06:53:48.239409,TIMS-215004,Works,Minimal,"DU CANE ROAD (W12 ,W3 ) (Hammersmith & Fulham)",[],Du Cane Road (Both directions) at the junction of Hilary Road - Two-way temporary traffic signals are in operation for bridge works.
2025-12-30T06:53:48.239409,TIMS-221911,Works,Minimal,SELBORNE ROAD (E17 ) (Waltham Forest),[],Selborne Road (Both directions) at the junction of Vernon Road - Temporary traffic signals in operation to facilitate Thames Water works. 
2025-12-30T06:53:48.239409,TIMS-222047,Collisions,Minimal,[A232] CHEAM ROAD (SM1 ) (Sutton),[],[A232] Cheam Road (Both directions) at the junction of [A232] Carshalton Road - Road has been closed following a collision. 
2025-12-30T07:17:29.601982,TIMS-206772,Works,Moderate,"[A12] EASTERN AVENUE EAST (RM2 ,RM3 ) (Havering)",['a12'],"Gallows Corner Flyover Refurbishment - [A12] Eastern Avenue East (All directions) at the junction of [A12] Colchester Road - Various restrictions, to facilitate the refurbishment of Gallows Corner Flyover. Full closure of the Flyover and the roundabout including all approaches in place."
2025-12-30T07:17:29.601982,TIMS-213893,Works,Moderate,"[A23] STREATHAM HILL (SW16 ,SW2 ) (Lambeth)",['a23'],"[A23] Streatham Hill (Both directions) between [A205] Christchurch Road and Leigham Court Road - Various restrictions for TfL works. Lane restrictions, in place over the course of the works. On 15/02/2026, 16/02/2026, 17/05/2026, 18/05/2026 there will be a full overnight closure. "
2025-12-30T07:17:29.601982,TIMS-200007,Works,Moderate,"KING WILLIAM STREET (EC3V,EC4N,EC4R) (City of London)",['bishopsgate cross route'],King William Street (Southbound) at the junction of Lombard Street - Road closed to facilitate urban realm works.
2025-12-30T07:17:29.601982,TIMS-216408,Works,Moderate,[A400] HAMPSTEAD ROAD (NW1 ) (Camden),['inner ring'],[A400] Hampstead Road (Both directions) at the junction of Robert Street - Temporary traffic signals and lane restrictions are in place for HS2 works.
2025-12-30T07:17:29.601982,TIMS-204461,Works,Moderate,"[A3203] LAMBETH BRIDGE (SE1 ,SW1P ) (Lambeth,Westminster)",['southern river route'],[A3203] Lambeth Bridge (Eastbound) between [A3036] A 3036 and [A3212] Millbank - Lane restrictions are in place at either side of the bridge for junction improvement works.
2025-12-30T07:17:29.601982,TIMS-221134,Network delays,Moderate,"[A101] ROTHERHITHE TUNNEL (E1W ,SE16 ) (Southwark,Tower Hamlets)",['southern river route'],"[A101] Rotherhithe Tunnel (Both directions) between [A200] Jamaica Road and [A13] Commercial Road - The Tunnel may be subject to short, intermittent closures"
2025-12-30T07:17:29.601982,TIMS-220472,Hazards,Moderate,"[A4200] SOUTHAMPTON ROW (WC1A ,WC1B ,WC1N ,WC1V ) (Camden)",[],[A4200] Southampton Row (Both directions) between [A40] High Holborn and [A40] Vernon Place - The road is closed due to emergency UKPN works. Vernon Place westbound bus lane is also closed. 
2025-12-30T07:17:29.601982,TIMS-221961,Network delays,Minimal,[A2204] FERRY APPROACH (SE18 ) (Greenwich),['a205'],[A2204] Ferry Approach (Both directions) at the junction of [A206] Woolwich Ferry Roundabout - The Woolwich Ferry is operating a one boat service
2025-12-30T07:17:29.601982,TIMS-221957,Works,Minimal,[A3] WANDSWORTH HIGH STREET (SW18 ) (Wandsworth),['a205'],[A3] Wandsworth High Street (Both directions) between [A3] West Hill and [A3] East Hill - Road closures in place due to a burst water main. 
2025-12-30T07:17:29.601982,TIMS-222012,Works,Minimal,[A212] CATFORD HILL (SE6 ) (Lewisham),['a205'],[A212] Catford Hill (Both directions) at the junction of Beechfield Road - Two way temporary traffic lights in place to facilitate Thames Water works. 
2025-12-30T07:17:29.601982,TIMS-222025,Works,Minimal,[A22] GODSTONE ROAD (CR8 ) (Croydon),['a23'],"[A22] Godstone Road (Both directions) at the junction of Station Road - Two-way temporary signals in operation near Kenley station, due to burst water main repairs. "
2025-12-30T07:17:29.601982,TIMS-221773,Works,Minimal,"[A216] MITCHAM LANE (SW16 ) (Lambeth,Wandsworth)",['a23'],[A216] Mitcham Lane (Both directions) at the junction of Fernwood Avenue - Temporary signals in operation to facilitate repairs to a burst water main.
2025-12-30T07:17:29.601982,TIMS-210389,Works,Minimal,"[A40] WESTWAY (W10 ,W12 ) (Hammersmith & Fulham,Kensington & Chelsea)",['a40'],[A40] Westway (Eastbound) at the junction of [A3220] West Cross Route - The exit slip road to the Northern Roundabout is closed to facilitate repair works. 
2025-12-30T07:17:29.601982,TIMS-222023,Works,Minimal,"[A40] WESTERN AVENUE (HA4 ,UB10 ) (Hillingdon)",['a40'],"[A40] Western Avenue (Westbound) at the junction of [A4180] West End Road - Lane one (of three) closure after the onslip from Polish War Memorial, due to urgent water main repairs. "
2025-12-30T07:17:29.601982,TIMS-222045,Collisions,Minimal,[A41] WATFORD WAY (NW4 ) (Barnet),['a41'],[A41] Watford Way (Southbound) at the junction of Vivian Avenue - The central reservation has been damaged due to an earlier collision.
2025-12-30T07:17:29.601982,TIMS-222029,Works,Minimal,"[A1203] THE HIGHWAY (E1 ,E1W ) (Tower Hamlets)",['city route'],"[A1203] The Highway (Westbound) at the junction of [A1202] Dock Street - Lane closure due to urgent UKPN cable repairs.
"
2025-12-30T07:17:29.601982,TIMS-221963,Works,Minimal,JAIL LANE (TN16 ) (Bromley),[],Jail Lane (Both directions) at the junction of Old Tye Avenue - Road closed to facilitate Thames Water works. 
2025-12-30T07:17:29.601982,TIMS-221831,Works,Minimal,"PECKHAM RYE (SE15 ,SE22 ) (Southwark)",[],Peckham Rye (All directions) at the junction of [A2214] Nunhead Lane - Temporary traffic signals are in place to facilitate ermergency SGN works.
2025-12-30T07:17:29.601982,TIMS-220784,Works,Minimal,"[A1205] BURDETT ROAD (E1 ,E14 ,E3 ) (Tower Hamlets)",[],"[A1205] Burdett Road (Both directions) at the junction of [B140] St Pauls Way - Temporary traffic signals lane restrictions in use to facilitate Thames Water works. In addition, no access to St Paul's Way."
2025-12-30T07:17:29.601982,TIMS-212391,Works,Minimal,[A4020] UXBRIDGE ROAD (W12 ) (Hammersmith & Fulham),[],[A4020] Uxbridge Road (Both directions) at the junction of [A402] Shepherds Bush Green - Restrictions in place in various locations on Uxbridge Road and Shepherds Bush Green due to C34 cycle lane scheme works.
2025-12-30T07:17:29.601982,TIMS-213362,Works,Minimal,"[A107] MARE STREET (E8 ,E9 ) (Hackney)",[],"[A107] Mare Street (Both directions) between [A1207] Graham Road and [A107] Amhurst Road - Road is closed to facilitate urban realm works. Additionally, temporary signals are in place at the junction of Graham Road."
2025-12-30T07:17:29.601982,TIMS-219173,Works,Minimal,[A219] WOOD LANE (W12 ) (Hammersmith & Fulham),[],[A219] Wood Lane (Both directions) at the junction of [A40] Westway - Various carriageway and footway restrictions in place to facilitate Cycle Superhighway works.
2025-12-30T07:17:29.601982,TIMS-217012,Works,Minimal,[A206] WOOLWICH ROAD (SE7 ) (Greenwich),[],[A206] Woolwich Road (Both directions) between Anchor & Hope Lane and John Wilson Street. - Lane restrictions to facilitate the construction of a segregated cycle lane. 
2025-12-30T07:17:29.601982,TIMS-216723,Works,Minimal,"TILLING ROAD (NW2 ,NW4 ) (Barnet)",[],Tilling Road (All approaches) at the junction of Claremont Road. - Temporary traffic signals in place to facilitate roadworks. 
2025-12-30T07:17:29.601982,TIMS-221854,Works,Minimal,"[A20] ELTHAM ROAD (SE12 ,SE3 ) (Greenwich,Lewisham)",['a20'],[A20] Eltham Road (Westbound) at the junction of Cambridge Drive - Lane restrictions to be implemented to facilitate SGN works. 
2025-12-30T07:17:29.601982,TIMS-221700,Works,Minimal,[A205] WALDRAM CRESCENT (SE23 ) (Lewisham),['a205'],[A205] Waldram Crescent (Both directions) at the junction of Stanstead Road - Contra-flow in operation to facilitate SGN works.
2025-12-30T07:17:29.601982,TIMS-221978,Works,Minimal,"[A3] BATTERSEA RISE (SW11 ,SW18 ) (Wandsworth)",['a205'],[A3] Battersea Rise (Both directions) at the junction of Bolingbroke Grove - There are 2-way temporary traffic lights at this location for Thames Water works. 
2025-12-30T07:17:29.601982,TIMS-209852,Works,Minimal,"[A3205] NINE ELMS LANE (SW11 ,SW8 ) (Lambeth,Wandsworth)","['a3', 'inner ring']",[A3205] Nine Elms Lane (Both directions) at the junction of Ponton Road - Lane closures in place to facilitate Urban Realm Works.
2025-12-30T07:17:29.601982,TIMS-220695,Works,Minimal,"[A41] FINCHLEY ROAD (NW3 ,NW6 ,NW8 ) (Camden)",['a41'],[A41] Finchley Road (Southbound) at the junction of [B511] College Crescent - Lanes one and two (of three) closed to facilitate emergency Thames Water works.
2025-12-30T07:17:29.601982,TIMS-221816,Works,Minimal,[A302] GROSVENOR GARDENS (SW1W ) (Westminster),['inner ring'],[A302] Grosvenor Gardens (Southbound) at the junction of [A302] Victoria Street - The right turn from Buckingham Palace Road into Grosvenor Gardens has been closed due to emergency repairs by Cadent Gas.
2025-12-30T07:17:29.601982,TIMS-220134,Works,Minimal,"[A206] WOOLWICH CHURCH STREET (SE18 ,SE7 ) (Greenwich)",[],[A206] Woolwich Church Street (Westbound) at the junction of Warspite Road - Lane restriction due to ongoing cycle scheme works.
2025-12-30T07:17:29.601982,TIMS-222027,Works,Minimal,"[B212] STRATHEDEN ROAD (SE3 ) (Greenwich,Lewisham)",[],Thames Water works - [B212] Stratheden Road (Both directions) at the junction of [A2] Shooters Hill Road - The road is closed due to Thames Water works. 
2025-12-30T07:17:29.601982,TIMS-215004,Works,Minimal,"DU CANE ROAD (W12 ,W3 ) (Hammersmith & Fulham)",[],Du Cane Road (Both directions) at the junction of Hilary Road - Two-way temporary traffic signals are in operation for bridge works.
2025-12-30T07:17:29.601982,TIMS-218924,Works,Minimal,[A206] WOOLWICH CHURCH STREET (SE18 ) (Greenwich),[],[A206] Woolwich Church Street (Both directions) at the junction of [A206] Woolwich Ferry Roundabout - Various restrictions in place to facilitate cycle lane works.
2025-12-30T07:17:29.601982,TIMS-221797,Planned events,Minimal,HORSE GUARDS AVENUE (SW1A ) (Westminster),[],Horse Guards Avenue (Both directions) between [A3211] Victoria Embankment and Whitehall Court - The road will be closed to facilitate the build for New Year's Eve celebrations. 
2025-12-30T07:17:29.601982,TIMS-219885,Works,Minimal,"[A1205] BURDETT ROAD (E1 ,E3 ) (Tower Hamlets)",[],[A1205] Burdett Road (Both directions) at the junction of [A11] Mile End Road - Lane restrictions in place to facilitate Thames Water works.
2025-12-30T07:17:29.601982,TIMS-221720,Works,Minimal,"[A112] PRINCE REGENT LANE (E13 ,E16 ) (Newham)",[],[A112] Prince Regent Lane (Northbound) at the junction of Churchill Road - Road closed northbound due to emergency Thames Water works.
2025-12-30T07:17:29.601982,TIMS-219993,Works,Minimal,[A200] LOWER ROAD (SE16 ) (Southwark),[],[A200] Lower Road (Both directions) at the junction of Gomm Road - Temporary traffic signals to be implemented to facilitate cable works. 
2025-12-30T07:17:29.601982,TIMS-221911,Works,Minimal,SELBORNE ROAD (E17 ) (Waltham Forest),[],Selborne Road (Both directions) at the junction of Vernon Road - Temporary traffic signals in operation to facilitate Thames Water works. 
2025-12-30T07:17:29.601982,TIMS-222047,Collisions,Minimal,[A232] CHEAM ROAD (SM1 ) (Sutton),[],[A232] Cheam Road (Both directions) at the junction of [A232] Carshalton Road - Road has been closed following a collision. 
2025-12-30T07:36:57.620013,TIMS-206772,Works,Moderate,"[A12] EASTERN AVENUE EAST (RM2 ,RM3 ) (Havering)",['a12'],"Gallows Corner Flyover Refurbishment - [A12] Eastern Avenue East (All directions) at the junction of [A12] Colchester Road - Various restrictions, to facilitate the refurbishment of Gallows Corner Flyover. Full closure of the Flyover and the roundabout including all approaches in place."
2025-12-30T07:36:57.620013,TIMS-213893,Works,Moderate,"[A23] STREATHAM HILL (SW16 ,SW2 ) (Lambeth)",['a23'],"[A23] Streatham Hill (Both directions) between [A205] Christchurch Road and Leigham Court Road - Various restrictions for TfL works. Lane restrictions, in place over the course of the works. On 15/02/2026, 16/02/2026, 17/05/2026, 18/05/2026 there will be a full overnight closure. "
2025-12-30T07:36:57.620013,TIMS-200007,Works,Moderate,"KING WILLIAM STREET (EC3V,EC4N,EC4R) (City of London)",['bishopsgate cross route'],King William Street (Southbound) at the junction of Lombard Street - Road closed to facilitate urban realm works.
2025-12-30T07:36:57.620013,TIMS-216408,Works,Moderate,[A400] HAMPSTEAD ROAD (NW1 ) (Camden),['inner ring'],[A400] Hampstead Road (Both directions) at the junction of Robert Street - Temporary traffic signals and lane restrictions are in place for HS2 works.
2025-12-30T07:36:57.620013,TIMS-204461,Works,Moderate,"[A3203] LAMBETH BRIDGE (SE1 ,SW1P ) (Lambeth,Westminster)",['southern river route'],[A3203] Lambeth Bridge (Eastbound) between [A3036] A 3036 and [A3212] Millbank - Lane restrictions are in place at either side of the bridge for junction improvement works.
2025-12-30T07:36:57.620013,TIMS-221134,Network delays,Moderate,"[A101] ROTHERHITHE TUNNEL (E1W ,SE16 ) (Southwark,Tower Hamlets)",['southern river route'],"[A101] Rotherhithe Tunnel (Both directions) between [A200] Jamaica Road and [A13] Commercial Road - The Tunnel may be subject to short, intermittent closures"
2025-12-30T07:36:57.620013,TIMS-220472,Hazards,Moderate,"[A4200] SOUTHAMPTON ROW (WC1A ,WC1B ,WC1N ,WC1V ) (Camden)",[],[A4200] Southampton Row (Both directions) between [A40] High Holborn and [A40] Vernon Place - The road is closed due to emergency UKPN works. Vernon Place westbound bus lane is also closed. 
2025-12-30T07:36:57.620013,TIMS-221961,Network delays,Minimal,[A2204] FERRY APPROACH (SE18 ) (Greenwich),['a205'],[A2204] Ferry Approach (Both directions) at the junction of [A206] Woolwich Ferry Roundabout - The Woolwich Ferry is operating a one boat service
2025-12-30T07:36:57.620013,TIMS-221957,Works,Minimal,[A3] WANDSWORTH HIGH STREET (SW18 ) (Wandsworth),['a205'],[A3] Wandsworth High Street (Both directions) between [A3] West Hill and [A3] East Hill - Road closures in place due to a burst water main. 
2025-12-30T07:36:57.620013,TIMS-222012,Works,Minimal,[A212] CATFORD HILL (SE6 ) (Lewisham),['a205'],[A212] Catford Hill (Both directions) at the junction of Beechfield Road - Two way temporary traffic lights in place to facilitate Thames Water works. 
2025-12-30T07:36:57.620013,TIMS-222025,Works,Minimal,[A22] GODSTONE ROAD (CR8 ) (Croydon),['a23'],"[A22] Godstone Road (Both directions) at the junction of Station Road - Two-way temporary signals in operation near Kenley station, due to burst water main repairs. "
2025-12-30T07:36:57.620013,TIMS-221773,Works,Minimal,"[A216] MITCHAM LANE (SW16 ) (Lambeth,Wandsworth)",['a23'],[A216] Mitcham Lane (Both directions) at the junction of Fernwood Avenue - Temporary signals in operation to facilitate repairs to a burst water main.
2025-12-30T07:36:57.620013,TIMS-210389,Works,Minimal,"[A40] WESTWAY (W10 ,W12 ) (Hammersmith & Fulham,Kensington & Chelsea)",['a40'],[A40] Westway (Eastbound) at the junction of [A3220] West Cross Route - The exit slip road to the Northern Roundabout is closed to facilitate repair works. 
2025-12-30T07:36:57.620013,TIMS-222023,Works,Minimal,"[A40] WESTERN AVENUE (HA4 ,UB10 ) (Hillingdon)",['a40'],"[A40] Western Avenue (Westbound) at the junction of [A4180] West End Road - Lane one (of three) closure after the onslip from Polish War Memorial, due to urgent water main repairs. "
2025-12-30T07:36:57.620013,TIMS-222045,Collisions,Minimal,[A41] WATFORD WAY (NW4 ) (Barnet),['a41'],[A41] Watford Way (Southbound) at the junction of Vivian Avenue - Lane one (of three) closure following a collision.
2025-12-30T07:36:57.620013,TIMS-222029,Works,Minimal,"[A1203] THE HIGHWAY (E1 ,E1W ) (Tower Hamlets)",['city route'],"[A1203] The Highway (Westbound) at the junction of [A1202] Dock Street - Lane closure due to urgent UKPN cable repairs.
"
2025-12-30T07:36:57.620013,TIMS-221963,Works,Minimal,JAIL LANE (TN16 ) (Bromley),[],Jail Lane (Both directions) at the junction of Old Tye Avenue - Road closed to facilitate Thames Water works. 
2025-12-30T07:36:57.620013,TIMS-221831,Works,Minimal,"PECKHAM RYE (SE15 ,SE22 ) (Southwark)",[],Peckham Rye (All directions) at the junction of [A2214] Nunhead Lane - Temporary traffic signals are in place to facilitate ermergency SGN works.
2025-12-30T07:36:57.620013,TIMS-220784,Works,Minimal,"[A1205] BURDETT ROAD (E1 ,E14 ,E3 ) (Tower Hamlets)",[],"[A1205] Burdett Road (Both directions) at the junction of [B140] St Pauls Way - Temporary traffic signals lane restrictions in use to facilitate Thames Water works. In addition, no access to St Paul's Way."
2025-12-30T07:36:57.620013,TIMS-212391,Works,Minimal,[A4020] UXBRIDGE ROAD (W12 ) (Hammersmith & Fulham),[],[A4020] Uxbridge Road (Both directions) at the junction of [A402] Shepherds Bush Green - Restrictions in place in various locations on Uxbridge Road and Shepherds Bush Green due to C34 cycle lane scheme works.
2025-12-30T07:36:57.620013,TIMS-213362,Works,Minimal,"[A107] MARE STREET (E8 ,E9 ) (Hackney)",[],"[A107] Mare Street (Both directions) between [A1207] Graham Road and [A107] Amhurst Road - Road is closed to facilitate urban realm works. Additionally, temporary signals are in place at the junction of Graham Road."
2025-12-30T07:36:57.620013,TIMS-219173,Works,Minimal,[A219] WOOD LANE (W12 ) (Hammersmith & Fulham),[],[A219] Wood Lane (Both directions) at the junction of [A40] Westway - Various carriageway and footway restrictions in place to facilitate Cycle Superhighway works.
2025-12-30T07:36:57.620013,TIMS-217012,Works,Minimal,[A206] WOOLWICH ROAD (SE7 ) (Greenwich),[],[A206] Woolwich Road (Both directions) between Anchor & Hope Lane and John Wilson Street. - Lane restrictions to facilitate the construction of a segregated cycle lane. 
2025-12-30T07:36:57.620013,TIMS-216723,Works,Minimal,"TILLING ROAD (NW2 ,NW4 ) (Barnet)",[],Tilling Road (All approaches) at the junction of Claremont Road. - Temporary traffic signals in place to facilitate roadworks. 
2025-12-30T07:36:57.620013,TIMS-221854,Works,Minimal,"[A20] ELTHAM ROAD (SE12 ,SE3 ) (Greenwich,Lewisham)",['a20'],[A20] Eltham Road (Westbound) at the junction of Cambridge Drive - Lane restrictions to be implemented to facilitate SGN works. 
2025-12-30T07:36:57.620013,TIMS-221700,Works,Minimal,[A205] WALDRAM CRESCENT (SE23 ) (Lewisham),['a205'],[A205] Waldram Crescent (Both directions) at the junction of Stanstead Road - Contra-flow in operation to facilitate SGN works.
2025-12-30T07:36:57.620013,TIMS-221978,Works,Minimal,"[A3] BATTERSEA RISE (SW11 ,SW18 ) (Wandsworth)",['a205'],[A3] Battersea Rise (Both directions) at the junction of Bolingbroke Grove - There are 2-way temporary traffic lights at this location for Thames Water works. 
2025-12-30T07:36:57.620013,TIMS-209852,Works,Minimal,"[A3205] NINE ELMS LANE (SW11 ,SW8 ) (Lambeth,Wandsworth)","['a3', 'inner ring']",[A3205] Nine Elms Lane (Both directions) at the junction of Ponton Road - Lane closures in place to facilitate Urban Realm Works.
2025-12-30T07:36:57.620013,TIMS-220695,Works,Minimal,"[A41] FINCHLEY ROAD (NW3 ,NW6 ,NW8 ) (Camden)",['a41'],[A41] Finchley Road (Southbound) at the junction of [B511] College Crescent - Lanes one and two (of three) closed to facilitate emergency Thames Water works.
2025-12-30T07:36:57.620013,TIMS-221816,Works,Minimal,[A302] GROSVENOR GARDENS (SW1W ) (Westminster),['inner ring'],[A302] Grosvenor Gardens (Southbound) at the junction of [A302] Victoria Street - The right turn from Buckingham Palace Road into Grosvenor Gardens has been closed due to emergency repairs by Cadent Gas.
2025-12-30T07:36:57.620013,TIMS-220134,Works,Minimal,"[A206] WOOLWICH CHURCH STREET (SE18 ,SE7 ) (Greenwich)",[],[A206] Woolwich Church Street (Westbound) at the junction of Warspite Road - Lane restriction due to ongoing cycle scheme works.
2025-12-30T07:36:57.620013,TIMS-222027,Works,Minimal,"[B212] STRATHEDEN ROAD (SE3 ) (Greenwich,Lewisham)",[],Thames Water works - [B212] Stratheden Road (Both directions) at the junction of [A2] Shooters Hill Road - The road is closed due to Thames Water works. 
2025-12-30T07:36:57.620013,TIMS-215004,Works,Minimal,"DU CANE ROAD (W12 ,W3 ) (Hammersmith & Fulham)",[],Du Cane Road (Both directions) at the junction of Hilary Road - Two-way temporary traffic signals are in operation for bridge works.
2025-12-30T07:36:57.620013,TIMS-218924,Works,Minimal,[A206] WOOLWICH CHURCH STREET (SE18 ) (Greenwich),[],[A206] Woolwich Church Street (Both directions) at the junction of [A206] Woolwich Ferry Roundabout - Various restrictions in place to facilitate cycle lane works.
2025-12-30T07:36:57.620013,TIMS-221797,Planned events,Minimal,HORSE GUARDS AVENUE (SW1A ) (Westminster),[],Horse Guards Avenue (Both directions) between [A3211] Victoria Embankment and Whitehall Court - The road will be closed to facilitate the build for New Year's Eve celebrations. 
2025-12-30T07:36:57.620013,TIMS-219885,Works,Minimal,"[A1205] BURDETT ROAD (E1 ,E3 ) (Tower Hamlets)",[],[A1205] Burdett Road (Both directions) at the junction of [A11] Mile End Road - Lane restrictions in place to facilitate Thames Water works.
2025-12-30T07:36:57.620013,TIMS-221720,Works,Minimal,"[A112] PRINCE REGENT LANE (E13 ,E16 ) (Newham)",[],[A112] Prince Regent Lane (Northbound) at the junction of Churchill Road - Road closed northbound due to emergency Thames Water works.
2025-12-30T07:36:57.620013,TIMS-219993,Works,Minimal,[A200] LOWER ROAD (SE16 ) (Southwark),[],[A200] Lower Road (Both directions) at the junction of Gomm Road - Temporary traffic signals to be implemented to facilitate cable works. 
2025-12-30T07:36:57.620013,TIMS-221911,Works,Minimal,SELBORNE ROAD (E17 ) (Waltham Forest),[],Selborne Road (Both directions) at the junction of Vernon Road - Temporary traffic signals in operation to facilitate Thames Water works. 
2025-12-30T07:36:57.620013,TIMS-222047,Collisions,Minimal,[A232] CHEAM ROAD (SM1 ) (Sutton),[],[A232] Cheam Road (Both directions) at the junction of [A232] Carshalton Road - Road has been closed following a collision. 
2025-12-30T07:47:53.703874,TIMS-206772,Works,Moderate,"[A12] EASTERN AVENUE EAST (RM2 ,RM3 ) (Havering)",['a12'],"Gallows Corner Flyover Refurbishment - [A12] Eastern Avenue East (All directions) at the junction of [A12] Colchester Road - Various restrictions, to facilitate the refurbishment of Gallows Corner Flyover. Full closure of the Flyover and the roundabout including all approaches in place."
2025-12-30T07:47:53.703874,TIMS-213893,Works,Moderate,"[A23] STREATHAM HILL (SW16 ,SW2 ) (Lambeth)",['a23'],"[A23] Streatham Hill (Both directions) between [A205] Christchurch Road and Leigham Court Road - Various restrictions for TfL works. Lane restrictions, in place over the course of the works. On 15/02/2026, 16/02/2026, 17/05/2026, 18/05/2026 there will be a full overnight closure. "
2025-12-30T07:47:53.703874,TIMS-200007,Works,Moderate,"KING WILLIAM STREET (EC3V,EC4N,EC4R) (City of London)",['bishopsgate cross route'],King William Street (Southbound) at the junction of Lombard Street - Road closed to facilitate urban realm works.
2025-12-30T07:47:53.703874,TIMS-216408,Works,Moderate,[A400] HAMPSTEAD ROAD (NW1 ) (Camden),['inner ring'],[A400] Hampstead Road (Both directions) at the junction of Robert Street - Temporary traffic signals and lane restrictions are in place for HS2 works.
2025-12-30T07:47:53.703874,TIMS-204461,Works,Moderate,"[A3203] LAMBETH BRIDGE (SE1 ,SW1P ) (Lambeth,Westminster)",['southern river route'],[A3203] Lambeth Bridge (Eastbound) between [A3036] A 3036 and [A3212] Millbank - Lane restrictions are in place at either side of the bridge for junction improvement works.
2025-12-30T07:47:53.703874,TIMS-221134,Network delays,Moderate,"[A101] ROTHERHITHE TUNNEL (E1W ,SE16 ) (Southwark,Tower Hamlets)",['southern river route'],"[A101] Rotherhithe Tunnel (Both directions) between [A200] Jamaica Road and [A13] Commercial Road - The Tunnel may be subject to short, intermittent closures"
2025-12-30T07:47:53.703874,TIMS-220472,Hazards,Moderate,"[A4200] SOUTHAMPTON ROW (WC1A ,WC1B ,WC1N ,WC1V ) (Camden)",[],[A4200] Southampton Row (Both directions) between [A40] High Holborn and [A40] Vernon Place - The road is closed due to emergency UKPN works. Vernon Place westbound bus lane is also closed. 
2025-12-30T07:47:53.703874,TIMS-221961,Network delays,Minimal,[A2204] FERRY APPROACH (SE18 ) (Greenwich),['a205'],[A2204] Ferry Approach (Both directions) at the junction of [A206] Woolwich Ferry Roundabout - The Woolwich Ferry is operating a one boat service
2025-12-30T07:47:53.703874,TIMS-221957,Works,Minimal,[A3] WANDSWORTH HIGH STREET (SW18 ) (Wandsworth),['a205'],[A3] Wandsworth High Street (Both directions) between [A3] West Hill and [A3] East Hill - Road closures in place due to a burst water main. 
2025-12-30T07:47:53.703874,TIMS-222012,Works,Minimal,[A212] CATFORD HILL (SE6 ) (Lewisham),['a205'],[A212] Catford Hill (Both directions) at the junction of Beechfield Road - Two way temporary traffic lights in place to facilitate Thames Water works. 
2025-12-30T07:47:53.703874,TIMS-222025,Works,Minimal,[A22] GODSTONE ROAD (CR8 ) (Croydon),['a23'],"[A22] Godstone Road (Both directions) at the junction of Station Road - Two-way temporary signals in operation near Kenley station, due to burst water main repairs. "
2025-12-30T07:47:53.703874,TIMS-221773,Works,Minimal,"[A216] MITCHAM LANE (SW16 ) (Lambeth,Wandsworth)",['a23'],[A216] Mitcham Lane (Both directions) at the junction of Fernwood Avenue - Temporary signals in operation to facilitate repairs to a burst water main.
2025-12-30T07:47:53.703874,TIMS-210389,Works,Minimal,"[A40] WESTWAY (W10 ,W12 ) (Hammersmith & Fulham,Kensington & Chelsea)",['a40'],[A40] Westway (Eastbound) at the junction of [A3220] West Cross Route - The exit slip road to the Northern Roundabout is closed to facilitate repair works. 
2025-12-30T07:47:53.703874,TIMS-222023,Works,Minimal,"[A40] WESTERN AVENUE (HA4 ,UB10 ) (Hillingdon)",['a40'],"[A40] Western Avenue (Westbound) at the junction of [A4180] West End Road - Lane one (of three) closure after the onslip from Polish War Memorial, due to urgent water main repairs. "
2025-12-30T07:47:53.703874,TIMS-222045,Collisions,Minimal,[A41] WATFORD WAY (NW4 ) (Barnet),['a41'],[A41] Watford Way (Southbound) at the junction of Vivian Avenue - Lane one (of three) closure following a collision.
2025-12-30T07:47:53.703874,TIMS-222029,Works,Minimal,"[A1203] THE HIGHWAY (E1 ,E1W ) (Tower Hamlets)",['city route'],"[A1203] The Highway (Westbound) at the junction of [A1202] Dock Street - Lane closure due to urgent UKPN cable repairs.
"
2025-12-30T07:47:53.703874,TIMS-221963,Works,Minimal,JAIL LANE (TN16 ) (Bromley),[],Jail Lane (Both directions) at the junction of Old Tye Avenue - Road closed to facilitate Thames Water works. 
2025-12-30T07:47:53.703874,TIMS-221831,Works,Minimal,"PECKHAM RYE (SE15 ,SE22 ) (Southwark)",[],Peckham Rye (All directions) at the junction of [A2214] Nunhead Lane - Temporary traffic signals are in place to facilitate ermergency SGN works.
2025-12-30T07:47:53.703874,TIMS-220784,Works,Minimal,"[A1205] BURDETT ROAD (E1 ,E14 ,E3 ) (Tower Hamlets)",[],"[A1205] Burdett Road (Both directions) at the junction of [B140] St Pauls Way - Temporary traffic signals lane restrictions in use to facilitate Thames Water works. In addition, no access to St Paul's Way."
2025-12-30T07:47:53.703874,TIMS-212391,Works,Minimal,[A4020] UXBRIDGE ROAD (W12 ) (Hammersmith & Fulham),[],[A4020] Uxbridge Road (Both directions) at the junction of [A402] Shepherds Bush Green - Restrictions in place in various locations on Uxbridge Road and Shepherds Bush Green due to C34 cycle lane scheme works.
2025-12-30T07:47:53.703874,TIMS-213362,Works,Minimal,"[A107] MARE STREET (E8 ,E9 ) (Hackney)",[],"[A107] Mare Street (Both directions) between [A1207] Graham Road and [A107] Amhurst Road - Road is closed to facilitate urban realm works. Additionally, temporary signals are in place at the junction of Graham Road."
2025-12-30T07:47:53.703874,TIMS-219173,Works,Minimal,[A219] WOOD LANE (W12 ) (Hammersmith & Fulham),[],[A219] Wood Lane (Both directions) at the junction of [A40] Westway - Various carriageway and footway restrictions in place to facilitate Cycle Superhighway works.
2025-12-30T07:47:53.703874,TIMS-217012,Works,Minimal,[A206] WOOLWICH ROAD (SE7 ) (Greenwich),[],[A206] Woolwich Road (Both directions) between Anchor & Hope Lane and John Wilson Street. - Lane restrictions to facilitate the construction of a segregated cycle lane. 
2025-12-30T07:47:53.703874,TIMS-216723,Works,Minimal,"TILLING ROAD (NW2 ,NW4 ) (Barnet)",[],Tilling Road (All approaches) at the junction of Claremont Road. - Temporary traffic signals in place to facilitate roadworks. 
2025-12-30T07:47:53.703874,TIMS-221854,Works,Minimal,"[A20] ELTHAM ROAD (SE12 ,SE3 ) (Greenwich,Lewisham)",['a20'],[A20] Eltham Road (Westbound) at the junction of Cambridge Drive - Lane restrictions to be implemented to facilitate SGN works. 
2025-12-30T07:47:53.703874,TIMS-221700,Works,Minimal,[A205] WALDRAM CRESCENT (SE23 ) (Lewisham),['a205'],[A205] Waldram Crescent (Both directions) at the junction of Stanstead Road - Contra-flow in operation to facilitate SGN works.
2025-12-30T07:47:53.703874,TIMS-221978,Works,Minimal,"[A3] BATTERSEA RISE (SW11 ,SW18 ) (Wandsworth)",['a205'],[A3] Battersea Rise (Both directions) at the junction of Bolingbroke Grove - There are 2-way temporary traffic lights at this location for Thames Water works. 
2025-12-30T07:47:53.703874,TIMS-209852,Works,Minimal,"[A3205] NINE ELMS LANE (SW11 ,SW8 ) (Lambeth,Wandsworth)","['a3', 'inner ring']",[A3205] Nine Elms Lane (Both directions) at the junction of Ponton Road - Lane closures in place to facilitate Urban Realm Works.
2025-12-30T07:47:53.703874,TIMS-220695,Works,Minimal,"[A41] FINCHLEY ROAD (NW3 ,NW6 ,NW8 ) (Camden)",['a41'],[A41] Finchley Road (Southbound) at the junction of [B511] College Crescent - Lanes one and two (of three) closed to facilitate emergency Thames Water works.
2025-12-30T07:47:53.703874,TIMS-221816,Works,Minimal,[A302] GROSVENOR GARDENS (SW1W ) (Westminster),['inner ring'],[A302] Grosvenor Gardens (Southbound) at the junction of [A302] Victoria Street - The right turn from Buckingham Palace Road into Grosvenor Gardens has been closed due to emergency repairs by Cadent Gas.
2025-12-30T07:47:53.703874,TIMS-220134,Works,Minimal,"[A206] WOOLWICH CHURCH STREET (SE18 ,SE7 ) (Greenwich)",[],[A206] Woolwich Church Street (Westbound) at the junction of Warspite Road - Lane restriction due to ongoing cycle scheme works.
2025-12-30T07:47:53.703874,TIMS-222027,Works,Minimal,"[B212] STRATHEDEN ROAD (SE3 ) (Greenwich,Lewisham)",[],Thames Water works - [B212] Stratheden Road (Both directions) at the junction of [A2] Shooters Hill Road - The road is closed due to Thames Water works. 
2025-12-30T07:47:53.703874,TIMS-215004,Works,Minimal,"DU CANE ROAD (W12 ,W3 ) (Hammersmith & Fulham)",[],Du Cane Road (Both directions) at the junction of Hilary Road - Two-way temporary traffic signals are in operation for bridge works.
2025-12-30T07:47:53.703874,TIMS-218924,Works,Minimal,[A206] WOOLWICH CHURCH STREET (SE18 ) (Greenwich),[],[A206] Woolwich Church Street (Both directions) at the junction of [A206] Woolwich Ferry Roundabout - Various restrictions in place to facilitate cycle lane works.
2025-12-30T07:47:53.703874,TIMS-221797,Planned events,Minimal,HORSE GUARDS AVENUE (SW1A ) (Westminster),[],Horse Guards Avenue (Both directions) between [A3211] Victoria Embankment and Whitehall Court - The road will be closed to facilitate the build for New Year's Eve celebrations. 
2025-12-30T07:47:53.703874,TIMS-219885,Works,Minimal,"[A1205] BURDETT ROAD (E1 ,E3 ) (Tower Hamlets)",[],[A1205] Burdett Road (Both directions) at the junction of [A11] Mile End Road - Lane restrictions in place to facilitate Thames Water works.
2025-12-30T07:47:53.703874,TIMS-221720,Works,Minimal,"[A112] PRINCE REGENT LANE (E13 ,E16 ) (Newham)",[],[A112] Prince Regent Lane (Northbound) at the junction of Churchill Road - Road closed northbound due to emergency Thames Water works.
2025-12-30T07:47:53.703874,TIMS-219993,Works,Minimal,[A200] LOWER ROAD (SE16 ) (Southwark),[],[A200] Lower Road (Both directions) at the junction of Gomm Road - Temporary traffic signals to be implemented to facilitate cable works. 
2025-12-30T07:47:53.703874,TIMS-221911,Works,Minimal,SELBORNE ROAD (E17 ) (Waltham Forest),[],Selborne Road (Both directions) at the junction of Vernon Road - Temporary traffic signals in operation to facilitate Thames Water works. 
2025-12-30T07:47:53.703874,TIMS-222047,Collisions,Minimal,[A232] CHEAM ROAD (SM1 ) (Sutton),[],[A232] Cheam Road (Both directions) at the junction of [A232] Carshalton Road - Road has been closed following a collision. 
2025-12-30T07:56:06.944864,TIMS-206772,Works,Moderate,"[A12] EASTERN AVENUE EAST (RM2 ,RM3 ) (Havering)",['a12'],"Gallows Corner Flyover Refurbishment - [A12] Eastern Avenue East (All directions) at the junction of [A12] Colchester Road - Various restrictions, to facilitate the refurbishment of Gallows Corner Flyover. Full closure of the Flyover and the roundabout including all approaches in place."
2025-12-30T07:56:06.944864,TIMS-213893,Works,Moderate,"[A23] STREATHAM HILL (SW16 ,SW2 ) (Lambeth)",['a23'],"[A23] Streatham Hill (Both directions) between [A205] Christchurch Road and Leigham Court Road - Various restrictions for TfL works. Lane restrictions, in place over the course of the works. On 15/02/2026, 16/02/2026, 17/05/2026, 18/05/2026 there will be a full overnight closure. "
2025-12-30T07:56:06.944864,TIMS-200007,Works,Moderate,"KING WILLIAM STREET (EC3V,EC4N,EC4R) (City of London)",['bishopsgate cross route'],King William Street (Southbound) at the junction of Lombard Street - Road closed to facilitate urban realm works.
2025-12-30T07:56:06.944864,TIMS-216408,Works,Moderate,[A400] HAMPSTEAD ROAD (NW1 ) (Camden),['inner ring'],[A400] Hampstead Road (Both directions) at the junction of Robert Street - Temporary traffic signals and lane restrictions are in place for HS2 works.
2025-12-30T07:56:06.944864,TIMS-204461,Works,Moderate,"[A3203] LAMBETH BRIDGE (SE1 ,SW1P ) (Lambeth,Westminster)",['southern river route'],[A3203] Lambeth Bridge (Eastbound) between [A3036] A 3036 and [A3212] Millbank - Lane restrictions are in place at either side of the bridge for junction improvement works.
2025-12-30T07:56:06.944864,TIMS-221134,Network delays,Moderate,"[A101] ROTHERHITHE TUNNEL (E1W ,SE16 ) (Southwark,Tower Hamlets)",['southern river route'],"[A101] Rotherhithe Tunnel (Both directions) between [A200] Jamaica Road and [A13] Commercial Road - The Tunnel may be subject to short, intermittent closures"
2025-12-30T07:56:06.944864,TIMS-220472,Hazards,Moderate,"[A4200] SOUTHAMPTON ROW (WC1A ,WC1B ,WC1N ,WC1V ) (Camden)",[],[A4200] Southampton Row (Both directions) between [A40] High Holborn and [A40] Vernon Place - The road is closed due to emergency UKPN works. Vernon Place westbound bus lane is also closed. 
2025-12-30T07:56:06.944864,TIMS-221961,Network delays,Minimal,[A2204] FERRY APPROACH (SE18 ) (Greenwich),['a205'],[A2204] Ferry Approach (Both directions) at the junction of [A206] Woolwich Ferry Roundabout - The Woolwich Ferry is operating a one boat service
2025-12-30T07:56:06.944864,TIMS-222012,Works,Minimal,[A212] CATFORD HILL (SE6 ) (Lewisham),['a205'],[A212] Catford Hill (Both directions) at the junction of Beechfield Road - Two way temporary traffic lights in place to facilitate Thames Water works. 
2025-12-30T07:56:06.944864,TIMS-221957,Works,Minimal,[A3] WANDSWORTH HIGH STREET (SW18 ) (Wandsworth),['a205'],[A3] Wandsworth High Street (Both directions) between [A3] West Hill and [A3] East Hill - Road closures in place due to a burst water main. 
2025-12-30T07:56:06.944864,TIMS-221773,Works,Minimal,"[A216] MITCHAM LANE (SW16 ) (Lambeth,Wandsworth)",['a23'],[A216] Mitcham Lane (Both directions) at the junction of Fernwood Avenue - Temporary signals in operation to facilitate repairs to a burst water main.
2025-12-30T07:56:06.944864,TIMS-222025,Works,Minimal,[A22] GODSTONE ROAD (CR8 ) (Croydon),['a23'],"[A22] Godstone Road (Both directions) at the junction of Station Road - Two-way temporary signals in operation near Kenley station, due to burst water main repairs. "
2025-12-30T07:56:06.944864,TIMS-222023,Works,Minimal,"[A40] WESTERN AVENUE (HA4 ,UB10 ) (Hillingdon)",['a40'],"[A40] Western Avenue (Westbound) at the junction of [A4180] West End Road - Lane one (of three) closure after the onslip from Polish War Memorial, due to urgent water main repairs. "
2025-12-30T07:56:06.944864,TIMS-210389,Works,Minimal,"[A40] WESTWAY (W10 ,W12 ) (Hammersmith & Fulham,Kensington & Chelsea)",['a40'],[A40] Westway (Eastbound) at the junction of [A3220] West Cross Route - The exit slip road to the Northern Roundabout is closed to facilitate repair works. 
2025-12-30T07:56:06.944864,TIMS-222029,Works,Minimal,"[A1203] THE HIGHWAY (E1 ,E1W ) (Tower Hamlets)",['city route'],"[A1203] The Highway (Westbound) at the junction of [A1202] Dock Street - Lane closure due to urgent UKPN cable repairs.
"
2025-12-30T07:56:06.944864,TIMS-219173,Works,Minimal,[A219] WOOD LANE (W12 ) (Hammersmith & Fulham),[],[A219] Wood Lane (Both directions) at the junction of [A40] Westway - Various carriageway and footway restrictions in place to facilitate Cycle Superhighway works.
2025-12-30T07:56:06.944864,TIMS-216723,Works,Minimal,"TILLING ROAD (NW2 ,NW4 ) (Barnet)",[],Tilling Road (All approaches) at the junction of Claremont Road. - Temporary traffic signals in place to facilitate roadworks. 
2025-12-30T07:56:06.944864,TIMS-221963,Works,Minimal,JAIL LANE (TN16 ) (Bromley),[],Jail Lane (Both directions) at the junction of Old Tye Avenue - Road closed to facilitate Thames Water works. 
2025-12-30T07:56:06.944864,TIMS-213362,Works,Minimal,"[A107] MARE STREET (E8 ,E9 ) (Hackney)",[],"[A107] Mare Street (Both directions) between [A1207] Graham Road and [A107] Amhurst Road - Road is closed to facilitate urban realm works. Additionally, temporary signals are in place at the junction of Graham Road."
2025-12-30T07:56:06.944864,TIMS-220784,Works,Minimal,"[A1205] BURDETT ROAD (E1 ,E14 ,E3 ) (Tower Hamlets)",[],"[A1205] Burdett Road (Both directions) at the junction of [B140] St Pauls Way - Temporary traffic signals lane restrictions in use to facilitate Thames Water works. In addition, no access to St Paul's Way."
2025-12-30T07:56:06.944864,TIMS-212391,Works,Minimal,[A4020] UXBRIDGE ROAD (W12 ) (Hammersmith & Fulham),[],[A4020] Uxbridge Road (Both directions) at the junction of [A402] Shepherds Bush Green - Restrictions in place in various locations on Uxbridge Road and Shepherds Bush Green due to C34 cycle lane scheme works.
2025-12-30T07:56:06.944864,TIMS-217012,Works,Minimal,[A206] WOOLWICH ROAD (SE7 ) (Greenwich),[],[A206] Woolwich Road (Both directions) between Anchor & Hope Lane and John Wilson Street. - Lane restrictions to facilitate the construction of a segregated cycle lane. 
2025-12-30T07:56:06.944864,TIMS-221831,Works,Minimal,"PECKHAM RYE (SE15 ,SE22 ) (Southwark)",[],Peckham Rye (All directions) at the junction of [A2214] Nunhead Lane - Temporary traffic signals are in place to facilitate ermergency SGN works.
2025-12-30T07:56:06.944864,TIMS-221978,Works,Minimal,"[A3] BATTERSEA RISE (SW11 ,SW18 ) (Wandsworth)",['a205'],[A3] Battersea Rise (Both directions) at the junction of Bolingbroke Grove - There are 2-way temporary traffic lights at this location for Thames Water works. 
2025-12-30T07:56:06.944864,TIMS-221700,Works,Minimal,[A205] WALDRAM CRESCENT (SE23 ) (Lewisham),['a205'],[A205] Waldram Crescent (Both directions) at the junction of Stanstead Road - Contra-flow in operation to facilitate SGN works.
2025-12-30T07:56:06.944864,TIMS-209852,Works,Minimal,"[A3205] NINE ELMS LANE (SW11 ,SW8 ) (Lambeth,Wandsworth)","['a3', 'inner ring']",[A3205] Nine Elms Lane (Both directions) at the junction of Ponton Road - Lane closures in place to facilitate Urban Realm Works.
2025-12-30T07:56:06.944864,TIMS-220695,Works,Minimal,"[A41] FINCHLEY ROAD (NW3 ,NW6 ,NW8 ) (Camden)",['a41'],[A41] Finchley Road (Southbound) at the junction of [B511] College Crescent - Lanes one and two (of three) closed to facilitate emergency Thames Water works.
2025-12-30T07:56:06.944864,TIMS-221816,Works,Minimal,[A302] GROSVENOR GARDENS (SW1W ) (Westminster),['inner ring'],[A302] Grosvenor Gardens (Southbound) at the junction of [A302] Victoria Street - The right turn from Buckingham Palace Road into Grosvenor Gardens has been closed due to emergency repairs by Cadent Gas.
2025-12-30T07:56:06.944864,TIMS-221911,Works,Minimal,SELBORNE ROAD (E17 ) (Waltham Forest),[],Selborne Road (Both directions) at the junction of Vernon Road - Temporary traffic signals in operation to facilitate Thames Water works. 
2025-12-30T07:56:06.944864,TIMS-221797,Planned events,Minimal,HORSE GUARDS AVENUE (SW1A ) (Westminster),[],Horse Guards Avenue (Both directions) between [A3211] Victoria Embankment and Whitehall Court - The road will be closed to facilitate the build for New Year's Eve celebrations. 
2025-12-30T07:56:06.944864,TIMS-221720,Works,Minimal,"[A112] PRINCE REGENT LANE (E13 ,E16 ) (Newham)",[],[A112] Prince Regent Lane (Northbound) at the junction of Churchill Road - Road closed northbound due to emergency Thames Water works.
2025-12-30T07:56:06.944864,TIMS-220134,Works,Minimal,"[A206] WOOLWICH CHURCH STREET (SE18 ,SE7 ) (Greenwich)",[],[A206] Woolwich Church Street (Westbound) at the junction of Warspite Road - Lane restriction due to ongoing cycle scheme works.
2025-12-30T07:56:06.944864,TIMS-219993,Works,Minimal,[A200] LOWER ROAD (SE16 ) (Southwark),[],[A200] Lower Road (Both directions) at the junction of Gomm Road - Temporary traffic signals to be implemented to facilitate cable works. 
2025-12-30T07:56:06.944864,TIMS-219885,Works,Minimal,"[A1205] BURDETT ROAD (E1 ,E3 ) (Tower Hamlets)",[],[A1205] Burdett Road (Both directions) at the junction of [A11] Mile End Road - Lane restrictions in place to facilitate Thames Water works.
2025-12-30T07:56:06.944864,TIMS-218924,Works,Minimal,[A206] WOOLWICH CHURCH STREET (SE18 ) (Greenwich),[],[A206] Woolwich Church Street (Both directions) at the junction of [A206] Woolwich Ferry Roundabout - Various restrictions in place to facilitate cycle lane works.
2025-12-30T07:56:06.944864,TIMS-215004,Works,Minimal,"DU CANE ROAD (W12 ,W3 ) (Hammersmith & Fulham)",[],Du Cane Road (Both directions) at the junction of Hilary Road - Two-way temporary traffic signals are in operation for bridge works.
2025-12-30T07:56:06.944864,TIMS-222027,Works,Minimal,"[B212] STRATHEDEN ROAD (SE3 ) (Greenwich,Lewisham)",[],Thames Water works - [B212] Stratheden Road (Both directions) at the junction of [A2] Shooters Hill Road - The road is closed due to Thames Water works. 
2025-12-30T07:56:06.944864,TIMS-222047,Collisions,Minimal,[A232] CHEAM ROAD (SM1 ) (Sutton),[],[A232] Cheam Road (Both directions) at the junction of [A232] Carshalton Road - Road has been closed following a collision. 
2025-12-30T08:23:09.486647,TIMS-206772,Works,Moderate,"[A12] EASTERN AVENUE EAST (RM2 ,RM3 ) (Havering)",['a12'],"Gallows Corner Flyover Refurbishment - [A12] Eastern Avenue East (All directions) at the junction of [A12] Colchester Road - Various restrictions, to facilitate the refurbishment of Gallows Corner Flyover. Full closure of the Flyover and the roundabout including all approaches in place."
2025-12-30T08:23:09.486647,TIMS-213893,Works,Moderate,"[A23] STREATHAM HILL (SW16 ,SW2 ) (Lambeth)",['a23'],"[A23] Streatham Hill (Both directions) between [A205] Christchurch Road and Leigham Court Road - Various restrictions for TfL works. Lane restrictions, in place over the course of the works. On 15/02/2026, 16/02/2026, 17/05/2026, 18/05/2026 there will be a full overnight closure. "
2025-12-30T08:23:09.486647,TIMS-200007,Works,Moderate,"KING WILLIAM STREET (EC3V,EC4N,EC4R) (City of London)",['bishopsgate cross route'],King William Street (Southbound) at the junction of Lombard Street - Road closed to facilitate urban realm works.
2025-12-30T08:23:09.486647,TIMS-216408,Works,Moderate,[A400] HAMPSTEAD ROAD (NW1 ) (Camden),['inner ring'],[A400] Hampstead Road (Both directions) at the junction of Robert Street - Temporary traffic signals and lane restrictions are in place for HS2 works.
2025-12-30T08:23:09.486647,TIMS-204461,Works,Moderate,"[A3203] LAMBETH BRIDGE (SE1 ,SW1P ) (Lambeth,Westminster)",['southern river route'],[A3203] Lambeth Bridge (Eastbound) between [A3036] A 3036 and [A3212] Millbank - Lane restrictions are in place at either side of the bridge for junction improvement works.
2025-12-30T08:23:09.486647,TIMS-221134,Network delays,Moderate,"[A101] ROTHERHITHE TUNNEL (E1W ,SE16 ) (Southwark,Tower Hamlets)",['southern river route'],"[A101] Rotherhithe Tunnel (Both directions) between [A200] Jamaica Road and [A13] Commercial Road - The Tunnel may be subject to short, intermittent closures"
2025-12-30T08:23:09.486647,TIMS-222049,Collisions,Moderate,"[A3220] WEST CROSS ROUTE (W10 ,W11 ,W12 ) (Hammersmith & Fulham,Kensington & Chelsea)",['western cross route'],[A3220] West Cross Route (Southbound) at the junction of [A3220] Holland Park Roundabout - Closure between A40 Northern Roundabout and Holland Park Roundabout following a collision. Lane one (of four) also restricted on Holland Park Roundabout. 
2025-12-30T08:23:09.486647,TIMS-220472,Hazards,Moderate,"[A4200] SOUTHAMPTON ROW (WC1A ,WC1B ,WC1N ,WC1V ) (Camden)",[],[A4200] Southampton Row (Both directions) between [A40] High Holborn and [A40] Vernon Place - The road is closed due to emergency UKPN works. Vernon Place westbound bus lane is also closed. 
2025-12-30T08:23:09.486647,TIMS-222012,Works,Minimal,[A212] CATFORD HILL (SE6 ) (Lewisham),['a205'],[A212] Catford Hill (Both directions) at the junction of Beechfield Road - Two way temporary traffic lights in place to facilitate Thames Water works. 
2025-12-30T08:23:09.486647,TIMS-221961,Network delays,Minimal,[A2204] FERRY APPROACH (SE18 ) (Greenwich),['a205'],[A2204] Ferry Approach (Both directions) at the junction of [A206] Woolwich Ferry Roundabout - The Woolwich Ferry is operating a one boat service
2025-12-30T08:23:09.486647,TIMS-221957,Works,Minimal,[A3] WANDSWORTH HIGH STREET (SW18 ) (Wandsworth),['a205'],[A3] Wandsworth High Street (Both directions) between [A3] West Hill and [A3] East Hill - Road closures in place due to a burst water main. 
2025-12-30T08:23:09.486647,TIMS-222025,Works,Minimal,[A22] GODSTONE ROAD (CR8 ) (Croydon),['a23'],"[A22] Godstone Road (Both directions) at the junction of Station Road - Two-way temporary signals in operation near Kenley station, due to burst water main repairs. "
2025-12-30T08:23:09.486647,TIMS-221773,Works,Minimal,"[A216] MITCHAM LANE (SW16 ) (Lambeth,Wandsworth)",['a23'],[A216] Mitcham Lane (Both directions) at the junction of Fernwood Avenue - Temporary signals in operation to facilitate repairs to a burst water main.
2025-12-30T08:23:09.486647,TIMS-210389,Works,Minimal,"[A40] WESTWAY (W10 ,W12 ) (Hammersmith & Fulham,Kensington & Chelsea)",['a40'],[A40] Westway (Eastbound) at the junction of [A3220] West Cross Route - The exit slip road to the Northern Roundabout is closed to facilitate repair works. 
2025-12-30T08:23:09.486647,TIMS-222023,Works,Minimal,"[A40] WESTERN AVENUE (HA4 ,UB10 ) (Hillingdon)",['a40'],"[A40] Western Avenue (Westbound) at the junction of [A4180] West End Road - Lane one (of three) closure after the onslip from Polish War Memorial, due to urgent water main repairs. "
2025-12-30T08:23:09.486647,TIMS-222029,Works,Minimal,"[A1203] THE HIGHWAY (E1 ,E1W ) (Tower Hamlets)",['city route'],"[A1203] The Highway (Westbound) at the junction of [A1202] Dock Street - Lane closure due to urgent UKPN cable repairs.
"
2025-12-30T08:23:09.486647,TIMS-212391,Works,Minimal,[A4020] UXBRIDGE ROAD (W12 ) (Hammersmith & Fulham),[],[A4020] Uxbridge Road (Both directions) at the junction of [A402] Shepherds Bush Green - Restrictions in place in various locations on Uxbridge Road and Shepherds Bush Green due to C34 cycle lane scheme works.
2025-12-30T08:23:09.486647,TIMS-221963,Works,Minimal,JAIL LANE (TN16 ) (Bromley),[],Jail Lane (Both directions) at the junction of Old Tye Avenue - Road closed to facilitate Thames Water works. 
2025-12-30T08:23:09.486647,TIMS-221831,Works,Minimal,"PECKHAM RYE (SE15 ,SE22 ) (Southwark)",[],Peckham Rye (All directions) at the junction of [A2214] Nunhead Lane - Temporary traffic signals are in place to facilitate ermergency SGN works.
2025-12-30T08:23:09.486647,TIMS-213362,Works,Minimal,"[A107] MARE STREET (E8 ,E9 ) (Hackney)",[],"[A107] Mare Street (Both directions) between [A1207] Graham Road and [A107] Amhurst Road - Road is closed to facilitate urban realm works. Additionally, temporary signals are in place at the junction of Graham Road."
2025-12-30T08:23:09.486647,TIMS-220784,Works,Minimal,"[A1205] BURDETT ROAD (E1 ,E14 ,E3 ) (Tower Hamlets)",[],"[A1205] Burdett Road (Both directions) at the junction of [B140] St Pauls Way - Temporary traffic signals lane restrictions in use to facilitate Thames Water works. In addition, no access to St Paul's Way."
2025-12-30T08:23:09.486647,TIMS-216723,Works,Minimal,"TILLING ROAD (NW2 ,NW4 ) (Barnet)",[],Tilling Road (All approaches) at the junction of Claremont Road. - Temporary traffic signals in place to facilitate roadworks. 
2025-12-30T08:23:09.486647,TIMS-217012,Works,Minimal,[A206] WOOLWICH ROAD (SE7 ) (Greenwich),[],[A206] Woolwich Road (Both directions) between Anchor & Hope Lane and John Wilson Street. - Lane restrictions to facilitate the construction of a segregated cycle lane. 
2025-12-30T08:23:09.486647,TIMS-219173,Works,Minimal,[A219] WOOD LANE (W12 ) (Hammersmith & Fulham),[],[A219] Wood Lane (Both directions) at the junction of [A40] Westway - Various carriageway and footway restrictions in place to facilitate Cycle Superhighway works.
2025-12-30T08:23:09.486647,TIMS-221700,Works,Minimal,[A205] WALDRAM CRESCENT (SE23 ) (Lewisham),['a205'],[A205] Waldram Crescent (Both directions) at the junction of Stanstead Road - Contra-flow in operation to facilitate SGN works.
2025-12-30T08:23:09.486647,TIMS-221978,Works,Minimal,"[A3] BATTERSEA RISE (SW11 ,SW18 ) (Wandsworth)",['a205'],[A3] Battersea Rise (Both directions) at the junction of Bolingbroke Grove - There are 2-way temporary traffic lights at this location for Thames Water works. 
2025-12-30T08:23:09.486647,TIMS-209852,Works,Minimal,"[A3205] NINE ELMS LANE (SW11 ,SW8 ) (Lambeth,Wandsworth)","['a3', 'inner ring']",[A3205] Nine Elms Lane (Both directions) at the junction of Ponton Road - Lane closures in place to facilitate Urban Realm Works.
2025-12-30T08:23:09.486647,TIMS-220695,Works,Minimal,"[A41] FINCHLEY ROAD (NW3 ,NW6 ,NW8 ) (Camden)",['a41'],[A41] Finchley Road (Southbound) at the junction of [B511] College Crescent - Lanes one and two (of three) closed to facilitate emergency Thames Water works.
2025-12-30T08:23:09.486647,TIMS-221816,Works,Minimal,[A302] GROSVENOR GARDENS (SW1W ) (Westminster),['inner ring'],[A302] Grosvenor Gardens (Southbound) at the junction of [A302] Victoria Street - The right turn from Buckingham Palace Road into Grosvenor Gardens has been closed due to emergency repairs by Cadent Gas.
2025-12-30T08:23:09.486647,TIMS-215004,Works,Minimal,"DU CANE ROAD (W12 ,W3 ) (Hammersmith & Fulham)",[],Du Cane Road (Both directions) at the junction of Hilary Road - Two-way temporary traffic signals are in operation for bridge works.
2025-12-30T08:23:09.486647,TIMS-222027,Works,Minimal,"[B212] STRATHEDEN ROAD (SE3 ) (Greenwich,Lewisham)",[],Thames Water works - [B212] Stratheden Road (Both directions) at the junction of [A2] Shooters Hill Road - The road is closed due to Thames Water works. 
2025-12-30T08:23:09.486647,TIMS-218924,Works,Minimal,[A206] WOOLWICH CHURCH STREET (SE18 ) (Greenwich),[],[A206] Woolwich Church Street (Both directions) at the junction of [A206] Woolwich Ferry Roundabout - Various restrictions in place to facilitate cycle lane works.
2025-12-30T08:23:09.486647,TIMS-219885,Works,Minimal,"[A1205] BURDETT ROAD (E1 ,E3 ) (Tower Hamlets)",[],[A1205] Burdett Road (Both directions) at the junction of [A11] Mile End Road - Lane restrictions in place to facilitate Thames Water works.
2025-12-30T08:23:09.486647,TIMS-221911,Works,Minimal,SELBORNE ROAD (E17 ) (Waltham Forest),[],Selborne Road (Both directions) at the junction of Vernon Road - Temporary traffic signals in operation to facilitate Thames Water works. 
2025-12-30T08:23:09.486647,TIMS-220134,Works,Minimal,"[A206] WOOLWICH CHURCH STREET (SE18 ,SE7 ) (Greenwich)",[],[A206] Woolwich Church Street (Westbound) at the junction of Warspite Road - Lane restriction due to ongoing cycle scheme works.
2025-12-30T08:23:09.486647,TIMS-221797,Planned events,Minimal,HORSE GUARDS AVENUE (SW1A ) (Westminster),[],Horse Guards Avenue (Both directions) between [A3211] Victoria Embankment and Whitehall Court - The road will be closed to facilitate the build for New Year's Eve celebrations. 
2025-12-30T08:23:09.486647,TIMS-222047,Collisions,Minimal,[A232] CHEAM ROAD (SM1 ) (Sutton),[],[A232] Cheam Road (Both directions) at the junction of [A232] Carshalton Road - Road has been closed following a collision. 
2025-12-30T08:23:09.486647,TIMS-219993,Works,Minimal,[A200] LOWER ROAD (SE16 ) (Southwark),[],[A200] Lower Road (Both directions) at the junction of Gomm Road - Temporary traffic signals to be implemented to facilitate cable works. 
2025-12-30T08:23:09.486647,TIMS-221720,Works,Minimal,"[A112] PRINCE REGENT LANE (E13 ,E16 ) (Newham)",[],[A112] Prince Regent Lane (Northbound) at the junction of Churchill Road - Road closed northbound due to emergency Thames Water works.
2025-12-30T08:50:21.409916,TIMS-206772,Works,Moderate,"[A12] EASTERN AVENUE EAST (RM2 ,RM3 ) (Havering)",['a12'],"Gallows Corner Flyover Refurbishment - [A12] Eastern Avenue East (All directions) at the junction of [A12] Colchester Road - Various restrictions, to facilitate the refurbishment of Gallows Corner Flyover. Full closure of the Flyover and the roundabout including all approaches in place."
2025-12-30T08:50:21.409916,TIMS-213893,Works,Moderate,"[A23] STREATHAM HILL (SW16 ,SW2 ) (Lambeth)",['a23'],"[A23] Streatham Hill (Both directions) between [A205] Christchurch Road and Leigham Court Road - Various restrictions for TfL works. Lane restrictions, in place over the course of the works. On 15/02/2026, 16/02/2026, 17/05/2026, 18/05/2026 there will be a full overnight closure. "
2025-12-30T08:50:21.409916,TIMS-200007,Works,Moderate,"KING WILLIAM STREET (EC3V,EC4N,EC4R) (City of London)",['bishopsgate cross route'],King William Street (Southbound) at the junction of Lombard Street - Road closed to facilitate urban realm works.
2025-12-30T08:50:21.409916,TIMS-216408,Works,Moderate,[A400] HAMPSTEAD ROAD (NW1 ) (Camden),['inner ring'],[A400] Hampstead Road (Both directions) at the junction of Robert Street - Temporary traffic signals and lane restrictions are in place for HS2 works.
2025-12-30T08:50:21.409916,TIMS-204461,Works,Moderate,"[A3203] LAMBETH BRIDGE (SE1 ,SW1P ) (Lambeth,Westminster)",['southern river route'],[A3203] Lambeth Bridge (Eastbound) between [A3036] A 3036 and [A3212] Millbank - Lane restrictions are in place at either side of the bridge for junction improvement works.
2025-12-30T08:50:21.409916,TIMS-221134,Network delays,Moderate,"[A101] ROTHERHITHE TUNNEL (E1W ,SE16 ) (Southwark,Tower Hamlets)",['southern river route'],"[A101] Rotherhithe Tunnel (Both directions) between [A200] Jamaica Road and [A13] Commercial Road - The Tunnel may be subject to short, intermittent closures"
2025-12-30T08:50:21.409916,TIMS-222049,Collisions,Moderate,"[A3220] WEST CROSS ROUTE (W10 ,W11 ,W12 ) (Hammersmith & Fulham,Kensington & Chelsea)",['western cross route'],[A3220] West Cross Route (Southbound) at the junction of [A3220] Holland Park Roundabout - Closure between A40 Northern Roundabout and Holland Park Roundabout following a collision. Lane one (of four) also restricted on Holland Park Roundabout. 
2025-12-30T08:50:21.409916,TIMS-220472,Hazards,Moderate,"[A4200] SOUTHAMPTON ROW (WC1A ,WC1B ,WC1N ,WC1V ) (Camden)",[],[A4200] Southampton Row (Both directions) between [A40] High Holborn and [A40] Vernon Place - The road is closed due to emergency UKPN works. Vernon Place westbound bus lane is also closed. 
2025-12-30T08:50:21.409916,TIMS-222012,Works,Minimal,[A212] CATFORD HILL (SE6 ) (Lewisham),['a205'],[A212] Catford Hill (Both directions) at the junction of Beechfield Road - Two way temporary traffic lights in place to facilitate Thames Water works. 
2025-12-30T08:50:21.409916,TIMS-221961,Network delays,Minimal,[A2204] FERRY APPROACH (SE18 ) (Greenwich),['a205'],[A2204] Ferry Approach (Both directions) at the junction of [A206] Woolwich Ferry Roundabout - The Woolwich Ferry is operating a one boat service
2025-12-30T08:50:21.409916,TIMS-221957,Works,Minimal,[A3] WANDSWORTH HIGH STREET (SW18 ) (Wandsworth),['a205'],[A3] Wandsworth High Street (Both directions) between [A3] West Hill and [A3] East Hill - Road closures in place due to a burst water main. 
2025-12-30T08:50:21.409916,TIMS-222025,Works,Minimal,[A22] GODSTONE ROAD (CR8 ) (Croydon),['a23'],"[A22] Godstone Road (Both directions) at the junction of Station Road - Two-way temporary signals in operation near Kenley station, due to burst water main repairs. "
2025-12-30T08:50:21.409916,TIMS-221773,Works,Minimal,"[A216] MITCHAM LANE (SW16 ) (Lambeth,Wandsworth)",['a23'],[A216] Mitcham Lane (Both directions) at the junction of Fernwood Avenue - Temporary signals in operation to facilitate repairs to a burst water main.
2025-12-30T08:50:21.409916,TIMS-210389,Works,Minimal,"[A40] WESTWAY (W10 ,W12 ) (Hammersmith & Fulham,Kensington & Chelsea)",['a40'],[A40] Westway (Eastbound) at the junction of [A3220] West Cross Route - The exit slip road to the Northern Roundabout is closed to facilitate repair works. 
2025-12-30T08:50:21.409916,TIMS-222023,Works,Minimal,"[A40] WESTERN AVENUE (HA4 ,UB10 ) (Hillingdon)",['a40'],"[A40] Western Avenue (Westbound) at the junction of [A4180] West End Road - Lane one (of three) closure after the onslip from Polish War Memorial, due to urgent water main repairs. "
2025-12-30T08:50:21.409916,TIMS-222029,Works,Minimal,"[A1203] THE HIGHWAY (E1 ,E1W ) (Tower Hamlets)",['city route'],"[A1203] The Highway (Westbound) at the junction of [A1202] Dock Street - Lane closure due to urgent UKPN cable repairs.
"
2025-12-30T08:50:21.409916,TIMS-212391,Works,Minimal,[A4020] UXBRIDGE ROAD (W12 ) (Hammersmith & Fulham),[],[A4020] Uxbridge Road (Both directions) at the junction of [A402] Shepherds Bush Green - Restrictions in place in various locations on Uxbridge Road and Shepherds Bush Green due to C34 cycle lane scheme works.
2025-12-30T08:50:21.409916,TIMS-221963,Works,Minimal,JAIL LANE (TN16 ) (Bromley),[],Jail Lane (Both directions) at the junction of Old Tye Avenue - Road closed to facilitate Thames Water works. 
2025-12-30T08:50:21.409916,TIMS-221831,Works,Minimal,"PECKHAM RYE (SE15 ,SE22 ) (Southwark)",[],Peckham Rye (All directions) at the junction of [A2214] Nunhead Lane - Temporary traffic signals are in place to facilitate ermergency SGN works.
2025-12-30T08:50:21.409916,TIMS-213362,Works,Minimal,"[A107] MARE STREET (E8 ,E9 ) (Hackney)",[],"[A107] Mare Street (Both directions) between [A1207] Graham Road and [A107] Amhurst Road - Road is closed to facilitate urban realm works. Additionally, temporary signals are in place at the junction of Graham Road."
2025-12-30T08:50:21.409916,TIMS-220784,Works,Minimal,"[A1205] BURDETT ROAD (E1 ,E14 ,E3 ) (Tower Hamlets)",[],"[A1205] Burdett Road (Both directions) at the junction of [B140] St Pauls Way - Temporary traffic signals lane restrictions in use to facilitate Thames Water works. In addition, no access to St Paul's Way."
2025-12-30T08:50:21.409916,TIMS-219173,Works,Minimal,[A219] WOOD LANE (W12 ) (Hammersmith & Fulham),[],[A219] Wood Lane (Both directions) at the junction of [A40] Westway - Various carriageway and footway restrictions in place to facilitate Cycle Superhighway works.
2025-12-30T08:50:21.409916,TIMS-217012,Works,Minimal,[A206] WOOLWICH ROAD (SE7 ) (Greenwich),[],[A206] Woolwich Road (Both directions) between Anchor & Hope Lane and John Wilson Street. - Lane restrictions to facilitate the construction of a segregated cycle lane. 
2025-12-30T08:50:21.409916,TIMS-221978,Works,Minimal,"[A3] BATTERSEA RISE (SW11 ,SW18 ) (Wandsworth)",['a205'],[A3] Battersea Rise (Both directions) at the junction of Bolingbroke Grove - There are 2-way temporary traffic lights at this location for Thames Water works. 
2025-12-30T08:50:21.409916,TIMS-221700,Works,Minimal,[A205] WALDRAM CRESCENT (SE23 ) (Lewisham),['a205'],[A205] Waldram Crescent (Both directions) at the junction of Stanstead Road - Contra-flow in operation to facilitate SGN works.
2025-12-30T08:50:21.409916,TIMS-209852,Works,Minimal,"[A3205] NINE ELMS LANE (SW11 ,SW8 ) (Lambeth,Wandsworth)","['a3', 'inner ring']",[A3205] Nine Elms Lane (Both directions) at the junction of Ponton Road - Lane closures in place to facilitate Urban Realm Works.
2025-12-30T08:50:21.409916,TIMS-220695,Works,Minimal,"[A41] FINCHLEY ROAD (NW3 ,NW6 ,NW8 ) (Camden)",['a41'],[A41] Finchley Road (Southbound) at the junction of [B511] College Crescent - Lanes one and two (of three) closed to facilitate emergency Thames Water works.
2025-12-30T08:50:21.409916,TIMS-221816,Works,Minimal,[A302] GROSVENOR GARDENS (SW1W ) (Westminster),['inner ring'],[A302] Grosvenor Gardens (Southbound) at the junction of [A302] Victoria Street - The right turn from Buckingham Palace Road into Grosvenor Gardens has been closed due to emergency repairs by Cadent Gas.
2025-12-30T08:50:21.409916,TIMS-221797,Planned events,Minimal,HORSE GUARDS AVENUE (SW1A ) (Westminster),[],Horse Guards Avenue (Both directions) between [A3211] Victoria Embankment and Whitehall Court - The road will be closed to facilitate the build for New Year's Eve celebrations. 
2025-12-30T08:50:21.409916,TIMS-220134,Works,Minimal,"[A206] WOOLWICH CHURCH STREET (SE18 ,SE7 ) (Greenwich)",[],[A206] Woolwich Church Street (Westbound) at the junction of Warspite Road - Lane restriction due to ongoing cycle scheme works.
2025-12-30T08:50:21.409916,TIMS-221911,Works,Minimal,SELBORNE ROAD (E17 ) (Waltham Forest),[],Selborne Road (Both directions) at the junction of Vernon Road - Temporary traffic signals in operation to facilitate Thames Water works. 
2025-12-30T08:50:21.409916,TIMS-219993,Works,Minimal,[A200] LOWER ROAD (SE16 ) (Southwark),[],[A200] Lower Road (Both directions) at the junction of Gomm Road - Temporary traffic signals to be implemented to facilitate cable works. 
2025-12-30T08:50:21.409916,TIMS-219885,Works,Minimal,"[A1205] BURDETT ROAD (E1 ,E3 ) (Tower Hamlets)",[],[A1205] Burdett Road (Both directions) at the junction of [A11] Mile End Road - Lane restrictions in place to facilitate Thames Water works.
2025-12-30T08:50:21.409916,TIMS-218924,Works,Minimal,[A206] WOOLWICH CHURCH STREET (SE18 ) (Greenwich),[],[A206] Woolwich Church Street (Both directions) at the junction of [A206] Woolwich Ferry Roundabout - Various restrictions in place to facilitate cycle lane works.
2025-12-30T08:50:21.409916,TIMS-215004,Works,Minimal,"DU CANE ROAD (W12 ,W3 ) (Hammersmith & Fulham)",[],Du Cane Road (Both directions) at the junction of Hilary Road - Two-way temporary traffic signals are in operation for bridge works.
2025-12-30T08:50:21.409916,TIMS-222027,Works,Minimal,"[B212] STRATHEDEN ROAD (SE3 ) (Greenwich,Lewisham)",[],Thames Water works - [B212] Stratheden Road (Both directions) at the junction of [A2] Shooters Hill Road - The road is closed due to Thames Water works. 
2025-12-30T08:50:21.409916,TIMS-221720,Works,Minimal,"[A112] PRINCE REGENT LANE (E13 ,E16 ) (Newham)",[],[A112] Prince Regent Lane (Northbound) at the junction of Churchill Road - Road closed northbound due to emergency Thames Water works.
2025-12-30T09:19:00.866350,TIMS-206772,Works,Moderate,"[A12] EASTERN AVENUE EAST (RM2 ,RM3 ) (Havering)",['a12'],"Gallows Corner Flyover Refurbishment - [A12] Eastern Avenue East (All directions) at the junction of [A12] Colchester Road - Various restrictions, to facilitate the refurbishment of Gallows Corner Flyover. Full closure of the Flyover and the roundabout including all approaches in place."
2025-12-30T09:19:00.866350,TIMS-213893,Works,Moderate,"[A23] STREATHAM HILL (SW16 ,SW2 ) (Lambeth)",['a23'],"[A23] Streatham Hill (Both directions) between [A205] Christchurch Road and Leigham Court Road - Various restrictions for TfL works. Lane restrictions, in place over the course of the works. On 15/02/2026, 16/02/2026, 17/05/2026, 18/05/2026 there will be a full overnight closure. "
2025-12-30T09:19:00.866350,TIMS-200007,Works,Moderate,"KING WILLIAM STREET (EC3V,EC4N,EC4R) (City of London)",['bishopsgate cross route'],King William Street (Southbound) at the junction of Lombard Street - Road closed to facilitate urban realm works.
2025-12-30T09:19:00.866350,TIMS-216408,Works,Moderate,[A400] HAMPSTEAD ROAD (NW1 ) (Camden),['inner ring'],[A400] Hampstead Road (Both directions) at the junction of Robert Street - Temporary traffic signals and lane restrictions are in place for HS2 works.
2025-12-30T09:19:00.866350,TIMS-204461,Works,Moderate,"[A3203] LAMBETH BRIDGE (SE1 ,SW1P ) (Lambeth,Westminster)",['southern river route'],[A3203] Lambeth Bridge (Eastbound) between [A3036] A 3036 and [A3212] Millbank - Lane restrictions are in place at either side of the bridge for junction improvement works.
2025-12-30T09:19:00.866350,TIMS-221134,Network delays,Moderate,"[A101] ROTHERHITHE TUNNEL (E1W ,SE16 ) (Southwark,Tower Hamlets)",['southern river route'],"[A101] Rotherhithe Tunnel (Both directions) between [A200] Jamaica Road and [A13] Commercial Road - The Tunnel may be subject to short, intermittent closures"
2025-12-30T09:19:00.866350,TIMS-222049,Collisions,Moderate,"[A3220] WEST CROSS ROUTE (W10 ,W11 ,W12 ) (Hammersmith & Fulham,Kensington & Chelsea)",['western cross route'],[A3220] West Cross Route (Southbound) at the junction of [A3220] Holland Park Roundabout - Lane closures between A40 Northern Roundabout and Holland Park Roundabout following a collision. Lane one (of four) also restricted on Holland Park Roundabout. 
2025-12-30T09:19:00.866350,TIMS-220472,Hazards,Moderate,"[A4200] SOUTHAMPTON ROW (WC1A ,WC1B ,WC1N ,WC1V ) (Camden)",[],[A4200] Southampton Row (Both directions) between [A40] High Holborn and [A40] Vernon Place - The road is closed due to emergency UKPN works. Vernon Place westbound bus lane is also closed. 
2025-12-30T09:19:00.866350,TIMS-222012,Works,Minimal,[A212] CATFORD HILL (SE6 ) (Lewisham),['a205'],[A212] Catford Hill (Both directions) at the junction of Beechfield Road - Two way temporary traffic lights in place to facilitate Thames Water works. 
2025-12-30T09:19:00.866350,TIMS-221961,Network delays,Minimal,[A2204] FERRY APPROACH (SE18 ) (Greenwich),['a205'],[A2204] Ferry Approach (Both directions) at the junction of [A206] Woolwich Ferry Roundabout - The Woolwich Ferry is operating a one boat service
2025-12-30T09:19:00.866350,TIMS-221957,Works,Minimal,[A3] WANDSWORTH HIGH STREET (SW18 ) (Wandsworth),['a205'],[A3] Wandsworth High Street (Both directions) between [A3] West Hill and [A3] East Hill - Road closures in place due to a burst water main. 
2025-12-30T09:19:00.866350,TIMS-222025,Works,Minimal,[A22] GODSTONE ROAD (CR8 ) (Croydon),['a23'],"[A22] Godstone Road (Both directions) at the junction of Station Road - Two-way temporary signals in operation near Kenley station, due to burst water main repairs. "
2025-12-30T09:19:00.866350,TIMS-221773,Works,Minimal,"[A216] MITCHAM LANE (SW16 ) (Lambeth,Wandsworth)",['a23'],[A216] Mitcham Lane (Both directions) at the junction of Fernwood Avenue - Temporary signals in operation to facilitate repairs to a burst water main.
2025-12-30T09:19:00.866350,TIMS-210389,Works,Minimal,"[A40] WESTWAY (W10 ,W12 ) (Hammersmith & Fulham,Kensington & Chelsea)",['a40'],[A40] Westway (Eastbound) at the junction of [A3220] West Cross Route - The exit slip road to the Northern Roundabout is closed to facilitate repair works. 
2025-12-30T09:19:00.866350,TIMS-222023,Works,Minimal,"[A40] WESTERN AVENUE (HA4 ,UB10 ) (Hillingdon)",['a40'],"[A40] Western Avenue (Westbound) at the junction of [A4180] West End Road - Lane one (of three) closure after the onslip from Polish War Memorial, due to urgent water main repairs. "
2025-12-30T09:19:00.866350,TIMS-222029,Works,Minimal,"[A1203] THE HIGHWAY (E1 ,E1W ) (Tower Hamlets)",['city route'],"[A1203] The Highway (Westbound) at the junction of [A1202] Dock Street - Lane closure due to urgent UKPN cable repairs.
"
2025-12-30T09:19:00.866350,TIMS-212391,Works,Minimal,[A4020] UXBRIDGE ROAD (W12 ) (Hammersmith & Fulham),[],[A4020] Uxbridge Road (Both directions) at the junction of [A402] Shepherds Bush Green - Restrictions in place in various locations on Uxbridge Road and Shepherds Bush Green due to C34 cycle lane scheme works.
2025-12-30T09:19:00.866350,TIMS-221963,Works,Minimal,JAIL LANE (TN16 ) (Bromley),[],Jail Lane (Both directions) at the junction of Old Tye Avenue - Road closed to facilitate Thames Water works. 
2025-12-30T09:19:00.866350,TIMS-221831,Works,Minimal,"PECKHAM RYE (SE15 ,SE22 ) (Southwark)",[],Peckham Rye (All directions) at the junction of [A2214] Nunhead Lane - Temporary traffic signals are in place to facilitate ermergency SGN works.
2025-12-30T09:19:00.866350,TIMS-213362,Works,Minimal,"[A107] MARE STREET (E8 ,E9 ) (Hackney)",[],"[A107] Mare Street (Both directions) between [A1207] Graham Road and [A107] Amhurst Road - Road is closed to facilitate urban realm works. Additionally, temporary signals are in place at the junction of Graham Road."
2025-12-30T09:19:00.866350,TIMS-220784,Works,Minimal,"[A1205] BURDETT ROAD (E1 ,E14 ,E3 ) (Tower Hamlets)",[],"[A1205] Burdett Road (Both directions) at the junction of [B140] St Pauls Way - Temporary traffic signals lane restrictions in use to facilitate Thames Water works. In addition, no access to St Paul's Way."
2025-12-30T09:19:00.866350,TIMS-219173,Works,Minimal,[A219] WOOD LANE (W12 ) (Hammersmith & Fulham),[],[A219] Wood Lane (Both directions) at the junction of [A40] Westway - Various carriageway and footway restrictions in place to facilitate Cycle Superhighway works.
2025-12-30T09:19:00.866350,TIMS-217012,Works,Minimal,[A206] WOOLWICH ROAD (SE7 ) (Greenwich),[],[A206] Woolwich Road (Both directions) between Anchor & Hope Lane and John Wilson Street. - Lane restrictions to facilitate the construction of a segregated cycle lane. 
2025-12-30T09:19:00.866350,TIMS-221978,Works,Minimal,"[A3] BATTERSEA RISE (SW11 ,SW18 ) (Wandsworth)",['a205'],[A3] Battersea Rise (Both directions) at the junction of Bolingbroke Grove - There are 2-way temporary traffic lights at this location for Thames Water works. 
2025-12-30T09:19:00.866350,TIMS-221700,Works,Minimal,[A205] WALDRAM CRESCENT (SE23 ) (Lewisham),['a205'],[A205] Waldram Crescent (Both directions) at the junction of Stanstead Road - Contra-flow in operation to facilitate SGN works.
2025-12-30T09:19:00.866350,TIMS-209852,Works,Minimal,"[A3205] NINE ELMS LANE (SW11 ,SW8 ) (Lambeth,Wandsworth)","['a3', 'inner ring']",[A3205] Nine Elms Lane (Both directions) at the junction of Ponton Road - Lane closures in place to facilitate Urban Realm Works.
2025-12-30T09:19:00.866350,TIMS-220695,Works,Minimal,"[A41] FINCHLEY ROAD (NW3 ,NW6 ,NW8 ) (Camden)",['a41'],[A41] Finchley Road (Southbound) at the junction of [B511] College Crescent - Lanes one and two (of three) closed to facilitate emergency Thames Water works.
2025-12-30T09:19:00.866350,TIMS-221816,Works,Minimal,[A302] GROSVENOR GARDENS (SW1W ) (Westminster),['inner ring'],[A302] Grosvenor Gardens (Southbound) at the junction of [A302] Victoria Street - The right turn from Buckingham Palace Road into Grosvenor Gardens has been closed due to emergency repairs by Cadent Gas.
2025-12-30T09:19:00.866350,TIMS-221797,Planned events,Minimal,HORSE GUARDS AVENUE (SW1A ) (Westminster),[],Horse Guards Avenue (Both directions) between [A3211] Victoria Embankment and Whitehall Court - The road will be closed to facilitate the build for New Year's Eve celebrations. 
2025-12-30T09:19:00.866350,TIMS-220134,Works,Minimal,"[A206] WOOLWICH CHURCH STREET (SE18 ,SE7 ) (Greenwich)",[],[A206] Woolwich Church Street (Westbound) at the junction of Warspite Road - Lane restriction due to ongoing cycle scheme works.
2025-12-30T09:19:00.866350,TIMS-221911,Works,Minimal,SELBORNE ROAD (E17 ) (Waltham Forest),[],Selborne Road (Both directions) at the junction of Vernon Road - Temporary traffic signals in operation to facilitate Thames Water works. 
2025-12-30T09:19:00.866350,TIMS-219993,Works,Minimal,[A200] LOWER ROAD (SE16 ) (Southwark),[],[A200] Lower Road (Both directions) at the junction of Gomm Road - Temporary traffic signals to be implemented to facilitate cable works. 
2025-12-30T09:19:00.866350,TIMS-219885,Works,Minimal,"[A1205] BURDETT ROAD (E1 ,E3 ) (Tower Hamlets)",[],[A1205] Burdett Road (Both directions) at the junction of [A11] Mile End Road - Lane restrictions in place to facilitate Thames Water works.
2025-12-30T09:19:00.866350,TIMS-218924,Works,Minimal,[A206] WOOLWICH CHURCH STREET (SE18 ) (Greenwich),[],[A206] Woolwich Church Street (Both directions) at the junction of [A206] Woolwich Ferry Roundabout - Various restrictions in place to facilitate cycle lane works.
2025-12-30T09:19:00.866350,TIMS-215004,Works,Minimal,"DU CANE ROAD (W12 ,W3 ) (Hammersmith & Fulham)",[],Du Cane Road (Both directions) at the junction of Hilary Road - Two-way temporary traffic signals are in operation for bridge works.
2025-12-30T09:19:00.866350,TIMS-222027,Works,Minimal,"[B212] STRATHEDEN ROAD (SE3 ) (Greenwich,Lewisham)",[],Thames Water works - [B212] Stratheden Road (Both directions) at the junction of [A2] Shooters Hill Road - The road is closed due to Thames Water works. 
2025-12-30T09:19:00.866350,TIMS-221720,Works,Minimal,"[A112] PRINCE REGENT LANE (E13 ,E16 ) (Newham)",[],[A112] Prince Regent Lane (Northbound) at the junction of Churchill Road - Road closed northbound due to emergency Thames Water works.
2025-12-30T09:42:07.687435,TIMS-206772,Works,Moderate,"[A12] EASTERN AVENUE EAST (RM2 ,RM3 ) (Havering)",['a12'],"Gallows Corner Flyover Refurbishment - [A12] Eastern Avenue East (All directions) at the junction of [A12] Colchester Road - Various restrictions, to facilitate the refurbishment of Gallows Corner Flyover. Full closure of the Flyover and the roundabout including all approaches in place."
2025-12-30T09:42:07.687435,TIMS-213893,Works,Moderate,"[A23] STREATHAM HILL (SW16 ,SW2 ) (Lambeth)",['a23'],"[A23] Streatham Hill (Both directions) between [A205] Christchurch Road and Leigham Court Road - Various restrictions for TfL works. Lane restrictions, in place over the course of the works. On 15/02/2026, 16/02/2026, 17/05/2026, 18/05/2026 there will be a full overnight closure. "
2025-12-30T09:42:07.687435,TIMS-222050,Works,Moderate,[A40] WESTERN AVENUE (W3 ) (Ealing),['a40'],[A40] Western Avenue (Eastbound) at the junction of Braid Avenue - Lane one (of two) closure to facilitate works. 
2025-12-30T09:42:07.687435,TIMS-200007,Works,Moderate,"KING WILLIAM STREET (EC3V,EC4N,EC4R) (City of London)",['bishopsgate cross route'],King William Street (Southbound) at the junction of Lombard Street - Road closed to facilitate urban realm works.
2025-12-30T09:42:07.687435,TIMS-216408,Works,Moderate,[A400] HAMPSTEAD ROAD (NW1 ) (Camden),['inner ring'],[A400] Hampstead Road (Both directions) at the junction of Robert Street - Temporary traffic signals and lane restrictions are in place for HS2 works.
2025-12-30T09:42:07.687435,TIMS-221134,Network delays,Moderate,"[A101] ROTHERHITHE TUNNEL (E1W ,SE16 ) (Southwark,Tower Hamlets)",['southern river route'],"[A101] Rotherhithe Tunnel (Both directions) between [A200] Jamaica Road and [A13] Commercial Road - The Tunnel may be subject to short, intermittent closures"
2025-12-30T09:42:07.687435,TIMS-204461,Works,Moderate,"[A3203] LAMBETH BRIDGE (SE1 ,SW1P ) (Lambeth,Westminster)",['southern river route'],[A3203] Lambeth Bridge (Eastbound) between [A3036] A 3036 and [A3212] Millbank - Lane restrictions are in place at either side of the bridge for junction improvement works.
2025-12-30T09:42:07.687435,TIMS-222049,Collisions,Moderate,"[A3220] WEST CROSS ROUTE (W10 ,W11 ,W12 ) (Hammersmith & Fulham,Kensington & Chelsea)",['western cross route'],[A3220] West Cross Route (Southbound) at the junction of [A3220] Holland Park Roundabout - Lane closures between A40 Northern Roundabout and Holland Park Roundabout following a collision. Lane one (of four) also restricted on Holland Park Roundabout. 
2025-12-30T09:42:07.687435,TIMS-220472,Hazards,Moderate,"[A4200] SOUTHAMPTON ROW (WC1A ,WC1B ,WC1N ,WC1V ) (Camden)",[],[A4200] Southampton Row (Both directions) between [A40] High Holborn and [A40] Vernon Place - The road is closed due to emergency UKPN works. Vernon Place westbound bus lane is also closed. 
2025-12-30T09:42:07.687435,TIMS-222012,Works,Minimal,[A212] CATFORD HILL (SE6 ) (Lewisham),['a205'],[A212] Catford Hill (Both directions) at the junction of Beechfield Road - Two way temporary traffic lights in place to facilitate Thames Water works. 
2025-12-30T09:42:07.687435,TIMS-221961,Network delays,Minimal,[A2204] FERRY APPROACH (SE18 ) (Greenwich),['a205'],[A2204] Ferry Approach (Both directions) at the junction of [A206] Woolwich Ferry Roundabout - The Woolwich Ferry is operating a one boat service
2025-12-30T09:42:07.687435,TIMS-221957,Works,Minimal,[A3] WANDSWORTH HIGH STREET (SW18 ) (Wandsworth),['a205'],[A3] Wandsworth High Street (Both directions) between [A3] West Hill and [A3] East Hill - Road closures in place due to a burst water main. 
2025-12-30T09:42:07.687435,TIMS-221773,Works,Minimal,"[A216] MITCHAM LANE (SW16 ) (Lambeth,Wandsworth)",['a23'],[A216] Mitcham Lane (Both directions) at the junction of Fernwood Avenue - Temporary signals in operation to facilitate repairs to a burst water main.
2025-12-30T09:42:07.687435,TIMS-222025,Works,Minimal,[A22] GODSTONE ROAD (CR8 ) (Croydon),['a23'],"[A22] Godstone Road (Both directions) at the junction of Station Road - Two-way temporary signals in operation near Kenley station, due to burst water main repairs. "
2025-12-30T09:42:07.687435,TIMS-222023,Works,Minimal,"[A40] WESTERN AVENUE (HA4 ,UB10 ) (Hillingdon)",['a40'],"[A40] Western Avenue (Westbound) at the junction of [A4180] West End Road - Lane one (of three) closure after the onslip from Polish War Memorial, due to urgent water main repairs. "
2025-12-30T09:42:07.687435,TIMS-222051,Emergency service incidents,Minimal,"[A40] OXFORD STREET (W1B ,W1C ,W1D ,W1F ,W1G ,W1H ,W1K ,W1S ,W1W ) (Westminster)",['a40'],[A40] Oxford Street (Westbound) at the junction of Davies Street - Road blocked due to an emergency services incident. 
2025-12-30T09:42:07.687435,TIMS-210389,Works,Minimal,"[A40] WESTWAY (W10 ,W12 ) (Hammersmith & Fulham,Kensington & Chelsea)",['a40'],[A40] Westway (Eastbound) at the junction of [A3220] West Cross Route - The exit slip road to the Northern Roundabout is closed to facilitate repair works. 
2025-12-30T09:42:07.687435,TIMS-222029,Works,Minimal,"[A1203] THE HIGHWAY (E1 ,E1W ) (Tower Hamlets)",['city route'],"[A1203] The Highway (Westbound) at the junction of [A1202] Dock Street - Lane closure due to urgent UKPN cable repairs.
"
2025-12-30T09:42:07.687435,TIMS-219173,Works,Minimal,[A219] WOOD LANE (W12 ) (Hammersmith & Fulham),[],[A219] Wood Lane (Both directions) at the junction of [A40] Westway - Various carriageway and footway restrictions in place to facilitate Cycle Superhighway works.
2025-12-30T09:42:07.687435,TIMS-217012,Works,Minimal,[A206] WOOLWICH ROAD (SE7 ) (Greenwich),[],[A206] Woolwich Road (Both directions) between Anchor & Hope Lane and John Wilson Street. - Lane restrictions to facilitate the construction of a segregated cycle lane. 
2025-12-30T09:42:07.687435,TIMS-221963,Works,Minimal,JAIL LANE (TN16 ) (Bromley),[],Jail Lane (Both directions) at the junction of Old Tye Avenue - Road closed to facilitate Thames Water works. 
2025-12-30T09:42:07.687435,TIMS-221831,Works,Minimal,"PECKHAM RYE (SE15 ,SE22 ) (Southwark)",[],Peckham Rye (All directions) at the junction of [A2214] Nunhead Lane - Temporary traffic signals are in place to facilitate ermergency SGN works.
2025-12-30T09:42:07.687435,TIMS-213362,Works,Minimal,"[A107] MARE STREET (E8 ,E9 ) (Hackney)",[],"[A107] Mare Street (Both directions) between [A1207] Graham Road and [A107] Amhurst Road - Road is closed to facilitate urban realm works. Additionally, temporary signals are in place at the junction of Graham Road."
2025-12-30T09:42:07.687435,TIMS-220784,Works,Minimal,"[A1205] BURDETT ROAD (E1 ,E14 ,E3 ) (Tower Hamlets)",[],"[A1205] Burdett Road (Both directions) at the junction of [B140] St Pauls Way - Temporary traffic signals lane restrictions in use to facilitate Thames Water works. In addition, no access to St Paul's Way."
2025-12-30T09:42:07.687435,TIMS-212391,Works,Minimal,[A4020] UXBRIDGE ROAD (W12 ) (Hammersmith & Fulham),[],[A4020] Uxbridge Road (Both directions) at the junction of [A402] Shepherds Bush Green - Restrictions in place in various locations on Uxbridge Road and Shepherds Bush Green due to C34 cycle lane scheme works.
2025-12-30T09:42:07.687435,TIMS-221700,Works,Minimal,[A205] WALDRAM CRESCENT (SE23 ) (Lewisham),['a205'],[A205] Waldram Crescent (Both directions) at the junction of Stanstead Road - Contra-flow in operation to facilitate SGN works.
2025-12-30T09:42:07.687435,TIMS-221978,Works,Minimal,"[A3] BATTERSEA RISE (SW11 ,SW18 ) (Wandsworth)",['a205'],[A3] Battersea Rise (Both directions) at the junction of Bolingbroke Grove - There are 2-way temporary traffic lights at this location for Thames Water works. 
2025-12-30T09:42:07.687435,TIMS-209852,Works,Minimal,"[A3205] NINE ELMS LANE (SW11 ,SW8 ) (Lambeth,Wandsworth)","['a3', 'inner ring']",[A3205] Nine Elms Lane (Both directions) at the junction of Ponton Road - Lane closures in place to facilitate Urban Realm Works.
2025-12-30T09:42:07.687435,TIMS-220695,Works,Minimal,"[A41] FINCHLEY ROAD (NW3 ,NW6 ,NW8 ) (Camden)",['a41'],[A41] Finchley Road (Southbound) at the junction of [B511] College Crescent - Lanes one and two (of three) closed to facilitate emergency Thames Water works.
2025-12-30T09:42:07.687435,TIMS-221816,Works,Minimal,[A302] GROSVENOR GARDENS (SW1W ) (Westminster),['inner ring'],[A302] Grosvenor Gardens (Southbound) at the junction of [A302] Victoria Street - The right turn from Buckingham Palace Road into Grosvenor Gardens has been closed due to emergency repairs by Cadent Gas.
2025-12-30T09:42:07.687435,TIMS-221797,Planned events,Minimal,HORSE GUARDS AVENUE (SW1A ) (Westminster),[],Horse Guards Avenue (Both directions) between [A3211] Victoria Embankment and Whitehall Court - The road will be closed to facilitate the build for New Year's Eve celebrations. 
2025-12-30T09:42:07.687435,TIMS-221720,Works,Minimal,"[A112] PRINCE REGENT LANE (E13 ,E16 ) (Newham)",[],[A112] Prince Regent Lane (Northbound) at the junction of Churchill Road - Road closed northbound due to emergency Thames Water works.
2025-12-30T09:42:07.687435,TIMS-221911,Works,Minimal,SELBORNE ROAD (E17 ) (Waltham Forest),[],Selborne Road (Both directions) at the junction of Vernon Road - Temporary traffic signals in operation to facilitate Thames Water works. 
2025-12-30T09:42:07.687435,TIMS-220134,Works,Minimal,"[A206] WOOLWICH CHURCH STREET (SE18 ,SE7 ) (Greenwich)",[],[A206] Woolwich Church Street (Westbound) at the junction of Warspite Road - Lane restriction due to ongoing cycle scheme works.
2025-12-30T09:42:07.687435,TIMS-218924,Works,Minimal,[A206] WOOLWICH CHURCH STREET (SE18 ) (Greenwich),[],[A206] Woolwich Church Street (Both directions) at the junction of [A206] Woolwich Ferry Roundabout - Various restrictions in place to facilitate cycle lane works.
2025-12-30T09:42:07.687435,TIMS-219885,Works,Minimal,"[A1205] BURDETT ROAD (E1 ,E3 ) (Tower Hamlets)",[],[A1205] Burdett Road (Both directions) at the junction of [A11] Mile End Road - Lane restrictions in place to facilitate Thames Water works.
2025-12-30T09:42:07.687435,TIMS-215004,Works,Minimal,"DU CANE ROAD (W12 ,W3 ) (Hammersmith & Fulham)",[],Du Cane Road (Both directions) at the junction of Hilary Road - Two-way temporary traffic signals are in operation for bridge works.
2025-12-30T09:42:07.687435,TIMS-222027,Works,Minimal,"[B212] STRATHEDEN ROAD (SE3 ) (Greenwich,Lewisham)",[],Thames Water works - [B212] Stratheden Road (Both directions) at the junction of [A2] Shooters Hill Road - The road is closed due to Thames Water works. 
2025-12-30T09:42:07.687435,TIMS-219993,Works,Minimal,[A200] LOWER ROAD (SE16 ) (Southwark),[],[A200] Lower Road (Both directions) at the junction of Gomm Road - Temporary traffic signals to be implemented to facilitate cable works. 
2025-12-30T09:56:12.793037,TIMS-206772,Works,Moderate,"[A12] EASTERN AVENUE EAST (RM2 ,RM3 ) (Havering)",['a12'],"Gallows Corner Flyover Refurbishment - [A12] Eastern Avenue East (All directions) at the junction of [A12] Colchester Road - Various restrictions, to facilitate the refurbishment of Gallows Corner Flyover. Full closure of the Flyover and the roundabout including all approaches in place."
2025-12-30T09:56:12.793037,TIMS-213893,Works,Moderate,"[A23] STREATHAM HILL (SW16 ,SW2 ) (Lambeth)",['a23'],"[A23] Streatham Hill (Both directions) between [A205] Christchurch Road and Leigham Court Road - Various restrictions for TfL works. Lane restrictions, in place over the course of the works. On 15/02/2026, 16/02/2026, 17/05/2026, 18/05/2026 there will be a full overnight closure. "
2025-12-30T09:56:12.793037,TIMS-222050,Works,Moderate,[A40] WESTERN AVENUE (W3 ) (Ealing),['a40'],[A40] Western Avenue (Eastbound) at the junction of Braid Avenue - Lane one (of two) closure to facilitate works. 
2025-12-30T09:56:12.793037,TIMS-200007,Works,Moderate,"KING WILLIAM STREET (EC3V,EC4N,EC4R) (City of London)",['bishopsgate cross route'],King William Street (Southbound) at the junction of Lombard Street - Road closed to facilitate urban realm works.
2025-12-30T09:56:12.793037,TIMS-216408,Works,Moderate,[A400] HAMPSTEAD ROAD (NW1 ) (Camden),['inner ring'],[A400] Hampstead Road (Both directions) at the junction of Robert Street - Temporary traffic signals and lane restrictions are in place for HS2 works.
2025-12-30T09:56:12.793037,TIMS-218732,Planned events,Moderate,"[A4202] PARK LANE (W1J ,W1K ,W2 ) (Westminster)",['inner ring'],Winter Wonderland - Hyde Park - [A4202] Park Lane (All directions) at the junction of [A4202] Achilles Way - Winter Wonderland event has opened at 10:00
2025-12-30T09:56:12.793037,TIMS-204461,Works,Moderate,"[A3203] LAMBETH BRIDGE (SE1 ,SW1P ) (Lambeth,Westminster)",['southern river route'],[A3203] Lambeth Bridge (Eastbound) between [A3036] A 3036 and [A3212] Millbank - Lane restrictions are in place at either side of the bridge for junction improvement works.
2025-12-30T09:56:12.793037,TIMS-221134,Network delays,Moderate,"[A101] ROTHERHITHE TUNNEL (E1W ,SE16 ) (Southwark,Tower Hamlets)",['southern river route'],"[A101] Rotherhithe Tunnel (Both directions) between [A200] Jamaica Road and [A13] Commercial Road - The Tunnel may be subject to short, intermittent closures"
2025-12-30T09:56:12.793037,TIMS-222049,Collisions,Moderate,"[A3220] WEST CROSS ROUTE (W10 ,W11 ,W12 ) (Hammersmith & Fulham,Kensington & Chelsea)",['western cross route'],[A3220] West Cross Route (Southbound) at the junction of [A3220] Holland Park Roundabout - Lane closures between A40 Northern Roundabout and Holland Park Roundabout following a collision. Lane one (of four) also restricted on Holland Park Roundabout. 
2025-12-30T09:56:12.793037,TIMS-220472,Hazards,Moderate,"[A4200] SOUTHAMPTON ROW (WC1A ,WC1B ,WC1N ,WC1V ) (Camden)",[],[A4200] Southampton Row (Both directions) between [A40] High Holborn and [A40] Vernon Place - The road is closed due to emergency UKPN works. Vernon Place westbound bus lane is also closed. 
2025-12-30T09:56:12.793037,TIMS-222012,Works,Minimal,[A212] CATFORD HILL (SE6 ) (Lewisham),['a205'],[A212] Catford Hill (Both directions) at the junction of Beechfield Road - Two way temporary traffic lights in place to facilitate Thames Water works. 
2025-12-30T09:56:12.793037,TIMS-221961,Network delays,Minimal,[A2204] FERRY APPROACH (SE18 ) (Greenwich),['a205'],[A2204] Ferry Approach (Both directions) at the junction of [A206] Woolwich Ferry Roundabout - The Woolwich Ferry is operating a one boat service
2025-12-30T09:56:12.793037,TIMS-221957,Works,Minimal,[A3] WANDSWORTH HIGH STREET (SW18 ) (Wandsworth),['a205'],[A3] Wandsworth High Street (Both directions) between [A3] West Hill and [A3] East Hill - Road closures in place due to a burst water main. 
2025-12-30T09:56:12.793037,TIMS-222025,Works,Minimal,[A22] GODSTONE ROAD (CR8 ) (Croydon),['a23'],"[A22] Godstone Road (Both directions) at the junction of Station Road - Two-way temporary signals in operation near Kenley station, due to burst water main repairs. "
2025-12-30T09:56:12.793037,TIMS-221773,Works,Minimal,"[A216] MITCHAM LANE (SW16 ) (Lambeth,Wandsworth)",['a23'],[A216] Mitcham Lane (Both directions) at the junction of Fernwood Avenue - Temporary signals in operation to facilitate repairs to a burst water main.
2025-12-30T09:56:12.793037,TIMS-222023,Works,Minimal,"[A40] WESTERN AVENUE (HA4 ,UB10 ) (Hillingdon)",['a40'],"[A40] Western Avenue (Westbound) at the junction of [A4180] West End Road - Lane one (of three) closure after the onslip from Polish War Memorial, due to urgent water main repairs. "
2025-12-30T09:56:12.793037,TIMS-222051,Emergency service incidents,Minimal,"[A40] OXFORD STREET (W1B ,W1C ,W1D ,W1F ,W1G ,W1H ,W1K ,W1S ,W1W ) (Westminster)",['a40'],[A40] Oxford Street (Westbound) at the junction of Davies Street - Road blocked due to an emergency services incident. 
2025-12-30T09:56:12.793037,TIMS-210389,Works,Minimal,"[A40] WESTWAY (W10 ,W12 ) (Hammersmith & Fulham,Kensington & Chelsea)",['a40'],[A40] Westway (Eastbound) at the junction of [A3220] West Cross Route - The exit slip road to the Northern Roundabout is closed to facilitate repair works. 
2025-12-30T09:56:12.793037,TIMS-222029,Works,Minimal,"[A1203] THE HIGHWAY (E1 ,E1W ) (Tower Hamlets)",['city route'],"[A1203] The Highway (Westbound) at the junction of [A1202] Dock Street - Lane closure due to urgent UKPN cable repairs.
"
2025-12-30T09:56:12.793037,TIMS-217012,Works,Minimal,[A206] WOOLWICH ROAD (SE7 ) (Greenwich),[],[A206] Woolwich Road (Both directions) between Anchor & Hope Lane and John Wilson Street. - Lane restrictions to facilitate the construction of a segregated cycle lane. 
2025-12-30T09:56:12.793037,TIMS-212391,Works,Minimal,[A4020] UXBRIDGE ROAD (W12 ) (Hammersmith & Fulham),[],[A4020] Uxbridge Road (Both directions) at the junction of [A402] Shepherds Bush Green - Restrictions in place in various locations on Uxbridge Road and Shepherds Bush Green due to C34 cycle lane scheme works.
2025-12-30T09:56:12.793037,TIMS-213362,Works,Minimal,"[A107] MARE STREET (E8 ,E9 ) (Hackney)",[],"[A107] Mare Street (Both directions) between [A1207] Graham Road and [A107] Amhurst Road - Road is closed to facilitate urban realm works. Additionally, temporary signals are in place at the junction of Graham Road."
2025-12-30T09:56:12.793037,TIMS-221963,Works,Minimal,JAIL LANE (TN16 ) (Bromley),[],Jail Lane (Both directions) at the junction of Old Tye Avenue - Road closed to facilitate Thames Water works. 
2025-12-30T09:56:12.793037,TIMS-221831,Works,Minimal,"PECKHAM RYE (SE15 ,SE22 ) (Southwark)",[],Peckham Rye (All directions) at the junction of [A2214] Nunhead Lane - Temporary traffic signals are in place to facilitate ermergency SGN works.
2025-12-30T09:56:12.793037,TIMS-220784,Works,Minimal,"[A1205] BURDETT ROAD (E1 ,E14 ,E3 ) (Tower Hamlets)",[],"[A1205] Burdett Road (Both directions) at the junction of [B140] St Pauls Way - Temporary traffic signals lane restrictions in use to facilitate Thames Water works. In addition, no access to St Paul's Way."
2025-12-30T09:56:12.793037,TIMS-219173,Works,Minimal,[A219] WOOD LANE (W12 ) (Hammersmith & Fulham),[],[A219] Wood Lane (Both directions) at the junction of [A40] Westway - Various carriageway and footway restrictions in place to facilitate Cycle Superhighway works.
2025-12-30T09:56:12.793037,TIMS-221978,Works,Minimal,"[A3] BATTERSEA RISE (SW11 ,SW18 ) (Wandsworth)",['a205'],[A3] Battersea Rise (Both directions) at the junction of Bolingbroke Grove - There are 2-way temporary traffic lights at this location for Thames Water works. 
2025-12-30T09:56:12.793037,TIMS-221700,Works,Minimal,[A205] WALDRAM CRESCENT (SE23 ) (Lewisham),['a205'],[A205] Waldram Crescent (Both directions) at the junction of Stanstead Road - Contra-flow in operation to facilitate SGN works.
2025-12-30T09:56:12.793037,TIMS-209852,Works,Minimal,"[A3205] NINE ELMS LANE (SW11 ,SW8 ) (Lambeth,Wandsworth)","['a3', 'inner ring']",[A3205] Nine Elms Lane (Both directions) at the junction of Ponton Road - Lane closures in place to facilitate Urban Realm Works.
2025-12-30T09:56:12.793037,TIMS-220695,Works,Minimal,"[A41] FINCHLEY ROAD (NW3 ,NW6 ,NW8 ) (Camden)",['a41'],[A41] Finchley Road (Southbound) at the junction of [B511] College Crescent - Lanes one and two (of three) closed to facilitate emergency Thames Water works.
2025-12-30T09:56:12.793037,TIMS-221816,Works,Minimal,[A302] GROSVENOR GARDENS (SW1W ) (Westminster),['inner ring'],[A302] Grosvenor Gardens (Southbound) at the junction of [A302] Victoria Street - The right turn from Buckingham Palace Road into Grosvenor Gardens has been closed due to emergency repairs by Cadent Gas.
2025-12-30T09:56:12.793037,TIMS-218924,Works,Minimal,[A206] WOOLWICH CHURCH STREET (SE18 ) (Greenwich),[],[A206] Woolwich Church Street (Both directions) at the junction of [A206] Woolwich Ferry Roundabout - Various restrictions in place to facilitate cycle lane works.
2025-12-30T09:56:12.793037,TIMS-221911,Works,Minimal,SELBORNE ROAD (E17 ) (Waltham Forest),[],Selborne Road (Both directions) at the junction of Vernon Road - Temporary traffic signals in operation to facilitate Thames Water works. 
2025-12-30T09:56:12.793037,TIMS-220134,Works,Minimal,"[A206] WOOLWICH CHURCH STREET (SE18 ,SE7 ) (Greenwich)",[],[A206] Woolwich Church Street (Westbound) at the junction of Warspite Road - Lane restriction due to ongoing cycle scheme works.
2025-12-30T09:56:12.793037,TIMS-215004,Works,Minimal,"DU CANE ROAD (W12 ,W3 ) (Hammersmith & Fulham)",[],Du Cane Road (Both directions) at the junction of Hilary Road - Two-way temporary traffic signals are in operation for bridge works.
2025-12-30T09:56:12.793037,TIMS-221720,Works,Minimal,"[A112] PRINCE REGENT LANE (E13 ,E16 ) (Newham)",[],[A112] Prince Regent Lane (Northbound) at the junction of Churchill Road - Road closed northbound due to emergency Thames Water works.
2025-12-30T09:56:12.793037,TIMS-219885,Works,Minimal,"[A1205] BURDETT ROAD (E1 ,E3 ) (Tower Hamlets)",[],[A1205] Burdett Road (Both directions) at the junction of [A11] Mile End Road - Lane restrictions in place to facilitate Thames Water works.
2025-12-30T09:56:12.793037,TIMS-222027,Works,Minimal,"[B212] STRATHEDEN ROAD (SE3 ) (Greenwich,Lewisham)",[],Thames Water works - [B212] Stratheden Road (Both directions) at the junction of [A2] Shooters Hill Road - The road is closed due to Thames Water works. 
2025-12-30T09:56:12.793037,TIMS-221797,Planned events,Minimal,HORSE GUARDS AVENUE (SW1A ) (Westminster),[],Horse Guards Avenue (Both directions) between [A3211] Victoria Embankment and Whitehall Court - The road will be closed to facilitate the build for New Year's Eve celebrations. 
2025-12-30T09:56:12.793037,TIMS-219993,Works,Minimal,[A200] LOWER ROAD (SE16 ) (Southwark),[],[A200] Lower Road (Both directions) at the junction of Gomm Road - Temporary traffic signals to be implemented to facilitate cable works. 
2025-12-30T10:18:52.881798,TIMS-206772,Works,Moderate,"[A12] EASTERN AVENUE EAST (RM2 ,RM3 ) (Havering)",['a12'],"Gallows Corner Flyover Refurbishment - [A12] Eastern Avenue East (All directions) at the junction of [A12] Colchester Road - Various restrictions, to facilitate the refurbishment of Gallows Corner Flyover. Full closure of the Flyover and the roundabout including all approaches in place."
2025-12-30T10:18:52.881798,TIMS-213893,Works,Moderate,"[A23] STREATHAM HILL (SW16 ,SW2 ) (Lambeth)",['a23'],"[A23] Streatham Hill (Both directions) between [A205] Christchurch Road and Leigham Court Road - Various restrictions for TfL works. Lane restrictions, in place over the course of the works. On 15/02/2026, 16/02/2026, 17/05/2026, 18/05/2026 there will be a full overnight closure. "
2025-12-30T10:18:52.881798,TIMS-222050,Works,Moderate,[A40] WESTERN AVENUE (W3 ) (Ealing),['a40'],[A40] Western Avenue (Eastbound) at the junction of Braid Avenue - Lane one (of two) closure to facilitate works. 
2025-12-30T10:18:52.881798,TIMS-200007,Works,Moderate,"KING WILLIAM STREET (EC3V,EC4N,EC4R) (City of London)",['bishopsgate cross route'],King William Street (Southbound) at the junction of Lombard Street - Road closed to facilitate urban realm works.
2025-12-30T10:18:52.881798,TIMS-218732,Planned events,Moderate,"[A4202] PARK LANE (W1J ,W1K ,W2 ) (Westminster)",['inner ring'],Winter Wonderland - Hyde Park - [A4202] Park Lane (All directions) at the junction of [A4202] Achilles Way - Winter Wonderland event has opened at 10:00
2025-12-30T10:18:52.881798,TIMS-216408,Works,Moderate,[A400] HAMPSTEAD ROAD (NW1 ) (Camden),['inner ring'],[A400] Hampstead Road (Both directions) at the junction of Robert Street - Temporary traffic signals and lane restrictions are in place for HS2 works.
2025-12-30T10:18:52.881798,TIMS-221134,Network delays,Moderate,"[A101] ROTHERHITHE TUNNEL (E1W ,SE16 ) (Southwark,Tower Hamlets)",['southern river route'],"[A101] Rotherhithe Tunnel (Both directions) between [A200] Jamaica Road and [A13] Commercial Road - The Tunnel may be subject to short, intermittent closures"
2025-12-30T10:18:52.881798,TIMS-204461,Works,Moderate,"[A3203] LAMBETH BRIDGE (SE1 ,SW1P ) (Lambeth,Westminster)",['southern river route'],[A3203] Lambeth Bridge (Eastbound) between [A3036] A 3036 and [A3212] Millbank - Lane restrictions are in place at either side of the bridge for junction improvement works.
2025-12-30T10:18:52.881798,TIMS-222049,Collisions,Moderate,"[A3220] WEST CROSS ROUTE (W10 ,W11 ,W12 ) (Hammersmith & Fulham,Kensington & Chelsea)",['western cross route'],[A3220] West Cross Route (Southbound) at the junction of [A3220] Holland Park Roundabout - Lane closures between A40 Northern Roundabout and Holland Park Roundabout following a collision. Lane one (of four) also restricted on Holland Park Roundabout. 
2025-12-30T10:18:52.881798,TIMS-220472,Hazards,Moderate,"[A4200] SOUTHAMPTON ROW (WC1A ,WC1B ,WC1N ,WC1V ) (Camden)",[],[A4200] Southampton Row (Both directions) between [A40] High Holborn and [A40] Vernon Place - The road is closed due to emergency UKPN works. Vernon Place westbound bus lane is also closed. 
2025-12-30T10:18:52.881798,TIMS-221957,Works,Minimal,[A3] WANDSWORTH HIGH STREET (SW18 ) (Wandsworth),['a205'],[A3] Wandsworth High Street (Both directions) between [A3] West Hill and [A3] East Hill - Road closures in place due to a burst water main. 
2025-12-30T10:18:52.881798,TIMS-221961,Network delays,Minimal,[A2204] FERRY APPROACH (SE18 ) (Greenwich),['a205'],[A2204] Ferry Approach (Both directions) at the junction of [A206] Woolwich Ferry Roundabout - The Woolwich Ferry is operating a one boat service
2025-12-30T10:18:52.881798,TIMS-222012,Works,Minimal,[A212] CATFORD HILL (SE6 ) (Lewisham),['a205'],[A212] Catford Hill (Both directions) at the junction of Beechfield Road - Two way temporary traffic lights in place to facilitate Thames Water works. 
2025-12-30T10:18:52.881798,TIMS-221773,Works,Minimal,"[A216] MITCHAM LANE (SW16 ) (Lambeth,Wandsworth)",['a23'],[A216] Mitcham Lane (Both directions) at the junction of Fernwood Avenue - Temporary signals in operation to facilitate repairs to a burst water main.
2025-12-30T10:18:52.881798,TIMS-222025,Works,Minimal,[A22] GODSTONE ROAD (CR8 ) (Croydon),['a23'],"[A22] Godstone Road (Both directions) at the junction of Station Road - Two-way temporary signals in operation near Kenley station, due to burst water main repairs. "
2025-12-30T10:18:52.881798,TIMS-222023,Works,Minimal,"[A40] WESTERN AVENUE (HA4 ,UB10 ) (Hillingdon)",['a40'],"[A40] Western Avenue (Westbound) at the junction of [A4180] West End Road - Lane one (of three) closure after the onslip from Polish War Memorial, due to urgent water main repairs. "
2025-12-30T10:18:52.881798,TIMS-222051,Emergency service incidents,Minimal,"[A40] OXFORD STREET (W1B ,W1C ,W1D ,W1F ,W1G ,W1H ,W1K ,W1S ,W1W ) (Westminster)",['a40'],[A40] Oxford Street (Westbound) at the junction of Davies Street - Road blocked due to an emergency services incident. 
2025-12-30T10:18:52.881798,TIMS-210389,Works,Minimal,"[A40] WESTWAY (W10 ,W12 ) (Hammersmith & Fulham,Kensington & Chelsea)",['a40'],[A40] Westway (Eastbound) at the junction of [A3220] West Cross Route - The exit slip road to the Northern Roundabout is closed to facilitate repair works. 
2025-12-30T10:18:52.881798,TIMS-222029,Works,Minimal,"[A1203] THE HIGHWAY (E1 ,E1W ) (Tower Hamlets)",['city route'],"[A1203] The Highway (Westbound) at the junction of [A1202] Dock Street - Lane closure due to urgent UKPN cable repairs.
"
2025-12-30T10:18:52.881798,TIMS-221963,Works,Minimal,JAIL LANE (TN16 ) (Bromley),[],Jail Lane (Both directions) at the junction of Old Tye Avenue - Road closed to facilitate Thames Water works. 
2025-12-30T10:18:52.881798,TIMS-212391,Works,Minimal,[A4020] UXBRIDGE ROAD (W12 ) (Hammersmith & Fulham),[],[A4020] Uxbridge Road (Both directions) at the junction of [A402] Shepherds Bush Green - Restrictions in place in various locations on Uxbridge Road and Shepherds Bush Green due to C34 cycle lane scheme works.
2025-12-30T10:18:52.881798,TIMS-213362,Works,Minimal,"[A107] MARE STREET (E8 ,E9 ) (Hackney)",[],"[A107] Mare Street (Both directions) between [A1207] Graham Road and [A107] Amhurst Road - Road is closed to facilitate urban realm works. Additionally, temporary signals are in place at the junction of Graham Road."
2025-12-30T10:18:52.881798,TIMS-219173,Works,Minimal,[A219] WOOD LANE (W12 ) (Hammersmith & Fulham),[],[A219] Wood Lane (Both directions) at the junction of [A40] Westway - Various carriageway and footway restrictions in place to facilitate Cycle Superhighway works.
2025-12-30T10:18:52.881798,TIMS-217012,Works,Minimal,[A206] WOOLWICH ROAD (SE7 ) (Greenwich),[],[A206] Woolwich Road (Both directions) between Anchor & Hope Lane and John Wilson Street. - Lane restrictions to facilitate the construction of a segregated cycle lane. 
2025-12-30T10:18:52.881798,TIMS-220784,Works,Minimal,"[A1205] BURDETT ROAD (E1 ,E14 ,E3 ) (Tower Hamlets)",[],"[A1205] Burdett Road (Both directions) at the junction of [B140] St Pauls Way - Temporary traffic signals lane restrictions in use to facilitate Thames Water works. In addition, no access to St Paul's Way."
2025-12-30T10:18:52.881798,TIMS-221831,Works,Minimal,"PECKHAM RYE (SE15 ,SE22 ) (Southwark)",[],Peckham Rye (All directions) at the junction of [A2214] Nunhead Lane - Temporary traffic signals are in place to facilitate ermergency SGN works.
2025-12-30T10:18:52.881798,TIMS-222055,Works,Minimal,"[A13] NEWHAM WAY (E6 ,IG11 ) (Newham)","['a13', 'a406']",[A13] Newham Way (Eastbound) at the junction of [A406] North Circular Road - There are lane restrictions at this location to facilitate roadworks.
2025-12-30T10:18:52.881798,TIMS-221700,Works,Minimal,[A205] WALDRAM CRESCENT (SE23 ) (Lewisham),['a205'],[A205] Waldram Crescent (Both directions) at the junction of Stanstead Road - Contra-flow in operation to facilitate SGN works.
2025-12-30T10:18:52.881798,TIMS-221978,Works,Minimal,"[A3] BATTERSEA RISE (SW11 ,SW18 ) (Wandsworth)",['a205'],[A3] Battersea Rise (Both directions) at the junction of Bolingbroke Grove - There are 2-way temporary traffic lights at this location for Thames Water works. 
2025-12-30T10:18:52.881798,TIMS-209852,Works,Minimal,"[A3205] NINE ELMS LANE (SW11 ,SW8 ) (Lambeth,Wandsworth)","['a3', 'inner ring']",[A3205] Nine Elms Lane (Both directions) at the junction of Ponton Road - Lane closures in place to facilitate Urban Realm Works.
2025-12-30T10:18:52.881798,TIMS-220695,Works,Minimal,"[A41] FINCHLEY ROAD (NW3 ,NW6 ,NW8 ) (Camden)",['a41'],[A41] Finchley Road (Southbound) at the junction of [B511] College Crescent - Lanes one and two (of three) closed to facilitate emergency Thames Water works.
2025-12-30T10:18:52.881798,TIMS-221816,Works,Minimal,[A302] GROSVENOR GARDENS (SW1W ) (Westminster),['inner ring'],[A302] Grosvenor Gardens (Southbound) at the junction of [A302] Victoria Street - The right turn from Buckingham Palace Road into Grosvenor Gardens has been closed due to emergency repairs by Cadent Gas.
2025-12-30T10:18:52.881798,TIMS-221911,Works,Minimal,SELBORNE ROAD (E17 ) (Waltham Forest),[],Selborne Road (Both directions) at the junction of Vernon Road - Temporary traffic signals in operation to facilitate Thames Water works. 
2025-12-30T10:18:52.881798,TIMS-221720,Works,Minimal,"[A112] PRINCE REGENT LANE (E13 ,E16 ) (Newham)",[],[A112] Prince Regent Lane (Northbound) at the junction of Churchill Road - Road closed northbound due to emergency Thames Water works.
2025-12-30T10:18:52.881798,TIMS-222054,Works,Minimal,[A407] HIGH ROAD (NW10 ) (Brent),[],[A407] High Road (Both directions) at the junction of Bertie Road - Temporary traffic signals in operation to facilitate Cadent Gas works.
2025-12-30T10:18:52.881798,TIMS-220134,Works,Minimal,"[A206] WOOLWICH CHURCH STREET (SE18 ,SE7 ) (Greenwich)",[],[A206] Woolwich Church Street (Westbound) at the junction of Warspite Road - Lane restriction due to ongoing cycle scheme works.
2025-12-30T10:18:52.881798,TIMS-219993,Works,Minimal,[A200] LOWER ROAD (SE16 ) (Southwark),[],[A200] Lower Road (Both directions) at the junction of Gomm Road - Temporary traffic signals to be implemented to facilitate cable works. 
2025-12-30T10:18:52.881798,TIMS-222027,Works,Minimal,"[B212] STRATHEDEN ROAD (SE3 ) (Greenwich,Lewisham)",[],Thames Water works - [B212] Stratheden Road (Both directions) at the junction of [A2] Shooters Hill Road - The road is closed due to Thames Water works. 
2025-12-30T10:18:52.881798,TIMS-219885,Works,Minimal,"[A1205] BURDETT ROAD (E1 ,E3 ) (Tower Hamlets)",[],[A1205] Burdett Road (Both directions) at the junction of [A11] Mile End Road - Lane restrictions in place to facilitate Thames Water works.
2025-12-30T10:18:52.881798,TIMS-218924,Works,Minimal,[A206] WOOLWICH CHURCH STREET (SE18 ) (Greenwich),[],[A206] Woolwich Church Street (Both directions) at the junction of [A206] Woolwich Ferry Roundabout - Various restrictions in place to facilitate cycle lane works.
2025-12-30T10:18:52.881798,TIMS-215004,Works,Minimal,"DU CANE ROAD (W12 ,W3 ) (Hammersmith & Fulham)",[],Du Cane Road (Both directions) at the junction of Hilary Road - Two-way temporary traffic signals are in operation for bridge works.
2025-12-30T10:18:52.881798,TIMS-221797,Planned events,Minimal,HORSE GUARDS AVENUE (SW1A ) (Westminster),[],Horse Guards Avenue (Both directions) between [A3211] Victoria Embankment and Whitehall Court - The road will be closed to facilitate the build for New Year's Eve celebrations. 
2025-12-30T10:43:50.174923,TIMS-206772,Works,Moderate,"[A12] EASTERN AVENUE EAST (RM2 ,RM3 ) (Havering)",['a12'],"Gallows Corner Flyover Refurbishment - [A12] Eastern Avenue East (All directions) at the junction of [A12] Colchester Road - Various restrictions, to facilitate the refurbishment of Gallows Corner Flyover. Full closure of the Flyover and the roundabout including all approaches in place."
2025-12-30T10:43:50.174923,TIMS-213893,Works,Moderate,"[A23] STREATHAM HILL (SW16 ,SW2 ) (Lambeth)",['a23'],"[A23] Streatham Hill (Both directions) between [A205] Christchurch Road and Leigham Court Road - Various restrictions for TfL works. Lane restrictions, in place over the course of the works. On 15/02/2026, 16/02/2026, 17/05/2026, 18/05/2026 there will be a full overnight closure. "
2025-12-30T10:43:50.174923,TIMS-222050,Works,Moderate,[A40] WESTERN AVENUE (W3 ) (Ealing),['a40'],[A40] Western Avenue (Eastbound) at the junction of Braid Avenue - Lane one (of two) closure to facilitate works. 
2025-12-30T10:43:50.174923,TIMS-200007,Works,Moderate,"KING WILLIAM STREET (EC3V,EC4N,EC4R) (City of London)",['bishopsgate cross route'],King William Street (Southbound) at the junction of Lombard Street - Road closed to facilitate urban realm works.
2025-12-30T10:43:50.174923,TIMS-218732,Planned events,Moderate,"[A4202] PARK LANE (W1J ,W1K ,W2 ) (Westminster)",['inner ring'],Winter Wonderland - Hyde Park - [A4202] Park Lane (All directions) at the junction of [A4202] Achilles Way - Winter Wonderland event has opened at 10:00
2025-12-30T10:43:50.174923,TIMS-216408,Works,Moderate,[A400] HAMPSTEAD ROAD (NW1 ) (Camden),['inner ring'],[A400] Hampstead Road (Both directions) at the junction of Robert Street - Temporary traffic signals and lane restrictions are in place for HS2 works.
2025-12-30T10:43:50.174923,TIMS-221134,Network delays,Moderate,"[A101] ROTHERHITHE TUNNEL (E1W ,SE16 ) (Southwark,Tower Hamlets)",['southern river route'],"[A101] Rotherhithe Tunnel (Both directions) between [A200] Jamaica Road and [A13] Commercial Road - The Tunnel may be subject to short, intermittent closures"
2025-12-30T10:43:50.174923,TIMS-204461,Works,Moderate,"[A3203] LAMBETH BRIDGE (SE1 ,SW1P ) (Lambeth,Westminster)",['southern river route'],[A3203] Lambeth Bridge (Eastbound) between [A3036] A 3036 and [A3212] Millbank - Lane restrictions are in place at either side of the bridge for junction improvement works.
2025-12-30T10:43:50.174923,TIMS-222049,Collisions,Moderate,"[A3220] WEST CROSS ROUTE (W10 ,W11 ,W12 ) (Hammersmith & Fulham,Kensington & Chelsea)",['western cross route'],[A3220] West Cross Route (Southbound) at the junction of [A3220] Holland Park Roundabout - Lane closures between A40 Northern Roundabout and Holland Park Roundabout following a collision. Lane one (of four) also restricted on Holland Park Roundabout. 
2025-12-30T10:43:50.174923,TIMS-220472,Hazards,Moderate,"[A4200] SOUTHAMPTON ROW (WC1A ,WC1B ,WC1N ,WC1V ) (Camden)",[],[A4200] Southampton Row (Both directions) between [A40] High Holborn and [A40] Vernon Place - The road is closed due to emergency UKPN works. Vernon Place westbound bus lane is also closed. 
2025-12-30T10:43:50.174923,TIMS-222012,Works,Minimal,[A212] CATFORD HILL (SE6 ) (Lewisham),['a205'],[A212] Catford Hill (Both directions) at the junction of Beechfield Road - Two way temporary traffic lights in place to facilitate Thames Water works. 
2025-12-30T10:43:50.174923,TIMS-221961,Network delays,Minimal,[A2204] FERRY APPROACH (SE18 ) (Greenwich),['a205'],[A2204] Ferry Approach (Both directions) at the junction of [A206] Woolwich Ferry Roundabout - The Woolwich Ferry is operating a one boat service
2025-12-30T10:43:50.174923,TIMS-221957,Works,Minimal,[A3] WANDSWORTH HIGH STREET (SW18 ) (Wandsworth),['a205'],[A3] Wandsworth High Street (Both directions) between [A3] West Hill and [A3] East Hill - Road closures in place due to a burst water main. 
2025-12-30T10:43:50.174923,TIMS-221773,Works,Minimal,"[A216] MITCHAM LANE (SW16 ) (Lambeth,Wandsworth)",['a23'],[A216] Mitcham Lane (Both directions) at the junction of Fernwood Avenue - Temporary signals in operation to facilitate repairs to a burst water main.
2025-12-30T10:43:50.174923,TIMS-222025,Works,Minimal,[A22] GODSTONE ROAD (CR8 ) (Croydon),['a23'],"[A22] Godstone Road (Both directions) at the junction of Station Road - Two-way temporary signals in operation near Kenley station, due to burst water main repairs. "
2025-12-30T10:43:50.174923,TIMS-210389,Works,Minimal,"[A40] WESTWAY (W10 ,W12 ) (Hammersmith & Fulham,Kensington & Chelsea)",['a40'],[A40] Westway (Eastbound) at the junction of [A3220] West Cross Route - The exit slip road to the Northern Roundabout is closed to facilitate repair works. 
2025-12-30T10:43:50.174923,TIMS-222023,Works,Minimal,"[A40] WESTERN AVENUE (HA4 ,UB10 ) (Hillingdon)",['a40'],"[A40] Western Avenue (Westbound) at the junction of [A4180] West End Road - Lane one (of three) closure after the onslip from Polish War Memorial, due to urgent water main repairs. "
2025-12-30T10:43:50.174923,TIMS-222029,Works,Minimal,"[A1203] THE HIGHWAY (E1 ,E1W ) (Tower Hamlets)",['city route'],"[A1203] The Highway (Westbound) at the junction of [A1202] Dock Street - Lane closure due to urgent UKPN cable repairs.
"
2025-12-30T10:43:50.174923,TIMS-221963,Works,Minimal,JAIL LANE (TN16 ) (Bromley),[],Jail Lane (Both directions) at the junction of Old Tye Avenue - Road closed to facilitate Thames Water works. 
2025-12-30T10:43:50.174923,TIMS-221831,Works,Minimal,"PECKHAM RYE (SE15 ,SE22 ) (Southwark)",[],Peckham Rye (All directions) at the junction of [A2214] Nunhead Lane - Temporary traffic signals are in place to facilitate ermergency SGN works.
2025-12-30T10:43:50.174923,TIMS-213362,Works,Minimal,"[A107] MARE STREET (E8 ,E9 ) (Hackney)",[],"[A107] Mare Street (Both directions) between [A1207] Graham Road and [A107] Amhurst Road - Road is closed to facilitate urban realm works. Additionally, temporary signals are in place at the junction of Graham Road."
2025-12-30T10:43:50.174923,TIMS-212391,Works,Minimal,[A4020] UXBRIDGE ROAD (W12 ) (Hammersmith & Fulham),[],[A4020] Uxbridge Road (Both directions) at the junction of [A402] Shepherds Bush Green - Restrictions in place in various locations on Uxbridge Road and Shepherds Bush Green due to C34 cycle lane scheme works.
2025-12-30T10:43:50.174923,TIMS-217012,Works,Minimal,[A206] WOOLWICH ROAD (SE7 ) (Greenwich),[],[A206] Woolwich Road (Both directions) between Anchor & Hope Lane and John Wilson Street. - Lane restrictions to facilitate the construction of a segregated cycle lane. 
2025-12-30T10:43:50.174923,TIMS-219173,Works,Minimal,[A219] WOOD LANE (W12 ) (Hammersmith & Fulham),[],[A219] Wood Lane (Both directions) at the junction of [A40] Westway - Various carriageway and footway restrictions in place to facilitate Cycle Superhighway works.
2025-12-30T10:43:50.174923,TIMS-220784,Works,Minimal,"[A1205] BURDETT ROAD (E1 ,E14 ,E3 ) (Tower Hamlets)",[],"[A1205] Burdett Road (Both directions) at the junction of [B140] St Pauls Way - Temporary traffic signals lane restrictions in use to facilitate Thames Water works. In addition, no access to St Paul's Way."
2025-12-30T10:43:50.174923,TIMS-222055,Works,Minimal,"[A13] NEWHAM WAY (E6 ,IG11 ) (Newham)","['a13', 'a406']",[A13] Newham Way (Eastbound) at the junction of [A406] North Circular Road - There are lane restrictions at this location to facilitate roadworks.
2025-12-30T10:43:50.174923,TIMS-221700,Works,Minimal,[A205] WALDRAM CRESCENT (SE23 ) (Lewisham),['a205'],[A205] Waldram Crescent (Both directions) at the junction of Stanstead Road - Contra-flow in operation to facilitate SGN works.
2025-12-30T10:43:50.174923,TIMS-221978,Works,Minimal,"[A3] BATTERSEA RISE (SW11 ,SW18 ) (Wandsworth)",['a205'],[A3] Battersea Rise (Both directions) at the junction of Bolingbroke Grove - There are 2-way temporary traffic lights at this location for Thames Water works. 
2025-12-30T10:43:50.174923,TIMS-209852,Works,Minimal,"[A3205] NINE ELMS LANE (SW11 ,SW8 ) (Lambeth,Wandsworth)","['a3', 'inner ring']",[A3205] Nine Elms Lane (Both directions) at the junction of Ponton Road - Lane closures in place to facilitate Urban Realm Works.
2025-12-30T10:43:50.174923,TIMS-220695,Works,Minimal,"[A41] FINCHLEY ROAD (NW3 ,NW6 ,NW8 ) (Camden)",['a41'],[A41] Finchley Road (Southbound) at the junction of [B511] College Crescent - Lanes one and two (of three) closed to facilitate emergency Thames Water works.
2025-12-30T10:43:50.174923,TIMS-221816,Works,Minimal,[A302] GROSVENOR GARDENS (SW1W ) (Westminster),['inner ring'],[A302] Grosvenor Gardens (Southbound) at the junction of [A302] Victoria Street - The right turn from Buckingham Palace Road into Grosvenor Gardens has been closed due to emergency repairs by Cadent Gas.
2025-12-30T10:43:50.174923,TIMS-220134,Works,Minimal,"[A206] WOOLWICH CHURCH STREET (SE18 ,SE7 ) (Greenwich)",[],[A206] Woolwich Church Street (Westbound) at the junction of Warspite Road - Lane restriction due to ongoing cycle scheme works.
2025-12-30T10:43:50.174923,TIMS-219993,Works,Minimal,[A200] LOWER ROAD (SE16 ) (Southwark),[],[A200] Lower Road (Both directions) at the junction of Gomm Road - Temporary traffic signals to be implemented to facilitate cable works. 
2025-12-30T10:43:50.174923,TIMS-219885,Works,Minimal,"[A1205] BURDETT ROAD (E1 ,E3 ) (Tower Hamlets)",[],[A1205] Burdett Road (Both directions) at the junction of [A11] Mile End Road - Lane restrictions in place to facilitate Thames Water works.
2025-12-30T10:43:50.174923,TIMS-221797,Planned events,Minimal,HORSE GUARDS AVENUE (SW1A ) (Westminster),[],Horse Guards Avenue (Both directions) between [A3211] Victoria Embankment and Whitehall Court - The road will be closed to facilitate the build for New Year's Eve celebrations. 
2025-12-30T10:43:50.174923,TIMS-218924,Works,Minimal,[A206] WOOLWICH CHURCH STREET (SE18 ) (Greenwich),[],[A206] Woolwich Church Street (Both directions) at the junction of [A206] Woolwich Ferry Roundabout - Various restrictions in place to facilitate cycle lane works.
2025-12-30T10:43:50.174923,TIMS-222027,Works,Minimal,"[B212] STRATHEDEN ROAD (SE3 ) (Greenwich,Lewisham)",[],Thames Water works - [B212] Stratheden Road (Both directions) at the junction of [A2] Shooters Hill Road - The road is closed due to Thames Water works. 
2025-12-30T10:43:50.174923,TIMS-222054,Works,Minimal,[A407] HIGH ROAD (NW10 ) (Brent),[],[A407] High Road (Both directions) at the junction of Bertie Road - Temporary traffic signals in operation to facilitate Cadent Gas works.
2025-12-30T10:43:50.174923,TIMS-215004,Works,Minimal,"DU CANE ROAD (W12 ,W3 ) (Hammersmith & Fulham)",[],Du Cane Road (Both directions) at the junction of Hilary Road - Two-way temporary traffic signals are in operation for bridge works.
2025-12-30T10:43:50.174923,TIMS-221911,Works,Minimal,SELBORNE ROAD (E17 ) (Waltham Forest),[],Selborne Road (Both directions) at the junction of Vernon Road - Temporary traffic signals in operation to facilitate Thames Water works. 
2025-12-30T10:43:50.174923,TIMS-221720,Works,Minimal,"[A112] PRINCE REGENT LANE (E13 ,E16 ) (Newham)",[],[A112] Prince Regent Lane (Northbound) at the junction of Churchill Road - Road closed northbound due to emergency Thames Water works.
2025-12-30T10:56:18.663939,TIMS-206772,Works,Moderate,"[A12] EASTERN AVENUE EAST (RM2 ,RM3 ) (Havering)",['a12'],"Gallows Corner Flyover Refurbishment - [A12] Eastern Avenue East (All directions) at the junction of [A12] Colchester Road - Various restrictions, to facilitate the refurbishment of Gallows Corner Flyover. Full closure of the Flyover and the roundabout including all approaches in place."
2025-12-30T10:56:18.663939,TIMS-213893,Works,Moderate,"[A23] STREATHAM HILL (SW16 ,SW2 ) (Lambeth)",['a23'],"[A23] Streatham Hill (Both directions) between [A205] Christchurch Road and Leigham Court Road - Various restrictions for TfL works. Lane restrictions, in place over the course of the works. On 15/02/2026, 16/02/2026, 17/05/2026, 18/05/2026 there will be a full overnight closure. "
2025-12-30T10:56:18.663939,TIMS-222050,Works,Moderate,[A40] WESTERN AVENUE (W3 ) (Ealing),['a40'],[A40] Western Avenue (Eastbound) at the junction of Braid Avenue - Lane one (of two) closure to facilitate works. 
2025-12-30T10:56:18.663939,TIMS-200007,Works,Moderate,"KING WILLIAM STREET (EC3V,EC4N,EC4R) (City of London)",['bishopsgate cross route'],King William Street (Southbound) at the junction of Lombard Street - Road closed to facilitate urban realm works.
2025-12-30T10:56:18.663939,TIMS-218732,Planned events,Moderate,"[A4202] PARK LANE (W1J ,W1K ,W2 ) (Westminster)",['inner ring'],Winter Wonderland - Hyde Park - [A4202] Park Lane (All directions) at the junction of [A4202] Achilles Way - Winter Wonderland event has opened at 10:00
2025-12-30T10:56:18.663939,TIMS-216408,Works,Moderate,[A400] HAMPSTEAD ROAD (NW1 ) (Camden),['inner ring'],[A400] Hampstead Road (Both directions) at the junction of Robert Street - Temporary traffic signals and lane restrictions are in place for HS2 works.
2025-12-30T10:56:18.663939,TIMS-221134,Network delays,Moderate,"[A101] ROTHERHITHE TUNNEL (E1W ,SE16 ) (Southwark,Tower Hamlets)",['southern river route'],"[A101] Rotherhithe Tunnel (Both directions) between [A200] Jamaica Road and [A13] Commercial Road - The Tunnel may be subject to short, intermittent closures"
2025-12-30T10:56:18.663939,TIMS-204461,Works,Moderate,"[A3203] LAMBETH BRIDGE (SE1 ,SW1P ) (Lambeth,Westminster)",['southern river route'],[A3203] Lambeth Bridge (Eastbound) between [A3036] A 3036 and [A3212] Millbank - Lane restrictions are in place at either side of the bridge for junction improvement works.
2025-12-30T10:56:18.663939,TIMS-222049,Collisions,Moderate,"[A3220] WEST CROSS ROUTE (W10 ,W11 ,W12 ) (Hammersmith & Fulham,Kensington & Chelsea)",['western cross route'],[A3220] West Cross Route (Southbound) at the junction of [A3220] Holland Park Roundabout - Lane closures between A40 Northern Roundabout and Holland Park Roundabout following a collision. Lane one (of four) also restricted on Holland Park Roundabout. 
2025-12-30T10:56:18.663939,TIMS-220472,Hazards,Moderate,"[A4200] SOUTHAMPTON ROW (WC1A ,WC1B ,WC1N ,WC1V ) (Camden)",[],[A4200] Southampton Row (Both directions) between [A40] High Holborn and [A40] Vernon Place - The road is closed due to emergency UKPN works. Vernon Place westbound bus lane is also closed. 
2025-12-30T10:56:18.663939,TIMS-222012,Works,Minimal,[A212] CATFORD HILL (SE6 ) (Lewisham),['a205'],[A212] Catford Hill (Both directions) at the junction of Beechfield Road - Two way temporary traffic lights in place to facilitate Thames Water works. 
2025-12-30T10:56:18.663939,TIMS-221961,Network delays,Minimal,[A2204] FERRY APPROACH (SE18 ) (Greenwich),['a205'],[A2204] Ferry Approach (Both directions) at the junction of [A206] Woolwich Ferry Roundabout - The Woolwich Ferry is operating a one boat service
2025-12-30T10:56:18.663939,TIMS-221957,Works,Minimal,[A3] WANDSWORTH HIGH STREET (SW18 ) (Wandsworth),['a205'],[A3] Wandsworth High Street (Both directions) between [A3] West Hill and [A3] East Hill - Road closures in place due to a burst water main. 
2025-12-30T10:56:18.663939,TIMS-221773,Works,Minimal,"[A216] MITCHAM LANE (SW16 ) (Lambeth,Wandsworth)",['a23'],[A216] Mitcham Lane (Both directions) at the junction of Fernwood Avenue - Temporary signals in operation to facilitate repairs to a burst water main.
2025-12-30T10:56:18.663939,TIMS-222025,Works,Minimal,[A22] GODSTONE ROAD (CR8 ) (Croydon),['a23'],"[A22] Godstone Road (Both directions) at the junction of Station Road - Two-way temporary signals in operation near Kenley station, due to burst water main repairs. "
2025-12-30T10:56:18.663939,TIMS-210389,Works,Minimal,"[A40] WESTWAY (W10 ,W12 ) (Hammersmith & Fulham,Kensington & Chelsea)",['a40'],[A40] Westway (Eastbound) at the junction of [A3220] West Cross Route - The exit slip road to the Northern Roundabout is closed to facilitate repair works. 
2025-12-30T10:56:18.663939,TIMS-222023,Works,Minimal,"[A40] WESTERN AVENUE (HA4 ,UB10 ) (Hillingdon)",['a40'],"[A40] Western Avenue (Westbound) at the junction of [A4180] West End Road - Lane one (of three) closure after the onslip from Polish War Memorial, due to urgent water main repairs. "
2025-12-30T10:56:18.663939,TIMS-222029,Works,Minimal,"[A1203] THE HIGHWAY (E1 ,E1W ) (Tower Hamlets)",['city route'],"[A1203] The Highway (Westbound) at the junction of [A1202] Dock Street - Lane closure due to urgent UKPN cable repairs.
"
2025-12-30T10:56:18.663939,TIMS-221963,Works,Minimal,JAIL LANE (TN16 ) (Bromley),[],Jail Lane (Both directions) at the junction of Old Tye Avenue - Road closed to facilitate Thames Water works. 
2025-12-30T10:56:18.663939,TIMS-221831,Works,Minimal,"PECKHAM RYE (SE15 ,SE22 ) (Southwark)",[],Peckham Rye (All directions) at the junction of [A2214] Nunhead Lane - Temporary traffic signals are in place to facilitate ermergency SGN works.
2025-12-30T10:56:18.663939,TIMS-213362,Works,Minimal,"[A107] MARE STREET (E8 ,E9 ) (Hackney)",[],"[A107] Mare Street (Both directions) between [A1207] Graham Road and [A107] Amhurst Road - Road is closed to facilitate urban realm works. Additionally, temporary signals are in place at the junction of Graham Road."
2025-12-30T10:56:18.663939,TIMS-212391,Works,Minimal,[A4020] UXBRIDGE ROAD (W12 ) (Hammersmith & Fulham),[],[A4020] Uxbridge Road (Both directions) at the junction of [A402] Shepherds Bush Green - Restrictions in place in various locations on Uxbridge Road and Shepherds Bush Green due to C34 cycle lane scheme works.
2025-12-30T10:56:18.663939,TIMS-217012,Works,Minimal,[A206] WOOLWICH ROAD (SE7 ) (Greenwich),[],[A206] Woolwich Road (Both directions) between Anchor & Hope Lane and John Wilson Street. - Lane restrictions to facilitate the construction of a segregated cycle lane. 
2025-12-30T10:56:18.663939,TIMS-219173,Works,Minimal,[A219] WOOD LANE (W12 ) (Hammersmith & Fulham),[],[A219] Wood Lane (Both directions) at the junction of [A40] Westway - Various carriageway and footway restrictions in place to facilitate Cycle Superhighway works.
2025-12-30T10:56:18.663939,TIMS-220784,Works,Minimal,"[A1205] BURDETT ROAD (E1 ,E14 ,E3 ) (Tower Hamlets)",[],"[A1205] Burdett Road (Both directions) at the junction of [B140] St Pauls Way - Temporary traffic signals lane restrictions in use to facilitate Thames Water works. In addition, no access to St Paul's Way."
2025-12-30T10:56:18.663939,TIMS-222055,Works,Minimal,"[A13] NEWHAM WAY (E6 ,IG11 ) (Newham)","['a13', 'a406']",[A13] Newham Way (Eastbound) at the junction of [A406] North Circular Road - There are lane restrictions at this location to facilitate roadworks.
2025-12-30T10:56:18.663939,TIMS-221700,Works,Minimal,[A205] WALDRAM CRESCENT (SE23 ) (Lewisham),['a205'],[A205] Waldram Crescent (Both directions) at the junction of Stanstead Road - Contra-flow in operation to facilitate SGN works.
2025-12-30T10:56:18.663939,TIMS-221978,Works,Minimal,"[A3] BATTERSEA RISE (SW11 ,SW18 ) (Wandsworth)",['a205'],[A3] Battersea Rise (Both directions) at the junction of Bolingbroke Grove - There are 2-way temporary traffic lights at this location for Thames Water works. 
2025-12-30T10:56:18.663939,TIMS-209852,Works,Minimal,"[A3205] NINE ELMS LANE (SW11 ,SW8 ) (Lambeth,Wandsworth)","['a3', 'inner ring']",[A3205] Nine Elms Lane (Both directions) at the junction of Ponton Road - Lane closures in place to facilitate Urban Realm Works.
2025-12-30T10:56:18.663939,TIMS-220695,Works,Minimal,"[A41] FINCHLEY ROAD (NW3 ,NW6 ,NW8 ) (Camden)",['a41'],[A41] Finchley Road (Southbound) at the junction of [B511] College Crescent - Lanes one and two (of three) closed to facilitate emergency Thames Water works.
2025-12-30T10:56:18.663939,TIMS-221816,Works,Minimal,[A302] GROSVENOR GARDENS (SW1W ) (Westminster),['inner ring'],[A302] Grosvenor Gardens (Southbound) at the junction of [A302] Victoria Street - The right turn from Buckingham Palace Road into Grosvenor Gardens has been closed due to emergency repairs by Cadent Gas.
2025-12-30T10:56:18.663939,TIMS-220134,Works,Minimal,"[A206] WOOLWICH CHURCH STREET (SE18 ,SE7 ) (Greenwich)",[],[A206] Woolwich Church Street (Westbound) at the junction of Warspite Road - Lane restriction due to ongoing cycle scheme works.
2025-12-30T10:56:18.663939,TIMS-219993,Works,Minimal,[A200] LOWER ROAD (SE16 ) (Southwark),[],[A200] Lower Road (Both directions) at the junction of Gomm Road - Temporary traffic signals to be implemented to facilitate cable works. 
2025-12-30T10:56:18.663939,TIMS-219885,Works,Minimal,"[A1205] BURDETT ROAD (E1 ,E3 ) (Tower Hamlets)",[],[A1205] Burdett Road (Both directions) at the junction of [A11] Mile End Road - Lane restrictions in place to facilitate Thames Water works.
2025-12-30T10:56:18.663939,TIMS-221797,Planned events,Minimal,HORSE GUARDS AVENUE (SW1A ) (Westminster),[],Horse Guards Avenue (Both directions) between [A3211] Victoria Embankment and Whitehall Court - The road will be closed to facilitate the build for New Year's Eve celebrations. 
2025-12-30T10:56:18.663939,TIMS-218924,Works,Minimal,[A206] WOOLWICH CHURCH STREET (SE18 ) (Greenwich),[],[A206] Woolwich Church Street (Both directions) at the junction of [A206] Woolwich Ferry Roundabout - Various restrictions in place to facilitate cycle lane works.
2025-12-30T10:56:18.663939,TIMS-222027,Works,Minimal,"[B212] STRATHEDEN ROAD (SE3 ) (Greenwich,Lewisham)",[],Thames Water works - [B212] Stratheden Road (Both directions) at the junction of [A2] Shooters Hill Road - The road is closed due to Thames Water works. 
2025-12-30T10:56:18.663939,TIMS-222054,Works,Minimal,[A407] HIGH ROAD (NW10 ) (Brent),[],[A407] High Road (Both directions) at the junction of Bertie Road - Temporary traffic signals in operation to facilitate Cadent Gas works.
2025-12-30T10:56:18.663939,TIMS-215004,Works,Minimal,"DU CANE ROAD (W12 ,W3 ) (Hammersmith & Fulham)",[],Du Cane Road (Both directions) at the junction of Hilary Road - Two-way temporary traffic signals are in operation for bridge works.
2025-12-30T10:56:18.663939,TIMS-221911,Works,Minimal,SELBORNE ROAD (E17 ) (Waltham Forest),[],Selborne Road (Both directions) at the junction of Vernon Road - Temporary traffic signals in operation to facilitate Thames Water works. 
2025-12-30T10:56:18.663939,TIMS-221720,Works,Minimal,"[A112] PRINCE REGENT LANE (E13 ,E16 ) (Newham)",[],[A112] Prince Regent Lane (Northbound) at the junction of Churchill Road - Road closed northbound due to emergency Thames Water works.
2025-12-30T11:15:36.994053,TIMS-206772,Works,Moderate,"[A12] EASTERN AVENUE EAST (RM2 ,RM3 ) (Havering)",['a12'],"Gallows Corner Flyover Refurbishment - [A12] Eastern Avenue East (All directions) at the junction of [A12] Colchester Road - Various restrictions, to facilitate the refurbishment of Gallows Corner Flyover. Full closure of the Flyover and the roundabout including all approaches in place."
2025-12-30T11:15:36.994053,TIMS-213893,Works,Moderate,"[A23] STREATHAM HILL (SW16 ,SW2 ) (Lambeth)",['a23'],"[A23] Streatham Hill (Both directions) between [A205] Christchurch Road and Leigham Court Road - Various restrictions for TfL works. Lane restrictions, in place over the course of the works. On 15/02/2026, 16/02/2026, 17/05/2026, 18/05/2026 there will be a full overnight closure. "
2025-12-30T11:15:36.994053,TIMS-222050,Works,Moderate,[A40] WESTERN AVENUE (W3 ) (Ealing),['a40'],[A40] Western Avenue (Eastbound) at the junction of Braid Avenue - Lane one (of two) closure to facilitate works. 
2025-12-30T11:15:36.994053,TIMS-200007,Works,Moderate,"KING WILLIAM STREET (EC3V,EC4N,EC4R) (City of London)",['bishopsgate cross route'],King William Street (Southbound) at the junction of Lombard Street - Road closed to facilitate urban realm works.
2025-12-30T11:15:36.994053,TIMS-218732,Planned events,Moderate,"[A4202] PARK LANE (W1J ,W1K ,W2 ) (Westminster)",['inner ring'],Winter Wonderland - Hyde Park - [A4202] Park Lane (All directions) at the junction of [A4202] Achilles Way - Winter Wonderland event has opened at 10:00
2025-12-30T11:15:36.994053,TIMS-216408,Works,Moderate,[A400] HAMPSTEAD ROAD (NW1 ) (Camden),['inner ring'],[A400] Hampstead Road (Both directions) at the junction of Robert Street - Temporary traffic signals and lane restrictions are in place for HS2 works.
2025-12-30T11:15:36.994053,TIMS-221134,Network delays,Moderate,"[A101] ROTHERHITHE TUNNEL (E1W ,SE16 ) (Southwark,Tower Hamlets)",['southern river route'],"[A101] Rotherhithe Tunnel (Both directions) between [A200] Jamaica Road and [A13] Commercial Road - The Tunnel may be subject to short, intermittent closures"
2025-12-30T11:15:36.994053,TIMS-204461,Works,Moderate,"[A3203] LAMBETH BRIDGE (SE1 ,SW1P ) (Lambeth,Westminster)",['southern river route'],[A3203] Lambeth Bridge (Eastbound) between [A3036] A 3036 and [A3212] Millbank - Lane restrictions are in place at either side of the bridge for junction improvement works.
2025-12-30T11:15:36.994053,TIMS-222049,Collisions,Moderate,"[A3220] WEST CROSS ROUTE (W10 ,W11 ,W12 ) (Hammersmith & Fulham,Kensington & Chelsea)",['western cross route'],[A3220] West Cross Route (Southbound) at the junction of [A3220] Holland Park Roundabout - Lane closures between A40 Northern Roundabout and Holland Park Roundabout following a collision. Lane one (of four) also restricted on Holland Park Roundabout. 
2025-12-30T11:15:36.994053,TIMS-220472,Hazards,Moderate,"[A4200] SOUTHAMPTON ROW (WC1A ,WC1B ,WC1N ,WC1V ) (Camden)",[],[A4200] Southampton Row (Both directions) between [A40] High Holborn and [A40] Vernon Place - The road is closed due to emergency UKPN works. Vernon Place westbound bus lane is also closed. 
2025-12-30T11:15:36.994053,TIMS-222012,Works,Minimal,[A212] CATFORD HILL (SE6 ) (Lewisham),['a205'],[A212] Catford Hill (Both directions) at the junction of Beechfield Road - Two way temporary traffic lights in place to facilitate Thames Water works. 
2025-12-30T11:15:36.994053,TIMS-221961,Network delays,Minimal,[A2204] FERRY APPROACH (SE18 ) (Greenwich),['a205'],[A2204] Ferry Approach (Both directions) at the junction of [A206] Woolwich Ferry Roundabout - The Woolwich Ferry is operating a one boat service
2025-12-30T11:15:36.994053,TIMS-221957,Works,Minimal,[A3] WANDSWORTH HIGH STREET (SW18 ) (Wandsworth),['a205'],[A3] Wandsworth High Street (Both directions) between [A3] West Hill and [A3] East Hill - Road closures in place due to a burst water main. 
2025-12-30T11:15:36.994053,TIMS-221773,Works,Minimal,"[A216] MITCHAM LANE (SW16 ) (Lambeth,Wandsworth)",['a23'],[A216] Mitcham Lane (Both directions) at the junction of Fernwood Avenue - Temporary signals in operation to facilitate repairs to a burst water main.
2025-12-30T11:15:36.994053,TIMS-222025,Works,Minimal,[A22] GODSTONE ROAD (CR8 ) (Croydon),['a23'],"[A22] Godstone Road (Both directions) at the junction of Station Road - Two-way temporary signals in operation near Kenley station, due to burst water main repairs. "
2025-12-30T11:15:36.994053,TIMS-210389,Works,Minimal,"[A40] WESTWAY (W10 ,W12 ) (Hammersmith & Fulham,Kensington & Chelsea)",['a40'],[A40] Westway (Eastbound) at the junction of [A3220] West Cross Route - The exit slip road to the Northern Roundabout is closed to facilitate repair works. 
2025-12-30T11:15:36.994053,TIMS-222023,Works,Minimal,"[A40] WESTERN AVENUE (HA4 ,UB10 ) (Hillingdon)",['a40'],"[A40] Western Avenue (Westbound) at the junction of [A4180] West End Road - Lane one (of three) closure after the onslip from Polish War Memorial, due to urgent water main repairs. "
2025-12-30T11:15:36.994053,TIMS-222029,Works,Minimal,"[A1203] THE HIGHWAY (E1 ,E1W ) (Tower Hamlets)",['city route'],"[A1203] The Highway (Westbound) at the junction of [A1202] Dock Street - Lane closure due to urgent UKPN cable repairs.
"
2025-12-30T11:15:36.994053,TIMS-221963,Works,Minimal,JAIL LANE (TN16 ) (Bromley),[],Jail Lane (Both directions) at the junction of Old Tye Avenue - Road closed to facilitate Thames Water works. 
2025-12-30T11:15:36.994053,TIMS-221831,Works,Minimal,"PECKHAM RYE (SE15 ,SE22 ) (Southwark)",[],Peckham Rye (All directions) at the junction of [A2214] Nunhead Lane - Temporary traffic signals are in place to facilitate ermergency SGN works.
2025-12-30T11:15:36.994053,TIMS-213362,Works,Minimal,"[A107] MARE STREET (E8 ,E9 ) (Hackney)",[],"[A107] Mare Street (Both directions) between [A1207] Graham Road and [A107] Amhurst Road - Road is closed to facilitate urban realm works. Additionally, temporary signals are in place at the junction of Graham Road."
2025-12-30T11:15:36.994053,TIMS-212391,Works,Minimal,[A4020] UXBRIDGE ROAD (W12 ) (Hammersmith & Fulham),[],[A4020] Uxbridge Road (Both directions) at the junction of [A402] Shepherds Bush Green - Restrictions in place in various locations on Uxbridge Road and Shepherds Bush Green due to C34 cycle lane scheme works.
2025-12-30T11:15:36.994053,TIMS-217012,Works,Minimal,[A206] WOOLWICH ROAD (SE7 ) (Greenwich),[],[A206] Woolwich Road (Both directions) between Anchor & Hope Lane and John Wilson Street. - Lane restrictions to facilitate the construction of a segregated cycle lane. 
2025-12-30T11:15:36.994053,TIMS-219173,Works,Minimal,[A219] WOOD LANE (W12 ) (Hammersmith & Fulham),[],[A219] Wood Lane (Both directions) at the junction of [A40] Westway - Various carriageway and footway restrictions in place to facilitate Cycle Superhighway works.
2025-12-30T11:15:36.994053,TIMS-220784,Works,Minimal,"[A1205] BURDETT ROAD (E1 ,E14 ,E3 ) (Tower Hamlets)",[],"[A1205] Burdett Road (Both directions) at the junction of [B140] St Pauls Way - Temporary traffic signals lane restrictions in use to facilitate Thames Water works. In addition, no access to St Paul's Way."
2025-12-30T11:15:36.994053,TIMS-222055,Works,Minimal,"[A13] NEWHAM WAY (E6 ,IG11 ) (Newham)","['a13', 'a406']",[A13] Newham Way (Eastbound) at the junction of [A406] North Circular Road - There are lane restrictions at this location to facilitate roadworks.
2025-12-30T11:15:36.994053,TIMS-221700,Works,Minimal,[A205] WALDRAM CRESCENT (SE23 ) (Lewisham),['a205'],[A205] Waldram Crescent (Both directions) at the junction of Stanstead Road - Contra-flow in operation to facilitate SGN works.
2025-12-30T11:15:36.994053,TIMS-221978,Works,Minimal,"[A3] BATTERSEA RISE (SW11 ,SW18 ) (Wandsworth)",['a205'],[A3] Battersea Rise (Both directions) at the junction of Bolingbroke Grove - There are 2-way temporary traffic lights at this location for Thames Water works. 
2025-12-30T11:15:36.994053,TIMS-209852,Works,Minimal,"[A3205] NINE ELMS LANE (SW11 ,SW8 ) (Lambeth,Wandsworth)","['a3', 'inner ring']",[A3205] Nine Elms Lane (Both directions) at the junction of Ponton Road - Lane closures in place to facilitate Urban Realm Works.
2025-12-30T11:15:36.994053,TIMS-220695,Works,Minimal,"[A41] FINCHLEY ROAD (NW3 ,NW6 ,NW8 ) (Camden)",['a41'],[A41] Finchley Road (Southbound) at the junction of [B511] College Crescent - Lanes one and two (of three) closed to facilitate emergency Thames Water works.
2025-12-30T11:15:36.994053,TIMS-221816,Works,Minimal,[A302] GROSVENOR GARDENS (SW1W ) (Westminster),['inner ring'],[A302] Grosvenor Gardens (Southbound) at the junction of [A302] Victoria Street - The right turn from Buckingham Palace Road into Grosvenor Gardens has been closed due to emergency repairs by Cadent Gas.
2025-12-30T11:15:36.994053,TIMS-220134,Works,Minimal,"[A206] WOOLWICH CHURCH STREET (SE18 ,SE7 ) (Greenwich)",[],[A206] Woolwich Church Street (Westbound) at the junction of Warspite Road - Lane restriction due to ongoing cycle scheme works.
2025-12-30T11:15:36.994053,TIMS-219993,Works,Minimal,[A200] LOWER ROAD (SE16 ) (Southwark),[],[A200] Lower Road (Both directions) at the junction of Gomm Road - Temporary traffic signals to be implemented to facilitate cable works. 
2025-12-30T11:15:36.994053,TIMS-219885,Works,Minimal,"[A1205] BURDETT ROAD (E1 ,E3 ) (Tower Hamlets)",[],[A1205] Burdett Road (Both directions) at the junction of [A11] Mile End Road - Lane restrictions in place to facilitate Thames Water works.
2025-12-30T11:15:36.994053,TIMS-221797,Planned events,Minimal,HORSE GUARDS AVENUE (SW1A ) (Westminster),[],Horse Guards Avenue (Both directions) between [A3211] Victoria Embankment and Whitehall Court - The road will be closed to facilitate the build for New Year's Eve celebrations. 
2025-12-30T11:15:36.994053,TIMS-218924,Works,Minimal,[A206] WOOLWICH CHURCH STREET (SE18 ) (Greenwich),[],[A206] Woolwich Church Street (Both directions) at the junction of [A206] Woolwich Ferry Roundabout - Various restrictions in place to facilitate cycle lane works.
2025-12-30T11:15:36.994053,TIMS-222027,Works,Minimal,"[B212] STRATHEDEN ROAD (SE3 ) (Greenwich,Lewisham)",[],Thames Water works - [B212] Stratheden Road (Both directions) at the junction of [A2] Shooters Hill Road - The road is closed due to Thames Water works. 
2025-12-30T11:15:36.994053,TIMS-222054,Works,Minimal,[A407] HIGH ROAD (NW10 ) (Brent),[],[A407] High Road (Both directions) at the junction of Bertie Road - Temporary traffic signals in operation to facilitate Cadent Gas works.
2025-12-30T11:15:36.994053,TIMS-215004,Works,Minimal,"DU CANE ROAD (W12 ,W3 ) (Hammersmith & Fulham)",[],Du Cane Road (Both directions) at the junction of Hilary Road - Two-way temporary traffic signals are in operation for bridge works.
2025-12-30T11:15:36.994053,TIMS-221911,Works,Minimal,SELBORNE ROAD (E17 ) (Waltham Forest),[],Selborne Road (Both directions) at the junction of Vernon Road - Temporary traffic signals in operation to facilitate Thames Water works. 
2025-12-30T11:15:36.994053,TIMS-221720,Works,Minimal,"[A112] PRINCE REGENT LANE (E13 ,E16 ) (Newham)",[],[A112] Prince Regent Lane (Northbound) at the junction of Churchill Road - Road closed northbound due to emergency Thames Water works.
2025-12-30T11:32:31.404390,TIMS-206772,Works,Moderate,"[A12] EASTERN AVENUE EAST (RM2 ,RM3 ) (Havering)",['a12'],"Gallows Corner Flyover Refurbishment - [A12] Eastern Avenue East (All directions) at the junction of [A12] Colchester Road - Various restrictions, to facilitate the refurbishment of Gallows Corner Flyover. Full closure of the Flyover and the roundabout including all approaches in place."
2025-12-30T11:32:31.404390,TIMS-213893,Works,Moderate,"[A23] STREATHAM HILL (SW16 ,SW2 ) (Lambeth)",['a23'],"[A23] Streatham Hill (Both directions) between [A205] Christchurch Road and Leigham Court Road - Various restrictions for TfL works. Lane restrictions, in place over the course of the works. On 15/02/2026, 16/02/2026, 17/05/2026, 18/05/2026 there will be a full overnight closure. "
2025-12-30T11:32:31.404390,TIMS-222050,Works,Moderate,[A40] WESTERN AVENUE (W3 ) (Ealing),['a40'],[A40] Western Avenue (Eastbound) at the junction of Braid Avenue - Lane one (of two) closure to facilitate works. 
2025-12-30T11:32:31.404390,TIMS-200007,Works,Moderate,"KING WILLIAM STREET (EC3V,EC4N,EC4R) (City of London)",['bishopsgate cross route'],King William Street (Southbound) at the junction of Lombard Street - Road closed to facilitate urban realm works.
2025-12-30T11:32:31.404390,TIMS-218732,Planned events,Moderate,"[A4202] PARK LANE (W1J ,W1K ,W2 ) (Westminster)",['inner ring'],Winter Wonderland - Hyde Park - [A4202] Park Lane (All directions) at the junction of [A4202] Achilles Way - Winter Wonderland event has opened at 10:00
2025-12-30T11:32:31.404390,TIMS-216408,Works,Moderate,[A400] HAMPSTEAD ROAD (NW1 ) (Camden),['inner ring'],[A400] Hampstead Road (Both directions) at the junction of Robert Street - Temporary traffic signals and lane restrictions are in place for HS2 works.
2025-12-30T11:32:31.404390,TIMS-221134,Network delays,Moderate,"[A101] ROTHERHITHE TUNNEL (E1W ,SE16 ) (Southwark,Tower Hamlets)",['southern river route'],"[A101] Rotherhithe Tunnel (Both directions) between [A200] Jamaica Road and [A13] Commercial Road - The Tunnel may be subject to short, intermittent closures"
2025-12-30T11:32:31.404390,TIMS-204461,Works,Moderate,"[A3203] LAMBETH BRIDGE (SE1 ,SW1P ) (Lambeth,Westminster)",['southern river route'],[A3203] Lambeth Bridge (Eastbound) between [A3036] A 3036 and [A3212] Millbank - Lane restrictions are in place at either side of the bridge for junction improvement works.
2025-12-30T11:32:31.404390,TIMS-222049,Collisions,Moderate,"[A3220] WEST CROSS ROUTE (W10 ,W11 ,W12 ) (Hammersmith & Fulham,Kensington & Chelsea)",['western cross route'],[A3220] West Cross Route (Southbound) at the junction of [A3220] Holland Park Roundabout - Lane closures between A40 Northern Roundabout and Holland Park Roundabout following a collision. Lane one (of four) also restricted on Holland Park Roundabout. 
2025-12-30T11:32:31.404390,TIMS-220472,Hazards,Moderate,"[A4200] SOUTHAMPTON ROW (WC1A ,WC1B ,WC1N ,WC1V ) (Camden)",[],[A4200] Southampton Row (Both directions) between [A40] High Holborn and [A40] Vernon Place - The road is closed due to emergency UKPN works. Vernon Place westbound bus lane is also closed. 
2025-12-30T11:32:31.404390,TIMS-222012,Works,Minimal,[A212] CATFORD HILL (SE6 ) (Lewisham),['a205'],[A212] Catford Hill (Both directions) at the junction of Beechfield Road - Two way temporary traffic lights in place to facilitate Thames Water works. 
2025-12-30T11:32:31.404390,TIMS-221961,Network delays,Minimal,[A2204] FERRY APPROACH (SE18 ) (Greenwich),['a205'],[A2204] Ferry Approach (Both directions) at the junction of [A206] Woolwich Ferry Roundabout - The Woolwich Ferry is operating a one boat service
2025-12-30T11:32:31.404390,TIMS-221957,Works,Minimal,[A3] WANDSWORTH HIGH STREET (SW18 ) (Wandsworth),['a205'],[A3] Wandsworth High Street (Both directions) between [A3] West Hill and [A3] East Hill - Road closures in place due to a burst water main. 
2025-12-30T11:32:31.404390,TIMS-221773,Works,Minimal,"[A216] MITCHAM LANE (SW16 ) (Lambeth,Wandsworth)",['a23'],[A216] Mitcham Lane (Both directions) at the junction of Fernwood Avenue - Temporary signals in operation to facilitate repairs to a burst water main.
2025-12-30T11:32:31.404390,TIMS-222025,Works,Minimal,[A22] GODSTONE ROAD (CR8 ) (Croydon),['a23'],"[A22] Godstone Road (Both directions) at the junction of Station Road - Two-way temporary signals in operation near Kenley station, due to burst water main repairs. "
2025-12-30T11:32:31.404390,TIMS-210389,Works,Minimal,"[A40] WESTWAY (W10 ,W12 ) (Hammersmith & Fulham,Kensington & Chelsea)",['a40'],[A40] Westway (Eastbound) at the junction of [A3220] West Cross Route - The exit slip road to the Northern Roundabout is closed to facilitate repair works. 
2025-12-30T11:32:31.404390,TIMS-222023,Works,Minimal,"[A40] WESTERN AVENUE (HA4 ,UB10 ) (Hillingdon)",['a40'],"[A40] Western Avenue (Westbound) at the junction of [A4180] West End Road - Lane one (of three) closure after the onslip from Polish War Memorial, due to urgent water main repairs. "
2025-12-30T11:32:31.404390,TIMS-222029,Works,Minimal,"[A1203] THE HIGHWAY (E1 ,E1W ) (Tower Hamlets)",['city route'],"[A1203] The Highway (Westbound) at the junction of [A1202] Dock Street - Lane closure due to urgent UKPN cable repairs.
"
2025-12-30T11:32:31.404390,TIMS-221963,Works,Minimal,JAIL LANE (TN16 ) (Bromley),[],Jail Lane (Both directions) at the junction of Old Tye Avenue - Road closed to facilitate Thames Water works. 
2025-12-30T11:32:31.404390,TIMS-221831,Works,Minimal,"PECKHAM RYE (SE15 ,SE22 ) (Southwark)",[],Peckham Rye (All directions) at the junction of [A2214] Nunhead Lane - Temporary traffic signals are in place to facilitate ermergency SGN works.
2025-12-30T11:32:31.404390,TIMS-213362,Works,Minimal,"[A107] MARE STREET (E8 ,E9 ) (Hackney)",[],"[A107] Mare Street (Both directions) between [A1207] Graham Road and [A107] Amhurst Road - Road is closed to facilitate urban realm works. Additionally, temporary signals are in place at the junction of Graham Road."
2025-12-30T11:32:31.404390,TIMS-212391,Works,Minimal,[A4020] UXBRIDGE ROAD (W12 ) (Hammersmith & Fulham),[],[A4020] Uxbridge Road (Both directions) at the junction of [A402] Shepherds Bush Green - Restrictions in place in various locations on Uxbridge Road and Shepherds Bush Green due to C34 cycle lane scheme works.
2025-12-30T11:32:31.404390,TIMS-217012,Works,Minimal,[A206] WOOLWICH ROAD (SE7 ) (Greenwich),[],[A206] Woolwich Road (Both directions) between Anchor & Hope Lane and John Wilson Street. - Lane restrictions to facilitate the construction of a segregated cycle lane. 
2025-12-30T11:32:31.404390,TIMS-219173,Works,Minimal,[A219] WOOD LANE (W12 ) (Hammersmith & Fulham),[],[A219] Wood Lane (Both directions) at the junction of [A40] Westway - Various carriageway and footway restrictions in place to facilitate Cycle Superhighway works.
2025-12-30T11:32:31.404390,TIMS-220784,Works,Minimal,"[A1205] BURDETT ROAD (E1 ,E14 ,E3 ) (Tower Hamlets)",[],"[A1205] Burdett Road (Both directions) at the junction of [B140] St Pauls Way - Temporary traffic signals lane restrictions in use to facilitate Thames Water works. In addition, no access to St Paul's Way."
2025-12-30T11:32:31.404390,TIMS-222055,Works,Minimal,"[A13] NEWHAM WAY (E6 ,IG11 ) (Newham)","['a13', 'a406']",[A13] Newham Way (Eastbound) at the junction of [A406] North Circular Road - There are lane restrictions at this location to facilitate roadworks.
2025-12-30T11:32:31.404390,TIMS-221700,Works,Minimal,[A205] WALDRAM CRESCENT (SE23 ) (Lewisham),['a205'],[A205] Waldram Crescent (Both directions) at the junction of Stanstead Road - Contra-flow in operation to facilitate SGN works.
2025-12-30T11:32:31.404390,TIMS-221978,Works,Minimal,"[A3] BATTERSEA RISE (SW11 ,SW18 ) (Wandsworth)",['a205'],[A3] Battersea Rise (Both directions) at the junction of Bolingbroke Grove - There are 2-way temporary traffic lights at this location for Thames Water works. 
2025-12-30T11:32:31.404390,TIMS-209852,Works,Minimal,"[A3205] NINE ELMS LANE (SW11 ,SW8 ) (Lambeth,Wandsworth)","['a3', 'inner ring']",[A3205] Nine Elms Lane (Both directions) at the junction of Ponton Road - Lane closures in place to facilitate Urban Realm Works.
2025-12-30T11:32:31.404390,TIMS-220695,Works,Minimal,"[A41] FINCHLEY ROAD (NW3 ,NW6 ,NW8 ) (Camden)",['a41'],[A41] Finchley Road (Southbound) at the junction of [B511] College Crescent - Lanes one and two (of three) closed to facilitate emergency Thames Water works.
2025-12-30T11:32:31.404390,TIMS-221816,Works,Minimal,[A302] GROSVENOR GARDENS (SW1W ) (Westminster),['inner ring'],[A302] Grosvenor Gardens (Southbound) at the junction of [A302] Victoria Street - The right turn from Buckingham Palace Road into Grosvenor Gardens has been closed due to emergency repairs by Cadent Gas.
2025-12-30T11:32:31.404390,TIMS-220134,Works,Minimal,"[A206] WOOLWICH CHURCH STREET (SE18 ,SE7 ) (Greenwich)",[],[A206] Woolwich Church Street (Westbound) at the junction of Warspite Road - Lane restriction due to ongoing cycle scheme works.
2025-12-30T11:32:31.404390,TIMS-219993,Works,Minimal,[A200] LOWER ROAD (SE16 ) (Southwark),[],[A200] Lower Road (Both directions) at the junction of Gomm Road - Temporary traffic signals to be implemented to facilitate cable works. 
2025-12-30T11:32:31.404390,TIMS-219885,Works,Minimal,"[A1205] BURDETT ROAD (E1 ,E3 ) (Tower Hamlets)",[],[A1205] Burdett Road (Both directions) at the junction of [A11] Mile End Road - Lane restrictions in place to facilitate Thames Water works.
2025-12-30T11:32:31.404390,TIMS-221797,Planned events,Minimal,HORSE GUARDS AVENUE (SW1A ) (Westminster),[],Horse Guards Avenue (Both directions) between [A3211] Victoria Embankment and Whitehall Court - The road will be closed to facilitate the build for New Year's Eve celebrations. 
2025-12-30T11:32:31.404390,TIMS-218924,Works,Minimal,[A206] WOOLWICH CHURCH STREET (SE18 ) (Greenwich),[],[A206] Woolwich Church Street (Both directions) at the junction of [A206] Woolwich Ferry Roundabout - Various restrictions in place to facilitate cycle lane works.
2025-12-30T11:32:31.404390,TIMS-222027,Works,Minimal,"[B212] STRATHEDEN ROAD (SE3 ) (Greenwich,Lewisham)",[],Thames Water works - [B212] Stratheden Road (Both directions) at the junction of [A2] Shooters Hill Road - The road is closed due to Thames Water works. 
2025-12-30T11:32:31.404390,TIMS-222054,Works,Minimal,[A407] HIGH ROAD (NW10 ) (Brent),[],[A407] High Road (Both directions) at the junction of Bertie Road - Temporary traffic signals in operation to facilitate Cadent Gas works.
2025-12-30T11:32:31.404390,TIMS-215004,Works,Minimal,"DU CANE ROAD (W12 ,W3 ) (Hammersmith & Fulham)",[],Du Cane Road (Both directions) at the junction of Hilary Road - Two-way temporary traffic signals are in operation for bridge works.
2025-12-30T11:32:31.404390,TIMS-221911,Works,Minimal,SELBORNE ROAD (E17 ) (Waltham Forest),[],Selborne Road (Both directions) at the junction of Vernon Road - Temporary traffic signals in operation to facilitate Thames Water works. 
2025-12-30T11:32:31.404390,TIMS-221720,Works,Minimal,"[A112] PRINCE REGENT LANE (E13 ,E16 ) (Newham)",[],[A112] Prince Regent Lane (Northbound) at the junction of Churchill Road - Road closed northbound due to emergency Thames Water works.
2025-12-30T11:46:40.922921,TIMS-206772,Works,Moderate,"[A12] EASTERN AVENUE EAST (RM2 ,RM3 ) (Havering)",['a12'],"Gallows Corner Flyover Refurbishment - [A12] Eastern Avenue East (All directions) at the junction of [A12] Colchester Road - Various restrictions, to facilitate the refurbishment of Gallows Corner Flyover. Full closure of the Flyover and the roundabout including all approaches in place."
2025-12-30T11:46:40.922921,TIMS-213893,Works,Moderate,"[A23] STREATHAM HILL (SW16 ,SW2 ) (Lambeth)",['a23'],"[A23] Streatham Hill (Both directions) between [A205] Christchurch Road and Leigham Court Road - Various restrictions for TfL works. Lane restrictions, in place over the course of the works. On 15/02/2026, 16/02/2026, 17/05/2026, 18/05/2026 there will be a full overnight closure. "
2025-12-30T11:46:40.922921,TIMS-222050,Works,Moderate,[A40] WESTERN AVENUE (W3 ) (Ealing),['a40'],[A40] Western Avenue (Eastbound) at the junction of Braid Avenue - Lane one (of two) closure to facilitate works. 
2025-12-30T11:46:40.922921,TIMS-200007,Works,Moderate,"KING WILLIAM STREET (EC3V,EC4N,EC4R) (City of London)",['bishopsgate cross route'],King William Street (Southbound) at the junction of Lombard Street - Road closed to facilitate urban realm works.
2025-12-30T11:46:40.922921,TIMS-218732,Planned events,Moderate,"[A4202] PARK LANE (W1J ,W1K ,W2 ) (Westminster)",['inner ring'],Winter Wonderland - Hyde Park - [A4202] Park Lane (All directions) at the junction of [A4202] Achilles Way - Winter Wonderland event has opened at 10:00
2025-12-30T11:46:40.922921,TIMS-216408,Works,Moderate,[A400] HAMPSTEAD ROAD (NW1 ) (Camden),['inner ring'],[A400] Hampstead Road (Both directions) at the junction of Robert Street - Temporary traffic signals and lane restrictions are in place for HS2 works.
2025-12-30T11:46:40.922921,TIMS-221134,Network delays,Moderate,"[A101] ROTHERHITHE TUNNEL (E1W ,SE16 ) (Southwark,Tower Hamlets)",['southern river route'],"[A101] Rotherhithe Tunnel (Both directions) between [A200] Jamaica Road and [A13] Commercial Road - The Tunnel may be subject to short, intermittent closures"
2025-12-30T11:46:40.922921,TIMS-204461,Works,Moderate,"[A3203] LAMBETH BRIDGE (SE1 ,SW1P ) (Lambeth,Westminster)",['southern river route'],[A3203] Lambeth Bridge (Eastbound) between [A3036] A 3036 and [A3212] Millbank - Lane restrictions are in place at either side of the bridge for junction improvement works.
2025-12-30T11:46:40.922921,TIMS-222049,Collisions,Moderate,"[A3220] WEST CROSS ROUTE (W10 ,W11 ,W12 ) (Hammersmith & Fulham,Kensington & Chelsea)",['western cross route'],[A3220] West Cross Route (Southbound) at the junction of [A3220] Holland Park Roundabout - Lane closures between A40 Northern Roundabout and Holland Park Roundabout following a collision. Lane one (of four) also restricted on Holland Park Roundabout. 
2025-12-30T11:46:40.922921,TIMS-220472,Hazards,Moderate,"[A4200] SOUTHAMPTON ROW (WC1A ,WC1B ,WC1N ,WC1V ) (Camden)",[],[A4200] Southampton Row (Both directions) between [A40] High Holborn and [A40] Vernon Place - The road is closed due to emergency UKPN works. Vernon Place westbound bus lane is also closed. 
2025-12-30T11:46:40.922921,TIMS-221957,Works,Minimal,[A3] WANDSWORTH HIGH STREET (SW18 ) (Wandsworth),['a205'],[A3] Wandsworth High Street (Both directions) between [A3] West Hill and [A3] East Hill - Road closures in place due to a burst water main. 
2025-12-30T11:46:40.922921,TIMS-222012,Works,Minimal,[A212] CATFORD HILL (SE6 ) (Lewisham),['a205'],[A212] Catford Hill (Both directions) at the junction of Beechfield Road - Two way temporary traffic lights in place to facilitate Thames Water works. 
2025-12-30T11:46:40.922921,TIMS-221961,Network delays,Minimal,[A2204] FERRY APPROACH (SE18 ) (Greenwich),['a205'],[A2204] Ferry Approach (Both directions) at the junction of [A206] Woolwich Ferry Roundabout - The Woolwich Ferry is operating a one boat service
2025-12-30T11:46:40.922921,TIMS-222025,Works,Minimal,[A22] GODSTONE ROAD (CR8 ) (Croydon),['a23'],"[A22] Godstone Road (Both directions) at the junction of Station Road - Two-way temporary signals in operation near Kenley station, due to burst water main repairs. "
2025-12-30T11:46:40.922921,TIMS-221773,Works,Minimal,"[A216] MITCHAM LANE (SW16 ) (Lambeth,Wandsworth)",['a23'],[A216] Mitcham Lane (Both directions) at the junction of Fernwood Avenue - Temporary signals in operation to facilitate repairs to a burst water main.
2025-12-30T11:46:40.922921,TIMS-222023,Works,Minimal,"[A40] WESTERN AVENUE (HA4 ,UB10 ) (Hillingdon)",['a40'],"[A40] Western Avenue (Westbound) at the junction of [A4180] West End Road - Lane one (of three) closure after the onslip from Polish War Memorial, due to urgent water main repairs. "
2025-12-30T11:46:40.922921,TIMS-210389,Works,Minimal,"[A40] WESTWAY (W10 ,W12 ) (Hammersmith & Fulham,Kensington & Chelsea)",['a40'],[A40] Westway (Eastbound) at the junction of [A3220] West Cross Route - The exit slip road to the Northern Roundabout is closed to facilitate repair works. 
2025-12-30T11:46:40.922921,TIMS-222029,Works,Minimal,"[A1203] THE HIGHWAY (E1 ,E1W ) (Tower Hamlets)",['city route'],"[A1203] The Highway (Westbound) at the junction of [A1202] Dock Street - Lane closure due to urgent UKPN cable repairs.
"
2025-12-30T11:46:40.922921,TIMS-221831,Works,Minimal,"PECKHAM RYE (SE15 ,SE22 ) (Southwark)",[],Peckham Rye (All directions) at the junction of [A2214] Nunhead Lane - Temporary traffic signals are in place to facilitate ermergency SGN works.
2025-12-30T11:46:40.922921,TIMS-212391,Works,Minimal,[A4020] UXBRIDGE ROAD (W12 ) (Hammersmith & Fulham),[],[A4020] Uxbridge Road (Both directions) at the junction of [A402] Shepherds Bush Green - Restrictions in place in various locations on Uxbridge Road and Shepherds Bush Green due to C34 cycle lane scheme works.
2025-12-30T11:46:40.922921,TIMS-221963,Works,Minimal,JAIL LANE (TN16 ) (Bromley),[],Jail Lane (Both directions) at the junction of Old Tye Avenue - Road closed to facilitate Thames Water works. 
2025-12-30T11:46:40.922921,TIMS-219173,Works,Minimal,[A219] WOOD LANE (W12 ) (Hammersmith & Fulham),[],[A219] Wood Lane (Both directions) at the junction of [A40] Westway - Various carriageway and footway restrictions in place to facilitate Cycle Superhighway works.
2025-12-30T11:46:40.922921,TIMS-217012,Works,Minimal,[A206] WOOLWICH ROAD (SE7 ) (Greenwich),[],[A206] Woolwich Road (Both directions) between Anchor & Hope Lane and John Wilson Street. - Lane restrictions to facilitate the construction of a segregated cycle lane. 
2025-12-30T11:46:40.922921,TIMS-220784,Works,Minimal,"[A1205] BURDETT ROAD (E1 ,E14 ,E3 ) (Tower Hamlets)",[],"[A1205] Burdett Road (Both directions) at the junction of [B140] St Pauls Way - Temporary traffic signals lane restrictions in use to facilitate Thames Water works. In addition, no access to St Paul's Way."
2025-12-30T11:46:40.922921,TIMS-213362,Works,Minimal,"[A107] MARE STREET (E8 ,E9 ) (Hackney)",[],"[A107] Mare Street (Both directions) between [A1207] Graham Road and [A107] Amhurst Road - Road is closed to facilitate urban realm works. Additionally, temporary signals are in place at the junction of Graham Road."
2025-12-30T11:46:40.922921,TIMS-222058,Works,Moderate,"[A406] NORTH CIRCULAR ROAD (E6 ,IG11 ) (Newham)","['a13', 'a406']","[A406] North Circular Road (Southbound) at the junction with Beckton Roundabout. - Lane one. the slip road to the A13 eastbound, and two closed to allow replacement of a damaged lamp post."
2025-12-30T11:46:40.922921,TIMS-222055,Works,Minimal,"[A13] NEWHAM WAY (E6 ,IG11 ) (Newham)","['a13', 'a406']",[A13] Newham Way (Eastbound) at the junction of [A406] North Circular Road - There are lane restrictions at this location to facilitate roadworks.
2025-12-30T11:46:40.922921,TIMS-221700,Works,Minimal,[A205] WALDRAM CRESCENT (SE23 ) (Lewisham),['a205'],[A205] Waldram Crescent (Both directions) at the junction of Stanstead Road - Contra-flow in operation to facilitate SGN works.
2025-12-30T11:46:40.922921,TIMS-221978,Works,Minimal,"[A3] BATTERSEA RISE (SW11 ,SW18 ) (Wandsworth)",['a205'],[A3] Battersea Rise (Both directions) at the junction of Bolingbroke Grove - There are 2-way temporary traffic lights at this location for Thames Water works. 
2025-12-30T11:46:40.922921,TIMS-209852,Works,Minimal,"[A3205] NINE ELMS LANE (SW11 ,SW8 ) (Lambeth,Wandsworth)","['a3', 'inner ring']",[A3205] Nine Elms Lane (Both directions) at the junction of Ponton Road - Lane closures in place to facilitate Urban Realm Works.
2025-12-30T11:46:40.922921,TIMS-220695,Works,Minimal,"[A41] FINCHLEY ROAD (NW3 ,NW6 ,NW8 ) (Camden)",['a41'],[A41] Finchley Road (Southbound) at the junction of [B511] College Crescent - Lanes one and two (of three) closed to facilitate emergency Thames Water works.
2025-12-30T11:46:40.922921,TIMS-221816,Works,Minimal,[A302] GROSVENOR GARDENS (SW1W ) (Westminster),['inner ring'],[A302] Grosvenor Gardens (Southbound) at the junction of [A302] Victoria Street - The right turn from Buckingham Palace Road into Grosvenor Gardens has been closed due to emergency repairs by Cadent Gas.
2025-12-30T11:46:40.922921,TIMS-221720,Works,Minimal,"[A112] PRINCE REGENT LANE (E13 ,E16 ) (Newham)",[],[A112] Prince Regent Lane (Northbound) at the junction of Churchill Road - Road closed northbound due to emergency Thames Water works.
2025-12-30T11:46:40.922921,TIMS-221911,Works,Minimal,SELBORNE ROAD (E17 ) (Waltham Forest),[],Selborne Road (Both directions) at the junction of Vernon Road - Temporary traffic signals in operation to facilitate Thames Water works. 
2025-12-30T11:46:40.922921,TIMS-220134,Works,Minimal,"[A206] WOOLWICH CHURCH STREET (SE18 ,SE7 ) (Greenwich)",[],[A206] Woolwich Church Street (Westbound) at the junction of Warspite Road - Lane restriction due to ongoing cycle scheme works.
2025-12-30T11:46:40.922921,TIMS-219993,Works,Minimal,[A200] LOWER ROAD (SE16 ) (Southwark),[],[A200] Lower Road (Both directions) at the junction of Gomm Road - Temporary traffic signals to be implemented to facilitate cable works. 
2025-12-30T11:46:40.922921,TIMS-219885,Works,Minimal,"[A1205] BURDETT ROAD (E1 ,E3 ) (Tower Hamlets)",[],[A1205] Burdett Road (Both directions) at the junction of [A11] Mile End Road - Lane restrictions in place to facilitate Thames Water works.
2025-12-30T11:46:40.922921,TIMS-222027,Works,Minimal,"[B212] STRATHEDEN ROAD (SE3 ) (Greenwich,Lewisham)",[],Thames Water works - [B212] Stratheden Road (Both directions) at the junction of [A2] Shooters Hill Road - The road is closed due to Thames Water works. 
2025-12-30T11:46:40.922921,TIMS-218924,Works,Minimal,[A206] WOOLWICH CHURCH STREET (SE18 ) (Greenwich),[],[A206] Woolwich Church Street (Both directions) at the junction of [A206] Woolwich Ferry Roundabout - Various restrictions in place to facilitate cycle lane works.
2025-12-30T11:46:40.922921,TIMS-215004,Works,Minimal,"DU CANE ROAD (W12 ,W3 ) (Hammersmith & Fulham)",[],Du Cane Road (Both directions) at the junction of Hilary Road - Two-way temporary traffic signals are in operation for bridge works.
2025-12-30T11:46:40.922921,TIMS-222054,Works,Minimal,[A407] HIGH ROAD (NW10 ) (Brent),[],[A407] High Road (Both directions) at the junction of Bertie Road - Temporary traffic signals in operation to facilitate Cadent Gas works.
2025-12-30T11:46:40.922921,TIMS-221797,Planned events,Minimal,HORSE GUARDS AVENUE (SW1A ) (Westminster),[],Horse Guards Avenue (Both directions) between [A3211] Victoria Embankment and Whitehall Court - The road will be closed to facilitate the build for New Year's Eve celebrations. 
2025-12-30T11:54:35.349696,TIMS-206772,Works,Moderate,"[A12] EASTERN AVENUE EAST (RM2 ,RM3 ) (Havering)",['a12'],"Gallows Corner Flyover Refurbishment - [A12] Eastern Avenue East (All directions) at the junction of [A12] Colchester Road - Various restrictions, to facilitate the refurbishment of Gallows Corner Flyover. Full closure of the Flyover and the roundabout including all approaches in place."
2025-12-30T11:54:35.349696,TIMS-213893,Works,Moderate,"[A23] STREATHAM HILL (SW16 ,SW2 ) (Lambeth)",['a23'],"[A23] Streatham Hill (Both directions) between [A205] Christchurch Road and Leigham Court Road - Various restrictions for TfL works. Lane restrictions, in place over the course of the works. On 15/02/2026, 16/02/2026, 17/05/2026, 18/05/2026 there will be a full overnight closure. "
2025-12-30T11:54:35.349696,TIMS-222050,Works,Moderate,[A40] WESTERN AVENUE (W3 ) (Ealing),['a40'],[A40] Western Avenue (Eastbound) at the junction of Braid Avenue - Lane one (of two) closure to facilitate works. 
2025-12-30T11:54:35.349696,TIMS-200007,Works,Moderate,"KING WILLIAM STREET (EC3V,EC4N,EC4R) (City of London)",['bishopsgate cross route'],King William Street (Southbound) at the junction of Lombard Street - Road closed to facilitate urban realm works.
2025-12-30T11:54:35.349696,TIMS-218732,Planned events,Moderate,"[A4202] PARK LANE (W1J ,W1K ,W2 ) (Westminster)",['inner ring'],Winter Wonderland - Hyde Park - [A4202] Park Lane (All directions) at the junction of [A4202] Achilles Way - Winter Wonderland event has opened at 10:00
2025-12-30T11:54:35.349696,TIMS-216408,Works,Moderate,[A400] HAMPSTEAD ROAD (NW1 ) (Camden),['inner ring'],[A400] Hampstead Road (Both directions) at the junction of Robert Street - Temporary traffic signals and lane restrictions are in place for HS2 works.
2025-12-30T11:54:35.349696,TIMS-221134,Network delays,Moderate,"[A101] ROTHERHITHE TUNNEL (E1W ,SE16 ) (Southwark,Tower Hamlets)",['southern river route'],"[A101] Rotherhithe Tunnel (Both directions) between [A200] Jamaica Road and [A13] Commercial Road - The Tunnel may be subject to short, intermittent closures"
2025-12-30T11:54:35.349696,TIMS-204461,Works,Moderate,"[A3203] LAMBETH BRIDGE (SE1 ,SW1P ) (Lambeth,Westminster)",['southern river route'],[A3203] Lambeth Bridge (Eastbound) between [A3036] A 3036 and [A3212] Millbank - Lane restrictions are in place at either side of the bridge for junction improvement works.
2025-12-30T11:54:35.349696,TIMS-222049,Collisions,Moderate,"[A3220] WEST CROSS ROUTE (W10 ,W11 ,W12 ) (Hammersmith & Fulham,Kensington & Chelsea)",['western cross route'],[A3220] West Cross Route (Southbound) at the junction of [A3220] Holland Park Roundabout - Lane closures between A40 Northern Roundabout and Holland Park Roundabout following a collision. Lane one (of four) also restricted on Holland Park Roundabout. 
2025-12-30T11:54:35.349696,TIMS-220472,Hazards,Moderate,"[A4200] SOUTHAMPTON ROW (WC1A ,WC1B ,WC1N ,WC1V ) (Camden)",[],[A4200] Southampton Row (Both directions) between [A40] High Holborn and [A40] Vernon Place - The road is closed due to emergency UKPN works. Vernon Place westbound bus lane is also closed. 
2025-12-30T11:54:35.349696,TIMS-221957,Works,Minimal,[A3] WANDSWORTH HIGH STREET (SW18 ) (Wandsworth),['a205'],[A3] Wandsworth High Street (Both directions) between [A3] West Hill and [A3] East Hill - Road closures in place due to a burst water main. 
2025-12-30T11:54:35.349696,TIMS-222012,Works,Minimal,[A212] CATFORD HILL (SE6 ) (Lewisham),['a205'],[A212] Catford Hill (Both directions) at the junction of Beechfield Road - Two way temporary traffic lights in place to facilitate Thames Water works. 
2025-12-30T11:54:35.349696,TIMS-221961,Network delays,Minimal,[A2204] FERRY APPROACH (SE18 ) (Greenwich),['a205'],[A2204] Ferry Approach (Both directions) at the junction of [A206] Woolwich Ferry Roundabout - The Woolwich Ferry is operating a one boat service
2025-12-30T11:54:35.349696,TIMS-222025,Works,Minimal,[A22] GODSTONE ROAD (CR8 ) (Croydon),['a23'],"[A22] Godstone Road (Both directions) at the junction of Station Road - Two-way temporary signals in operation near Kenley station, due to burst water main repairs. "
2025-12-30T11:54:35.349696,TIMS-221773,Works,Minimal,"[A216] MITCHAM LANE (SW16 ) (Lambeth,Wandsworth)",['a23'],[A216] Mitcham Lane (Both directions) at the junction of Fernwood Avenue - Temporary signals in operation to facilitate repairs to a burst water main.
2025-12-30T11:54:35.349696,TIMS-222023,Works,Minimal,"[A40] WESTERN AVENUE (HA4 ,UB10 ) (Hillingdon)",['a40'],"[A40] Western Avenue (Westbound) at the junction of [A4180] West End Road - Lane one (of three) closure after the onslip from Polish War Memorial, due to urgent water main repairs. "
2025-12-30T11:54:35.349696,TIMS-210389,Works,Minimal,"[A40] WESTWAY (W10 ,W12 ) (Hammersmith & Fulham,Kensington & Chelsea)",['a40'],[A40] Westway (Eastbound) at the junction of [A3220] West Cross Route - The exit slip road to the Northern Roundabout is closed to facilitate repair works. 
2025-12-30T11:54:35.349696,TIMS-222029,Works,Minimal,"[A1203] THE HIGHWAY (E1 ,E1W ) (Tower Hamlets)",['city route'],"[A1203] The Highway (Westbound) at the junction of [A1202] Dock Street - Lane closure due to urgent UKPN cable repairs.
"
2025-12-30T11:54:35.349696,TIMS-221831,Works,Minimal,"PECKHAM RYE (SE15 ,SE22 ) (Southwark)",[],Peckham Rye (All directions) at the junction of [A2214] Nunhead Lane - Temporary traffic signals are in place to facilitate ermergency SGN works.
2025-12-30T11:54:35.349696,TIMS-212391,Works,Minimal,[A4020] UXBRIDGE ROAD (W12 ) (Hammersmith & Fulham),[],[A4020] Uxbridge Road (Both directions) at the junction of [A402] Shepherds Bush Green - Restrictions in place in various locations on Uxbridge Road and Shepherds Bush Green due to C34 cycle lane scheme works.
2025-12-30T11:54:35.349696,TIMS-221963,Works,Minimal,JAIL LANE (TN16 ) (Bromley),[],Jail Lane (Both directions) at the junction of Old Tye Avenue - Road closed to facilitate Thames Water works. 
2025-12-30T11:54:35.349696,TIMS-219173,Works,Minimal,[A219] WOOD LANE (W12 ) (Hammersmith & Fulham),[],[A219] Wood Lane (Both directions) at the junction of [A40] Westway - Various carriageway and footway restrictions in place to facilitate Cycle Superhighway works.
2025-12-30T11:54:35.349696,TIMS-217012,Works,Minimal,[A206] WOOLWICH ROAD (SE7 ) (Greenwich),[],[A206] Woolwich Road (Both directions) between Anchor & Hope Lane and John Wilson Street. - Lane restrictions to facilitate the construction of a segregated cycle lane. 
2025-12-30T11:54:35.349696,TIMS-220784,Works,Minimal,"[A1205] BURDETT ROAD (E1 ,E14 ,E3 ) (Tower Hamlets)",[],"[A1205] Burdett Road (Both directions) at the junction of [B140] St Pauls Way - Temporary traffic signals lane restrictions in use to facilitate Thames Water works. In addition, no access to St Paul's Way."
2025-12-30T11:54:35.349696,TIMS-213362,Works,Minimal,"[A107] MARE STREET (E8 ,E9 ) (Hackney)",[],"[A107] Mare Street (Both directions) between [A1207] Graham Road and [A107] Amhurst Road - Road is closed to facilitate urban realm works. Additionally, temporary signals are in place at the junction of Graham Road."
2025-12-30T11:54:35.349696,TIMS-222058,Works,Moderate,"[A406] NORTH CIRCULAR ROAD (E6 ,IG11 ) (Newham)","['a13', 'a406']","[A406] North Circular Road (Southbound) at the junction with Beckton Roundabout. - Lane one. the slip road to the A13 eastbound, and two closed to allow replacement of a damaged lamp post."
2025-12-30T11:54:35.349696,TIMS-222055,Works,Minimal,"[A13] NEWHAM WAY (E6 ,IG11 ) (Newham)","['a13', 'a406']",[A13] Newham Way (Eastbound) at the junction of [A406] North Circular Road - There are lane restrictions at this location to facilitate roadworks.
2025-12-30T11:54:35.349696,TIMS-221700,Works,Minimal,[A205] WALDRAM CRESCENT (SE23 ) (Lewisham),['a205'],[A205] Waldram Crescent (Both directions) at the junction of Stanstead Road - Contra-flow in operation to facilitate SGN works.
2025-12-30T11:54:35.349696,TIMS-221978,Works,Minimal,"[A3] BATTERSEA RISE (SW11 ,SW18 ) (Wandsworth)",['a205'],[A3] Battersea Rise (Both directions) at the junction of Bolingbroke Grove - There are 2-way temporary traffic lights at this location for Thames Water works. 
2025-12-30T11:54:35.349696,TIMS-209852,Works,Minimal,"[A3205] NINE ELMS LANE (SW11 ,SW8 ) (Lambeth,Wandsworth)","['a3', 'inner ring']",[A3205] Nine Elms Lane (Both directions) at the junction of Ponton Road - Lane closures in place to facilitate Urban Realm Works.
2025-12-30T11:54:35.349696,TIMS-220695,Works,Minimal,"[A41] FINCHLEY ROAD (NW3 ,NW6 ,NW8 ) (Camden)",['a41'],[A41] Finchley Road (Southbound) at the junction of [B511] College Crescent - Lanes one and two (of three) closed to facilitate emergency Thames Water works.
2025-12-30T11:54:35.349696,TIMS-221816,Works,Minimal,[A302] GROSVENOR GARDENS (SW1W ) (Westminster),['inner ring'],[A302] Grosvenor Gardens (Southbound) at the junction of [A302] Victoria Street - The right turn from Buckingham Palace Road into Grosvenor Gardens has been closed due to emergency repairs by Cadent Gas.
2025-12-30T11:54:35.349696,TIMS-221720,Works,Minimal,"[A112] PRINCE REGENT LANE (E13 ,E16 ) (Newham)",[],[A112] Prince Regent Lane (Northbound) at the junction of Churchill Road - Road closed northbound due to emergency Thames Water works.
2025-12-30T11:54:35.349696,TIMS-221911,Works,Minimal,SELBORNE ROAD (E17 ) (Waltham Forest),[],Selborne Road (Both directions) at the junction of Vernon Road - Temporary traffic signals in operation to facilitate Thames Water works. 
2025-12-30T11:54:35.349696,TIMS-220134,Works,Minimal,"[A206] WOOLWICH CHURCH STREET (SE18 ,SE7 ) (Greenwich)",[],[A206] Woolwich Church Street (Westbound) at the junction of Warspite Road - Lane restriction due to ongoing cycle scheme works.
2025-12-30T11:54:35.349696,TIMS-219993,Works,Minimal,[A200] LOWER ROAD (SE16 ) (Southwark),[],[A200] Lower Road (Both directions) at the junction of Gomm Road - Temporary traffic signals to be implemented to facilitate cable works. 
2025-12-30T11:54:35.349696,TIMS-219885,Works,Minimal,"[A1205] BURDETT ROAD (E1 ,E3 ) (Tower Hamlets)",[],[A1205] Burdett Road (Both directions) at the junction of [A11] Mile End Road - Lane restrictions in place to facilitate Thames Water works.
2025-12-30T11:54:35.349696,TIMS-222027,Works,Minimal,"[B212] STRATHEDEN ROAD (SE3 ) (Greenwich,Lewisham)",[],Thames Water works - [B212] Stratheden Road (Both directions) at the junction of [A2] Shooters Hill Road - The road is closed due to Thames Water works. 
2025-12-30T11:54:35.349696,TIMS-218924,Works,Minimal,[A206] WOOLWICH CHURCH STREET (SE18 ) (Greenwich),[],[A206] Woolwich Church Street (Both directions) at the junction of [A206] Woolwich Ferry Roundabout - Various restrictions in place to facilitate cycle lane works.
2025-12-30T11:54:35.349696,TIMS-215004,Works,Minimal,"DU CANE ROAD (W12 ,W3 ) (Hammersmith & Fulham)",[],Du Cane Road (Both directions) at the junction of Hilary Road - Two-way temporary traffic signals are in operation for bridge works.
2025-12-30T11:54:35.349696,TIMS-222054,Works,Minimal,[A407] HIGH ROAD (NW10 ) (Brent),[],[A407] High Road (Both directions) at the junction of Bertie Road - Temporary traffic signals in operation to facilitate Cadent Gas works.
2025-12-30T11:54:35.349696,TIMS-221797,Planned events,Minimal,HORSE GUARDS AVENUE (SW1A ) (Westminster),[],Horse Guards Avenue (Both directions) between [A3211] Victoria Embankment and Whitehall Court - The road will be closed to facilitate the build for New Year's Eve celebrations. 
2025-12-30T12:29:21.920759,TIMS-222050,Works,Serious,[A40] WESTERN AVENUE (W3 ) (Ealing),['a40'],[A40] Western Avenue (Eastbound) at the junction of Braid Avenue - Lane one (of two) closure to facilitate works. 
2025-12-30T12:29:21.920759,TIMS-206772,Works,Moderate,"[A12] EASTERN AVENUE EAST (RM2 ,RM3 ) (Havering)",['a12'],"Gallows Corner Flyover Refurbishment - [A12] Eastern Avenue East (All directions) at the junction of [A12] Colchester Road - Various restrictions, to facilitate the refurbishment of Gallows Corner Flyover. Full closure of the Flyover and the roundabout including all approaches in place."
2025-12-30T12:29:21.920759,TIMS-213893,Works,Moderate,"[A23] STREATHAM HILL (SW16 ,SW2 ) (Lambeth)",['a23'],"[A23] Streatham Hill (Both directions) between [A205] Christchurch Road and Leigham Court Road - Various restrictions for TfL works. Lane restrictions, in place over the course of the works. On 15/02/2026, 16/02/2026, 17/05/2026, 18/05/2026 there will be a full overnight closure. "
2025-12-30T12:29:21.920759,TIMS-200007,Works,Moderate,"KING WILLIAM STREET (EC3V,EC4N,EC4R) (City of London)",['bishopsgate cross route'],King William Street (Southbound) at the junction of Lombard Street - Road closed to facilitate urban realm works.
2025-12-30T12:29:21.920759,TIMS-218732,Planned events,Moderate,"[A4202] PARK LANE (W1J ,W1K ,W2 ) (Westminster)",['inner ring'],Winter Wonderland - Hyde Park - [A4202] Park Lane (All directions) at the junction of [A4202] Achilles Way - Winter Wonderland event has opened at 10:00
2025-12-30T12:29:21.920759,TIMS-216408,Works,Moderate,[A400] HAMPSTEAD ROAD (NW1 ) (Camden),['inner ring'],[A400] Hampstead Road (Both directions) at the junction of Robert Street - Temporary traffic signals and lane restrictions are in place for HS2 works.
2025-12-30T12:29:21.920759,TIMS-204461,Works,Moderate,"[A3203] LAMBETH BRIDGE (SE1 ,SW1P ) (Lambeth,Westminster)",['southern river route'],[A3203] Lambeth Bridge (Eastbound) between [A3036] A 3036 and [A3212] Millbank - Lane restrictions are in place at either side of the bridge for junction improvement works.
2025-12-30T12:29:21.920759,TIMS-221134,Network delays,Moderate,"[A101] ROTHERHITHE TUNNEL (E1W ,SE16 ) (Southwark,Tower Hamlets)",['southern river route'],"[A101] Rotherhithe Tunnel (Both directions) between [A200] Jamaica Road and [A13] Commercial Road - The Tunnel may be subject to short, intermittent closures"
2025-12-30T12:29:21.920759,TIMS-222049,Collisions,Moderate,"[A3220] WEST CROSS ROUTE (W10 ,W11 ,W12 ) (Hammersmith & Fulham,Kensington & Chelsea)",['western cross route'],[A3220] West Cross Route (Southbound) at the junction of [A3220] Holland Park Roundabout - Lane closures between A40 Northern Roundabout and Holland Park Roundabout following a collision. Lane one (of four) also restricted on Holland Park Roundabout. 
2025-12-30T12:29:21.920759,TIMS-220472,Hazards,Moderate,"[A4200] SOUTHAMPTON ROW (WC1A ,WC1B ,WC1N ,WC1V ) (Camden)",[],[A4200] Southampton Row (Both directions) between [A40] High Holborn and [A40] Vernon Place - The road is closed due to emergency UKPN works. Vernon Place westbound bus lane is also closed. 
2025-12-30T12:29:21.920759,TIMS-222012,Works,Minimal,[A212] CATFORD HILL (SE6 ) (Lewisham),['a205'],[A212] Catford Hill (Both directions) at the junction of Beechfield Road - Two way temporary traffic lights in place to facilitate Thames Water works. 
2025-12-30T12:29:21.920759,TIMS-221961,Network delays,Minimal,[A2204] FERRY APPROACH (SE18 ) (Greenwich),['a205'],[A2204] Ferry Approach (Both directions) at the junction of [A206] Woolwich Ferry Roundabout - The Woolwich Ferry is operating a one boat service
2025-12-30T12:29:21.920759,TIMS-221957,Works,Minimal,[A3] WANDSWORTH HIGH STREET (SW18 ) (Wandsworth),['a205'],[A3] Wandsworth High Street (Both directions) between [A3] West Hill and [A3] East Hill - Road closures in place due to a burst water main. 
2025-12-30T12:29:21.920759,TIMS-222025,Works,Minimal,[A22] GODSTONE ROAD (CR8 ) (Croydon),['a23'],"[A22] Godstone Road (Both directions) at the junction of Station Road - Two-way temporary signals in operation near Kenley station, due to burst water main repairs. "
2025-12-30T12:29:21.920759,TIMS-221773,Works,Minimal,"[A216] MITCHAM LANE (SW16 ) (Lambeth,Wandsworth)",['a23'],[A216] Mitcham Lane (Both directions) at the junction of Fernwood Avenue - Temporary signals in operation to facilitate repairs to a burst water main.
2025-12-30T12:29:21.920759,TIMS-210389,Works,Minimal,"[A40] WESTWAY (W10 ,W12 ) (Hammersmith & Fulham,Kensington & Chelsea)",['a40'],[A40] Westway (Eastbound) at the junction of [A3220] West Cross Route - The exit slip road to the Northern Roundabout is closed to facilitate repair works. 
2025-12-30T12:29:21.920759,TIMS-222023,Works,Minimal,"[A40] WESTERN AVENUE (HA4 ,UB10 ) (Hillingdon)",['a40'],"[A40] Western Avenue (Westbound) at the junction of [A4180] West End Road - Lane one (of three) closure after the onslip from Polish War Memorial, due to urgent water main repairs. "
2025-12-30T12:29:21.920759,TIMS-222029,Works,Minimal,"[A1203] THE HIGHWAY (E1 ,E1W ) (Tower Hamlets)",['city route'],"[A1203] The Highway (Westbound) at the junction of [A1202] Dock Street - Lane closure due to urgent UKPN cable repairs.
"
2025-12-30T12:29:21.920759,TIMS-221963,Works,Minimal,JAIL LANE (TN16 ) (Bromley),[],Jail Lane (Both directions) at the junction of Old Tye Avenue - Road closed to facilitate Thames Water works. 
2025-12-30T12:29:21.920759,TIMS-221831,Works,Minimal,"PECKHAM RYE (SE15 ,SE22 ) (Southwark)",[],Peckham Rye (All directions) at the junction of [A2214] Nunhead Lane - Temporary traffic signals are in place to facilitate ermergency SGN works.
2025-12-30T12:29:21.920759,TIMS-220784,Works,Minimal,"[A1205] BURDETT ROAD (E1 ,E14 ,E3 ) (Tower Hamlets)",[],"[A1205] Burdett Road (Both directions) at the junction of [B140] St Pauls Way - Temporary traffic signals lane restrictions in use to facilitate Thames Water works. In addition, no access to St Paul's Way."
2025-12-30T12:29:21.920759,TIMS-220707,Planned events,Minimal,MILLENNIUM WAY (SE10 ) (Greenwich),[],Disney on Ice - The O2 - Millennium Way (All approaches) at the junction of Ordnance Crescent - Disney on Ice.
2025-12-30T12:29:21.920759,TIMS-212391,Works,Minimal,[A4020] UXBRIDGE ROAD (W12 ) (Hammersmith & Fulham),[],[A4020] Uxbridge Road (Both directions) at the junction of [A402] Shepherds Bush Green - Restrictions in place in various locations on Uxbridge Road and Shepherds Bush Green due to C34 cycle lane scheme works.
2025-12-30T12:29:21.920759,TIMS-213362,Works,Minimal,"[A107] MARE STREET (E8 ,E9 ) (Hackney)",[],"[A107] Mare Street (Both directions) between [A1207] Graham Road and [A107] Amhurst Road - Road is closed to facilitate urban realm works. Additionally, temporary signals are in place at the junction of Graham Road."
2025-12-30T12:29:21.920759,TIMS-217012,Works,Minimal,[A206] WOOLWICH ROAD (SE7 ) (Greenwich),[],[A206] Woolwich Road (Both directions) between Anchor & Hope Lane and John Wilson Street. - Lane restrictions to facilitate the construction of a segregated cycle lane. 
2025-12-30T12:29:21.920759,TIMS-219173,Works,Minimal,[A219] WOOD LANE (W12 ) (Hammersmith & Fulham),[],[A219] Wood Lane (Both directions) at the junction of [A40] Westway - Various carriageway and footway restrictions in place to facilitate Cycle Superhighway works.
2025-12-30T12:29:21.920759,TIMS-221978,Works,Minimal,"[A3] BATTERSEA RISE (SW11 ,SW18 ) (Wandsworth)",['a205'],[A3] Battersea Rise (Both directions) at the junction of Bolingbroke Grove - There are 2-way temporary traffic lights at this location for Thames Water works. 
2025-12-30T12:29:21.920759,TIMS-221700,Works,Minimal,[A205] WALDRAM CRESCENT (SE23 ) (Lewisham),['a205'],[A205] Waldram Crescent (Both directions) at the junction of Stanstead Road - Contra-flow in operation to facilitate SGN works.
2025-12-30T12:29:21.920759,TIMS-209852,Works,Minimal,"[A3205] NINE ELMS LANE (SW11 ,SW8 ) (Lambeth,Wandsworth)","['a3', 'inner ring']",[A3205] Nine Elms Lane (Both directions) at the junction of Ponton Road - Lane closures in place to facilitate Urban Realm Works.
2025-12-30T12:29:21.920759,TIMS-220695,Works,Minimal,"[A41] FINCHLEY ROAD (NW3 ,NW6 ,NW8 ) (Camden)",['a41'],[A41] Finchley Road (Southbound) at the junction of [B511] College Crescent - Lanes one and two (of three) closed to facilitate emergency Thames Water works.
2025-12-30T12:29:21.920759,TIMS-221816,Works,Minimal,[A302] GROSVENOR GARDENS (SW1W ) (Westminster),['inner ring'],[A302] Grosvenor Gardens (Southbound) at the junction of [A302] Victoria Street - The right turn from Buckingham Palace Road into Grosvenor Gardens has been closed due to emergency repairs by Cadent Gas.
2025-12-30T12:29:21.920759,TIMS-220134,Works,Minimal,"[A206] WOOLWICH CHURCH STREET (SE18 ,SE7 ) (Greenwich)",[],[A206] Woolwich Church Street (Westbound) at the junction of Warspite Road - Lane restriction due to ongoing cycle scheme works.
2025-12-30T12:29:21.920759,TIMS-221911,Works,Minimal,SELBORNE ROAD (E17 ) (Waltham Forest),[],Selborne Road (Both directions) at the junction of Vernon Road - Temporary traffic signals in operation to facilitate Thames Water works. 
2025-12-30T12:29:21.920759,TIMS-219993,Works,Minimal,[A200] LOWER ROAD (SE16 ) (Southwark),[],[A200] Lower Road (Both directions) at the junction of Gomm Road - Temporary traffic signals to be implemented to facilitate cable works. 
2025-12-30T12:29:21.920759,TIMS-219885,Works,Minimal,"[A1205] BURDETT ROAD (E1 ,E3 ) (Tower Hamlets)",[],[A1205] Burdett Road (Both directions) at the junction of [A11] Mile End Road - Lane restrictions in place to facilitate Thames Water works.
2025-12-30T12:29:21.920759,TIMS-222053,Planned events,Minimal,"[A4] TRAFALGAR SQUARE (SW1Y ,WC2N ) (Westminster)",[],[A4] Trafalgar Square (All approaches) at the junction of [A4] Charing Cross - An event is expected to take place from 12:00 at Trafalgar Square.
2025-12-30T12:29:21.920759,TIMS-218924,Works,Minimal,[A206] WOOLWICH CHURCH STREET (SE18 ) (Greenwich),[],[A206] Woolwich Church Street (Both directions) at the junction of [A206] Woolwich Ferry Roundabout - Various restrictions in place to facilitate cycle lane works.
2025-12-30T12:29:21.920759,TIMS-215004,Works,Minimal,"DU CANE ROAD (W12 ,W3 ) (Hammersmith & Fulham)",[],Du Cane Road (Both directions) at the junction of Hilary Road - Two-way temporary traffic signals are in operation for bridge works.
2025-12-30T12:29:21.920759,TIMS-222027,Works,Minimal,"[B212] STRATHEDEN ROAD (SE3 ) (Greenwich,Lewisham)",[],Thames Water works - [B212] Stratheden Road (Both directions) at the junction of [A2] Shooters Hill Road - The road is closed due to Thames Water works. 
2025-12-30T12:29:21.920759,TIMS-221720,Works,Minimal,"[A112] PRINCE REGENT LANE (E13 ,E16 ) (Newham)",[],[A112] Prince Regent Lane (Northbound) at the junction of Churchill Road - Road closed northbound due to emergency Thames Water works.
2025-12-30T12:29:21.920759,TIMS-221797,Planned events,Minimal,HORSE GUARDS AVENUE (SW1A ) (Westminster),[],Horse Guards Avenue (Both directions) between [A3211] Victoria Embankment and Whitehall Court - The road will be closed to facilitate the build for New Year's Eve celebrations. 
2025-12-30T12:29:21.920759,TIMS-222054,Works,Minimal,[A407] HIGH ROAD (NW10 ) (Brent),[],[A407] High Road (Both directions) at the junction of Bertie Road - Temporary traffic signals in operation to facilitate Cadent Gas works.
2025-12-30T13:12:19.093704,TIMS-222050,Works,Serious,[A40] WESTERN AVENUE (W3 ) (Ealing),['a40'],[A40] Western Avenue (Eastbound) at the junction of Braid Avenue - Lane one (of two) closure to facilitate works. 
2025-12-30T13:12:19.093704,TIMS-206772,Works,Moderate,"[A12] EASTERN AVENUE EAST (RM2 ,RM3 ) (Havering)",['a12'],"Gallows Corner Flyover Refurbishment - [A12] Eastern Avenue East (All directions) at the junction of [A12] Colchester Road - Various restrictions, to facilitate the refurbishment of Gallows Corner Flyover. Full closure of the Flyover and the roundabout including all approaches in place."
2025-12-30T13:12:19.093704,TIMS-213893,Works,Moderate,"[A23] STREATHAM HILL (SW16 ,SW2 ) (Lambeth)",['a23'],"[A23] Streatham Hill (Both directions) between [A205] Christchurch Road and Leigham Court Road - Various restrictions for TfL works. Lane restrictions, in place over the course of the works. On 15/02/2026, 16/02/2026, 17/05/2026, 18/05/2026 there will be a full overnight closure. "
2025-12-30T13:12:19.093704,TIMS-200007,Works,Moderate,"KING WILLIAM STREET (EC3V,EC4N,EC4R) (City of London)",['bishopsgate cross route'],King William Street (Southbound) at the junction of Lombard Street - Road closed to facilitate urban realm works.
2025-12-30T13:12:19.093704,TIMS-218732,Planned events,Moderate,"[A4202] PARK LANE (W1J ,W1K ,W2 ) (Westminster)",['inner ring'],Winter Wonderland - Hyde Park - [A4202] Park Lane (All directions) at the junction of [A4202] Achilles Way - Winter Wonderland event has opened at 10:00
2025-12-30T13:12:19.093704,TIMS-216408,Works,Moderate,[A400] HAMPSTEAD ROAD (NW1 ) (Camden),['inner ring'],[A400] Hampstead Road (Both directions) at the junction of Robert Street - Temporary traffic signals and lane restrictions are in place for HS2 works.
2025-12-30T13:12:19.093704,TIMS-204461,Works,Moderate,"[A3203] LAMBETH BRIDGE (SE1 ,SW1P ) (Lambeth,Westminster)",['southern river route'],[A3203] Lambeth Bridge (Eastbound) between [A3036] A 3036 and [A3212] Millbank - Lane restrictions are in place at either side of the bridge for junction improvement works.
2025-12-30T13:12:19.093704,TIMS-221134,Network delays,Moderate,"[A101] ROTHERHITHE TUNNEL (E1W ,SE16 ) (Southwark,Tower Hamlets)",['southern river route'],"[A101] Rotherhithe Tunnel (Both directions) between [A200] Jamaica Road and [A13] Commercial Road - The Tunnel may be subject to short, intermittent closures"
2025-12-30T13:12:19.093704,TIMS-220472,Hazards,Moderate,"[A4200] SOUTHAMPTON ROW (WC1A ,WC1B ,WC1N ,WC1V ) (Camden)",[],[A4200] Southampton Row (Both directions) between [A40] High Holborn and [A40] Vernon Place - The road is closed due to emergency UKPN works. Vernon Place westbound bus lane is also closed. 
2025-12-30T13:12:19.093704,TIMS-222012,Works,Minimal,[A212] CATFORD HILL (SE6 ) (Lewisham),['a205'],[A212] Catford Hill (Both directions) at the junction of Beechfield Road - Two way temporary traffic lights in place to facilitate Thames Water works. 
2025-12-30T13:12:19.093704,TIMS-221961,Network delays,Minimal,[A2204] FERRY APPROACH (SE18 ) (Greenwich),['a205'],[A2204] Ferry Approach (Both directions) at the junction of [A206] Woolwich Ferry Roundabout - The Woolwich Ferry is operating a one boat service
2025-12-30T13:12:19.093704,TIMS-221957,Works,Minimal,[A3] WANDSWORTH HIGH STREET (SW18 ) (Wandsworth),['a205'],[A3] Wandsworth High Street (Both directions) between [A3] West Hill and [A3] East Hill - Road closures in place due to a burst water main. 
2025-12-30T13:12:19.093704,TIMS-222025,Works,Minimal,[A22] GODSTONE ROAD (CR8 ) (Croydon),['a23'],"[A22] Godstone Road (Both directions) at the junction of Station Road - Two-way temporary signals in operation near Kenley station, due to burst water main repairs. "
2025-12-30T13:12:19.093704,TIMS-221773,Works,Minimal,"[A216] MITCHAM LANE (SW16 ) (Lambeth,Wandsworth)",['a23'],[A216] Mitcham Lane (Both directions) at the junction of Fernwood Avenue - Temporary signals in operation to facilitate repairs to a burst water main.
2025-12-30T13:12:19.093704,TIMS-210389,Works,Minimal,"[A40] WESTWAY (W10 ,W12 ) (Hammersmith & Fulham,Kensington & Chelsea)",['a40'],[A40] Westway (Eastbound) at the junction of [A3220] West Cross Route - The exit slip road to the Northern Roundabout is closed to facilitate repair works. 
2025-12-30T13:12:19.093704,TIMS-222023,Works,Minimal,"[A40] WESTERN AVENUE (HA4 ,UB10 ) (Hillingdon)",['a40'],"[A40] Western Avenue (Westbound) at the junction of [A4180] West End Road - Lane one (of three) closure after the onslip from Polish War Memorial, due to urgent water main repairs. "
2025-12-30T13:12:19.093704,TIMS-222029,Works,Minimal,"[A1203] THE HIGHWAY (E1 ,E1W ) (Tower Hamlets)",['city route'],"[A1203] The Highway (Westbound) at the junction of [A1202] Dock Street - Lane closure due to urgent UKPN cable repairs.
"
2025-12-30T13:12:19.093704,TIMS-221963,Works,Minimal,JAIL LANE (TN16 ) (Bromley),[],Jail Lane (Both directions) at the junction of Old Tye Avenue - Road closed to facilitate Thames Water works. 
2025-12-30T13:12:19.093704,TIMS-221831,Works,Minimal,"PECKHAM RYE (SE15 ,SE22 ) (Southwark)",[],Peckham Rye (All directions) at the junction of [A2214] Nunhead Lane - Temporary traffic signals are in place to facilitate ermergency SGN works.
2025-12-30T13:12:19.093704,TIMS-220784,Works,Minimal,"[A1205] BURDETT ROAD (E1 ,E14 ,E3 ) (Tower Hamlets)",[],"[A1205] Burdett Road (Both directions) at the junction of [B140] St Pauls Way - Temporary traffic signals lane restrictions in use to facilitate Thames Water works. In addition, no access to St Paul's Way."
2025-12-30T13:12:19.093704,TIMS-219173,Works,Minimal,[A219] WOOD LANE (W12 ) (Hammersmith & Fulham),[],[A219] Wood Lane (Both directions) at the junction of [A40] Westway - Various carriageway and footway restrictions in place to facilitate Cycle Superhighway works.
2025-12-30T13:12:19.093704,TIMS-212391,Works,Minimal,[A4020] UXBRIDGE ROAD (W12 ) (Hammersmith & Fulham),[],[A4020] Uxbridge Road (Both directions) at the junction of [A402] Shepherds Bush Green - Restrictions in place in various locations on Uxbridge Road and Shepherds Bush Green due to C34 cycle lane scheme works.
2025-12-30T13:12:19.093704,TIMS-213362,Works,Minimal,"[A107] MARE STREET (E8 ,E9 ) (Hackney)",[],"[A107] Mare Street (Both directions) between [A1207] Graham Road and [A107] Amhurst Road - Road is closed to facilitate urban realm works. Additionally, temporary signals are in place at the junction of Graham Road."
2025-12-30T13:12:19.093704,TIMS-217012,Works,Minimal,[A206] WOOLWICH ROAD (SE7 ) (Greenwich),[],[A206] Woolwich Road (Both directions) between Anchor & Hope Lane and John Wilson Street. - Lane restrictions to facilitate the construction of a segregated cycle lane. 
2025-12-30T13:12:19.093704,TIMS-220707,Planned events,Minimal,MILLENNIUM WAY (SE10 ) (Greenwich),[],Disney on Ice - The O2 - Millennium Way (All approaches) at the junction of Ordnance Crescent - Disney on Ice.
2025-12-30T13:12:19.093704,TIMS-221700,Works,Minimal,[A205] WALDRAM CRESCENT (SE23 ) (Lewisham),['a205'],[A205] Waldram Crescent (Both directions) at the junction of Stanstead Road - Contra-flow in operation to facilitate SGN works.
2025-12-30T13:12:19.093704,TIMS-221978,Works,Minimal,"[A3] BATTERSEA RISE (SW11 ,SW18 ) (Wandsworth)",['a205'],[A3] Battersea Rise (Both directions) at the junction of Bolingbroke Grove - There are 2-way temporary traffic lights at this location for Thames Water works. 
2025-12-30T13:12:19.093704,TIMS-209852,Works,Minimal,"[A3205] NINE ELMS LANE (SW11 ,SW8 ) (Lambeth,Wandsworth)","['a3', 'inner ring']",[A3205] Nine Elms Lane (Both directions) at the junction of Ponton Road - Lane closures in place to facilitate Urban Realm Works.
2025-12-30T13:12:19.093704,TIMS-220695,Works,Minimal,"[A41] FINCHLEY ROAD (NW3 ,NW6 ,NW8 ) (Camden)",['a41'],[A41] Finchley Road (Southbound) at the junction of [B511] College Crescent - Lanes one and two (of three) closed to facilitate emergency Thames Water works.
2025-12-30T13:12:19.093704,TIMS-221816,Works,Minimal,[A302] GROSVENOR GARDENS (SW1W ) (Westminster),['inner ring'],[A302] Grosvenor Gardens (Southbound) at the junction of [A302] Victoria Street - The right turn from Buckingham Palace Road into Grosvenor Gardens has been closed due to emergency repairs by Cadent Gas.
2025-12-30T13:12:19.093704,TIMS-222027,Works,Minimal,"[B212] STRATHEDEN ROAD (SE3 ) (Greenwich,Lewisham)",[],Thames Water works - [B212] Stratheden Road (Both directions) at the junction of [A2] Shooters Hill Road - The road is closed due to Thames Water works. 
2025-12-30T13:12:19.093704,TIMS-215004,Works,Minimal,"DU CANE ROAD (W12 ,W3 ) (Hammersmith & Fulham)",[],Du Cane Road (Both directions) at the junction of Hilary Road - Two-way temporary traffic signals are in operation for bridge works.
2025-12-30T13:12:19.093704,TIMS-222053,Planned events,Minimal,"[A4] TRAFALGAR SQUARE (SW1Y ,WC2N ) (Westminster)",[],[A4] Trafalgar Square (All approaches) at the junction of [A4] Charing Cross - An event is expected to take place from 12:00 at Trafalgar Square.
2025-12-30T13:12:19.093704,TIMS-219885,Works,Minimal,"[A1205] BURDETT ROAD (E1 ,E3 ) (Tower Hamlets)",[],[A1205] Burdett Road (Both directions) at the junction of [A11] Mile End Road - Lane restrictions in place to facilitate Thames Water works.
2025-12-30T13:12:19.093704,TIMS-221911,Works,Minimal,SELBORNE ROAD (E17 ) (Waltham Forest),[],Selborne Road (Both directions) at the junction of Vernon Road - Temporary traffic signals in operation to facilitate Thames Water works. 
2025-12-30T13:12:19.093704,TIMS-219993,Works,Minimal,[A200] LOWER ROAD (SE16 ) (Southwark),[],[A200] Lower Road (Both directions) at the junction of Gomm Road - Temporary traffic signals to be implemented to facilitate cable works. 
2025-12-30T13:12:19.093704,TIMS-221797,Planned events,Minimal,HORSE GUARDS AVENUE (SW1A ) (Westminster),[],Horse Guards Avenue (Both directions) between [A3211] Victoria Embankment and Whitehall Court - The road will be closed to facilitate the build for New Year's Eve celebrations. 
2025-12-30T13:12:19.093704,TIMS-220134,Works,Minimal,"[A206] WOOLWICH CHURCH STREET (SE18 ,SE7 ) (Greenwich)",[],[A206] Woolwich Church Street (Westbound) at the junction of Warspite Road - Lane restriction due to ongoing cycle scheme works.
2025-12-30T13:12:19.093704,TIMS-221720,Works,Minimal,"[A112] PRINCE REGENT LANE (E13 ,E16 ) (Newham)",[],[A112] Prince Regent Lane (Northbound) at the junction of Churchill Road - Road closed northbound due to emergency Thames Water works.
2025-12-30T13:12:19.093704,TIMS-218924,Works,Minimal,[A206] WOOLWICH CHURCH STREET (SE18 ) (Greenwich),[],[A206] Woolwich Church Street (Both directions) at the junction of [A206] Woolwich Ferry Roundabout - Various restrictions in place to facilitate cycle lane works.
2025-12-30T13:12:19.093704,TIMS-222054,Works,Minimal,[A407] HIGH ROAD (NW10 ) (Brent),[],[A407] High Road (Both directions) at the junction of Bertie Road - Temporary traffic signals in operation to facilitate Cadent Gas works.
2025-12-30T13:49:04.124926,TIMS-222050,Works,Serious,[A40] WESTERN AVENUE (W3 ) (Ealing),['a40'],[A40] Western Avenue (Eastbound) at the junction of Braid Avenue - Lane one (of two) closure to facilitate works. 
2025-12-30T13:49:04.124926,TIMS-206772,Works,Moderate,"[A12] EASTERN AVENUE EAST (RM2 ,RM3 ) (Havering)",['a12'],"Gallows Corner Flyover Refurbishment - [A12] Eastern Avenue East (All directions) at the junction of [A12] Colchester Road - Various restrictions, to facilitate the refurbishment of Gallows Corner Flyover. Full closure of the Flyover and the roundabout including all approaches in place."
2025-12-30T13:49:04.124926,TIMS-213893,Works,Moderate,"[A23] STREATHAM HILL (SW16 ,SW2 ) (Lambeth)",['a23'],"[A23] Streatham Hill (Both directions) between [A205] Christchurch Road and Leigham Court Road - Various restrictions for TfL works. Lane restrictions, in place over the course of the works. On 15/02/2026, 16/02/2026, 17/05/2026, 18/05/2026 there will be a full overnight closure. "
2025-12-30T13:49:04.124926,TIMS-200007,Works,Moderate,"KING WILLIAM STREET (EC3V,EC4N,EC4R) (City of London)",['bishopsgate cross route'],King William Street (Southbound) at the junction of Lombard Street - Road closed to facilitate urban realm works.
2025-12-30T13:49:04.124926,TIMS-218732,Planned events,Moderate,"[A4202] PARK LANE (W1J ,W1K ,W2 ) (Westminster)",['inner ring'],Winter Wonderland - Hyde Park - [A4202] Park Lane (All directions) at the junction of [A4202] Achilles Way - Winter Wonderland event has opened at 10:00
2025-12-30T13:49:04.124926,TIMS-216408,Works,Moderate,[A400] HAMPSTEAD ROAD (NW1 ) (Camden),['inner ring'],[A400] Hampstead Road (Both directions) at the junction of Robert Street - Temporary traffic signals and lane restrictions are in place for HS2 works.
2025-12-30T13:49:04.124926,TIMS-204461,Works,Moderate,"[A3203] LAMBETH BRIDGE (SE1 ,SW1P ) (Lambeth,Westminster)",['southern river route'],[A3203] Lambeth Bridge (Eastbound) between [A3036] A 3036 and [A3212] Millbank - Lane restrictions are in place at either side of the bridge for junction improvement works.
2025-12-30T13:49:04.124926,TIMS-221134,Network delays,Moderate,"[A101] ROTHERHITHE TUNNEL (E1W ,SE16 ) (Southwark,Tower Hamlets)",['southern river route'],"[A101] Rotherhithe Tunnel (Both directions) between [A200] Jamaica Road and [A13] Commercial Road - The Tunnel may be subject to short, intermittent closures"
2025-12-30T13:49:04.124926,TIMS-220472,Hazards,Moderate,"[A4200] SOUTHAMPTON ROW (WC1A ,WC1B ,WC1N ,WC1V ) (Camden)",[],[A4200] Southampton Row (Both directions) between [A40] High Holborn and [A40] Vernon Place - The road is closed due to emergency UKPN works. Vernon Place westbound bus lane is also closed. 
2025-12-30T13:49:04.124926,TIMS-222012,Works,Minimal,[A212] CATFORD HILL (SE6 ) (Lewisham),['a205'],[A212] Catford Hill (Both directions) at the junction of Beechfield Road - Two way temporary traffic lights in place to facilitate Thames Water works. 
2025-12-30T13:49:04.124926,TIMS-221961,Network delays,Minimal,[A2204] FERRY APPROACH (SE18 ) (Greenwich),['a205'],[A2204] Ferry Approach (Both directions) at the junction of [A206] Woolwich Ferry Roundabout - The Woolwich Ferry is operating a one boat service
2025-12-30T13:49:04.124926,TIMS-221957,Works,Minimal,[A3] WANDSWORTH HIGH STREET (SW18 ) (Wandsworth),['a205'],[A3] Wandsworth High Street (Both directions) between [A3] West Hill and [A3] East Hill - Road closures in place due to a burst water main. 
2025-12-30T13:49:04.124926,TIMS-222025,Works,Minimal,[A22] GODSTONE ROAD (CR8 ) (Croydon),['a23'],"[A22] Godstone Road (Both directions) at the junction of Station Road - Two-way temporary signals in operation near Kenley station, due to burst water main repairs. "
2025-12-30T13:49:04.124926,TIMS-221773,Works,Minimal,"[A216] MITCHAM LANE (SW16 ) (Lambeth,Wandsworth)",['a23'],[A216] Mitcham Lane (Both directions) at the junction of Fernwood Avenue - Temporary signals in operation to facilitate repairs to a burst water main.
2025-12-30T13:49:04.124926,TIMS-210389,Works,Minimal,"[A40] WESTWAY (W10 ,W12 ) (Hammersmith & Fulham,Kensington & Chelsea)",['a40'],[A40] Westway (Eastbound) at the junction of [A3220] West Cross Route - The exit slip road to the Northern Roundabout is closed to facilitate repair works. 
2025-12-30T13:49:04.124926,TIMS-222023,Works,Minimal,"[A40] WESTERN AVENUE (HA4 ,UB10 ) (Hillingdon)",['a40'],"[A40] Western Avenue (Westbound) at the junction of [A4180] West End Road - Lane one (of three) closure after the onslip from Polish War Memorial, due to urgent water main repairs. "
2025-12-30T13:49:04.124926,TIMS-222029,Works,Minimal,"[A1203] THE HIGHWAY (E1 ,E1W ) (Tower Hamlets)",['city route'],"[A1203] The Highway (Westbound) at the junction of [A1202] Dock Street - Lane closure due to urgent UKPN cable repairs.
"
2025-12-30T13:49:04.124926,TIMS-221963,Works,Minimal,JAIL LANE (TN16 ) (Bromley),[],Jail Lane (Both directions) at the junction of Old Tye Avenue - Road closed to facilitate Thames Water works. 
2025-12-30T13:49:04.124926,TIMS-221831,Works,Minimal,"PECKHAM RYE (SE15 ,SE22 ) (Southwark)",[],Peckham Rye (All directions) at the junction of [A2214] Nunhead Lane - Temporary traffic signals are in place to facilitate ermergency SGN works.
2025-12-30T13:49:04.124926,TIMS-220784,Works,Minimal,"[A1205] BURDETT ROAD (E1 ,E14 ,E3 ) (Tower Hamlets)",[],"[A1205] Burdett Road (Both directions) at the junction of [B140] St Pauls Way - Temporary traffic signals lane restrictions in use to facilitate Thames Water works. In addition, no access to St Paul's Way."
2025-12-30T13:49:04.124926,TIMS-219173,Works,Minimal,[A219] WOOD LANE (W12 ) (Hammersmith & Fulham),[],[A219] Wood Lane (Both directions) at the junction of [A40] Westway - Various carriageway and footway restrictions in place to facilitate Cycle Superhighway works.
2025-12-30T13:49:04.124926,TIMS-212391,Works,Minimal,[A4020] UXBRIDGE ROAD (W12 ) (Hammersmith & Fulham),[],[A4020] Uxbridge Road (Both directions) at the junction of [A402] Shepherds Bush Green - Restrictions in place in various locations on Uxbridge Road and Shepherds Bush Green due to C34 cycle lane scheme works.
2025-12-30T13:49:04.124926,TIMS-213362,Works,Minimal,"[A107] MARE STREET (E8 ,E9 ) (Hackney)",[],"[A107] Mare Street (Both directions) between [A1207] Graham Road and [A107] Amhurst Road - Road is closed to facilitate urban realm works. Additionally, temporary signals are in place at the junction of Graham Road."
2025-12-30T13:49:04.124926,TIMS-217012,Works,Minimal,[A206] WOOLWICH ROAD (SE7 ) (Greenwich),[],[A206] Woolwich Road (Both directions) between Anchor & Hope Lane and John Wilson Street. - Lane restrictions to facilitate the construction of a segregated cycle lane. 
2025-12-30T13:49:04.124926,TIMS-220707,Planned events,Minimal,MILLENNIUM WAY (SE10 ) (Greenwich),[],Disney on Ice - The O2 - Millennium Way (All approaches) at the junction of Ordnance Crescent - Disney on Ice.
2025-12-30T13:49:04.124926,TIMS-221700,Works,Minimal,[A205] WALDRAM CRESCENT (SE23 ) (Lewisham),['a205'],[A205] Waldram Crescent (Both directions) at the junction of Stanstead Road - Contra-flow in operation to facilitate SGN works.
2025-12-30T13:49:04.124926,TIMS-221978,Works,Minimal,"[A3] BATTERSEA RISE (SW11 ,SW18 ) (Wandsworth)",['a205'],[A3] Battersea Rise (Both directions) at the junction of Bolingbroke Grove - There are 2-way temporary traffic lights at this location for Thames Water works. 
2025-12-30T13:49:04.124926,TIMS-209852,Works,Minimal,"[A3205] NINE ELMS LANE (SW11 ,SW8 ) (Lambeth,Wandsworth)","['a3', 'inner ring']",[A3205] Nine Elms Lane (Both directions) at the junction of Ponton Road - Lane closures in place to facilitate Urban Realm Works.
2025-12-30T13:49:04.124926,TIMS-220695,Works,Minimal,"[A41] FINCHLEY ROAD (NW3 ,NW6 ,NW8 ) (Camden)",['a41'],[A41] Finchley Road (Southbound) at the junction of [B511] College Crescent - Lanes one and two (of three) closed to facilitate emergency Thames Water works.
2025-12-30T13:49:04.124926,TIMS-221816,Works,Minimal,[A302] GROSVENOR GARDENS (SW1W ) (Westminster),['inner ring'],[A302] Grosvenor Gardens (Southbound) at the junction of [A302] Victoria Street - The right turn from Buckingham Palace Road into Grosvenor Gardens has been closed due to emergency repairs by Cadent Gas.
2025-12-30T13:49:04.124926,TIMS-222027,Works,Minimal,"[B212] STRATHEDEN ROAD (SE3 ) (Greenwich,Lewisham)",[],Thames Water works - [B212] Stratheden Road (Both directions) at the junction of [A2] Shooters Hill Road - The road is closed due to Thames Water works. 
2025-12-30T13:49:04.124926,TIMS-215004,Works,Minimal,"DU CANE ROAD (W12 ,W3 ) (Hammersmith & Fulham)",[],Du Cane Road (Both directions) at the junction of Hilary Road - Two-way temporary traffic signals are in operation for bridge works.
2025-12-30T13:49:04.124926,TIMS-222053,Planned events,Minimal,"[A4] TRAFALGAR SQUARE (SW1Y ,WC2N ) (Westminster)",[],[A4] Trafalgar Square (All approaches) at the junction of [A4] Charing Cross - An event is expected to take place from 12:00 at Trafalgar Square.
2025-12-30T13:49:04.124926,TIMS-219885,Works,Minimal,"[A1205] BURDETT ROAD (E1 ,E3 ) (Tower Hamlets)",[],[A1205] Burdett Road (Both directions) at the junction of [A11] Mile End Road - Lane restrictions in place to facilitate Thames Water works.
2025-12-30T13:49:04.124926,TIMS-221911,Works,Minimal,SELBORNE ROAD (E17 ) (Waltham Forest),[],Selborne Road (Both directions) at the junction of Vernon Road - Temporary traffic signals in operation to facilitate Thames Water works. 
2025-12-30T13:49:04.124926,TIMS-219993,Works,Minimal,[A200] LOWER ROAD (SE16 ) (Southwark),[],[A200] Lower Road (Both directions) at the junction of Gomm Road - Temporary traffic signals to be implemented to facilitate cable works. 
2025-12-30T13:49:04.124926,TIMS-221797,Planned events,Minimal,HORSE GUARDS AVENUE (SW1A ) (Westminster),[],Horse Guards Avenue (Both directions) between [A3211] Victoria Embankment and Whitehall Court - The road will be closed to facilitate the build for New Year's Eve celebrations. 
2025-12-30T13:49:04.124926,TIMS-220134,Works,Minimal,"[A206] WOOLWICH CHURCH STREET (SE18 ,SE7 ) (Greenwich)",[],[A206] Woolwich Church Street (Westbound) at the junction of Warspite Road - Lane restriction due to ongoing cycle scheme works.
2025-12-30T13:49:04.124926,TIMS-221720,Works,Minimal,"[A112] PRINCE REGENT LANE (E13 ,E16 ) (Newham)",[],[A112] Prince Regent Lane (Northbound) at the junction of Churchill Road - Road closed northbound due to emergency Thames Water works.
2025-12-30T13:49:04.124926,TIMS-218924,Works,Minimal,[A206] WOOLWICH CHURCH STREET (SE18 ) (Greenwich),[],[A206] Woolwich Church Street (Both directions) at the junction of [A206] Woolwich Ferry Roundabout - Various restrictions in place to facilitate cycle lane works.
2025-12-30T13:49:04.124926,TIMS-222054,Works,Minimal,[A407] HIGH ROAD (NW10 ) (Brent),[],[A407] High Road (Both directions) at the junction of Bertie Road - Temporary traffic signals in operation to facilitate Cadent Gas works.
2025-12-30T13:59:26.605027,TIMS-222050,Works,Serious,[A40] WESTERN AVENUE (W3 ) (Ealing),['a40'],[A40] Western Avenue (Eastbound) at the junction of Braid Avenue - Lane one (of two) closure to facilitate works. 
2025-12-30T13:59:26.605027,TIMS-206772,Works,Moderate,"[A12] EASTERN AVENUE EAST (RM2 ,RM3 ) (Havering)",['a12'],"Gallows Corner Flyover Refurbishment - [A12] Eastern Avenue East (All directions) at the junction of [A12] Colchester Road - Various restrictions, to facilitate the refurbishment of Gallows Corner Flyover. Full closure of the Flyover and the roundabout including all approaches in place."
2025-12-30T13:59:26.605027,TIMS-213893,Works,Moderate,"[A23] STREATHAM HILL (SW16 ,SW2 ) (Lambeth)",['a23'],"[A23] Streatham Hill (Both directions) between [A205] Christchurch Road and Leigham Court Road - Various restrictions for TfL works. Lane restrictions, in place over the course of the works. On 15/02/2026, 16/02/2026, 17/05/2026, 18/05/2026 there will be a full overnight closure. "
2025-12-30T13:59:26.605027,TIMS-200007,Works,Moderate,"KING WILLIAM STREET (EC3V,EC4N,EC4R) (City of London)",['bishopsgate cross route'],King William Street (Southbound) at the junction of Lombard Street - Road closed to facilitate urban realm works.
2025-12-30T13:59:26.605027,TIMS-218732,Planned events,Moderate,"[A4202] PARK LANE (W1J ,W1K ,W2 ) (Westminster)",['inner ring'],Winter Wonderland - Hyde Park - [A4202] Park Lane (All directions) at the junction of [A4202] Achilles Way - Winter Wonderland event has opened at 10:00
2025-12-30T13:59:26.605027,TIMS-216408,Works,Moderate,[A400] HAMPSTEAD ROAD (NW1 ) (Camden),['inner ring'],[A400] Hampstead Road (Both directions) at the junction of Robert Street - Temporary traffic signals and lane restrictions are in place for HS2 works.
2025-12-30T13:59:26.605027,TIMS-204461,Works,Moderate,"[A3203] LAMBETH BRIDGE (SE1 ,SW1P ) (Lambeth,Westminster)",['southern river route'],[A3203] Lambeth Bridge (Eastbound) between [A3036] A 3036 and [A3212] Millbank - Lane restrictions are in place at either side of the bridge for junction improvement works.
2025-12-30T13:59:26.605027,TIMS-221134,Network delays,Moderate,"[A101] ROTHERHITHE TUNNEL (E1W ,SE16 ) (Southwark,Tower Hamlets)",['southern river route'],"[A101] Rotherhithe Tunnel (Both directions) between [A200] Jamaica Road and [A13] Commercial Road - The Tunnel may be subject to short, intermittent closures"
2025-12-30T13:59:26.605027,TIMS-220472,Hazards,Moderate,"[A4200] SOUTHAMPTON ROW (WC1A ,WC1B ,WC1N ,WC1V ) (Camden)",[],[A4200] Southampton Row (Both directions) between [A40] High Holborn and [A40] Vernon Place - The road is closed due to emergency UKPN works. Vernon Place westbound bus lane is also closed. 
2025-12-30T13:59:26.605027,TIMS-222012,Works,Minimal,[A212] CATFORD HILL (SE6 ) (Lewisham),['a205'],[A212] Catford Hill (Both directions) at the junction of Beechfield Road - Two way temporary traffic lights in place to facilitate Thames Water works. 
2025-12-30T13:59:26.605027,TIMS-221961,Network delays,Minimal,[A2204] FERRY APPROACH (SE18 ) (Greenwich),['a205'],[A2204] Ferry Approach (Both directions) at the junction of [A206] Woolwich Ferry Roundabout - The Woolwich Ferry is operating a one boat service
2025-12-30T13:59:26.605027,TIMS-221957,Works,Minimal,[A3] WANDSWORTH HIGH STREET (SW18 ) (Wandsworth),['a205'],[A3] Wandsworth High Street (Both directions) between [A3] West Hill and [A3] East Hill - Road closures in place due to a burst water main. 
2025-12-30T13:59:26.605027,TIMS-222025,Works,Minimal,[A22] GODSTONE ROAD (CR8 ) (Croydon),['a23'],"[A22] Godstone Road (Both directions) at the junction of Station Road - Two-way temporary signals in operation near Kenley station, due to burst water main repairs. "
2025-12-30T13:59:26.605027,TIMS-221773,Works,Minimal,"[A216] MITCHAM LANE (SW16 ) (Lambeth,Wandsworth)",['a23'],[A216] Mitcham Lane (Both directions) at the junction of Fernwood Avenue - Temporary signals in operation to facilitate repairs to a burst water main.
2025-12-30T13:59:26.605027,TIMS-210389,Works,Minimal,"[A40] WESTWAY (W10 ,W12 ) (Hammersmith & Fulham,Kensington & Chelsea)",['a40'],[A40] Westway (Eastbound) at the junction of [A3220] West Cross Route - The exit slip road to the Northern Roundabout is closed to facilitate repair works. 
2025-12-30T13:59:26.605027,TIMS-222023,Works,Minimal,"[A40] WESTERN AVENUE (HA4 ,UB10 ) (Hillingdon)",['a40'],"[A40] Western Avenue (Westbound) at the junction of [A4180] West End Road - Lane one (of three) closure after the onslip from Polish War Memorial, due to urgent water main repairs. "
2025-12-30T13:59:26.605027,TIMS-222029,Works,Minimal,"[A1203] THE HIGHWAY (E1 ,E1W ) (Tower Hamlets)",['city route'],"[A1203] The Highway (Westbound) at the junction of [A1202] Dock Street - Lane closure due to urgent UKPN cable repairs.
"
2025-12-30T13:59:26.605027,TIMS-221963,Works,Minimal,JAIL LANE (TN16 ) (Bromley),[],Jail Lane (Both directions) at the junction of Old Tye Avenue - Road closed to facilitate Thames Water works. 
2025-12-30T13:59:26.605027,TIMS-221831,Works,Minimal,"PECKHAM RYE (SE15 ,SE22 ) (Southwark)",[],Peckham Rye (All directions) at the junction of [A2214] Nunhead Lane - Temporary traffic signals are in place to facilitate ermergency SGN works.
2025-12-30T13:59:26.605027,TIMS-220784,Works,Minimal,"[A1205] BURDETT ROAD (E1 ,E14 ,E3 ) (Tower Hamlets)",[],"[A1205] Burdett Road (Both directions) at the junction of [B140] St Pauls Way - Temporary traffic signals lane restrictions in use to facilitate Thames Water works. In addition, no access to St Paul's Way."
2025-12-30T13:59:26.605027,TIMS-219173,Works,Minimal,[A219] WOOD LANE (W12 ) (Hammersmith & Fulham),[],[A219] Wood Lane (Both directions) at the junction of [A40] Westway - Various carriageway and footway restrictions in place to facilitate Cycle Superhighway works.
2025-12-30T13:59:26.605027,TIMS-212391,Works,Minimal,[A4020] UXBRIDGE ROAD (W12 ) (Hammersmith & Fulham),[],[A4020] Uxbridge Road (Both directions) at the junction of [A402] Shepherds Bush Green - Restrictions in place in various locations on Uxbridge Road and Shepherds Bush Green due to C34 cycle lane scheme works.
2025-12-30T13:59:26.605027,TIMS-213362,Works,Minimal,"[A107] MARE STREET (E8 ,E9 ) (Hackney)",[],"[A107] Mare Street (Both directions) between [A1207] Graham Road and [A107] Amhurst Road - Road is closed to facilitate urban realm works. Additionally, temporary signals are in place at the junction of Graham Road."
2025-12-30T13:59:26.605027,TIMS-217012,Works,Minimal,[A206] WOOLWICH ROAD (SE7 ) (Greenwich),[],[A206] Woolwich Road (Both directions) between Anchor & Hope Lane and John Wilson Street. - Lane restrictions to facilitate the construction of a segregated cycle lane. 
2025-12-30T13:59:26.605027,TIMS-220707,Planned events,Minimal,MILLENNIUM WAY (SE10 ) (Greenwich),[],Disney on Ice - The O2 - Millennium Way (All approaches) at the junction of Ordnance Crescent - Disney on Ice.
2025-12-30T13:59:26.605027,TIMS-221700,Works,Minimal,[A205] WALDRAM CRESCENT (SE23 ) (Lewisham),['a205'],[A205] Waldram Crescent (Both directions) at the junction of Stanstead Road - Contra-flow in operation to facilitate SGN works.
2025-12-30T13:59:26.605027,TIMS-221978,Works,Minimal,"[A3] BATTERSEA RISE (SW11 ,SW18 ) (Wandsworth)",['a205'],[A3] Battersea Rise (Both directions) at the junction of Bolingbroke Grove - There are 2-way temporary traffic lights at this location for Thames Water works. 
2025-12-30T13:59:26.605027,TIMS-209852,Works,Minimal,"[A3205] NINE ELMS LANE (SW11 ,SW8 ) (Lambeth,Wandsworth)","['a3', 'inner ring']",[A3205] Nine Elms Lane (Both directions) at the junction of Ponton Road - Lane closures in place to facilitate Urban Realm Works.
2025-12-30T13:59:26.605027,TIMS-220695,Works,Minimal,"[A41] FINCHLEY ROAD (NW3 ,NW6 ,NW8 ) (Camden)",['a41'],[A41] Finchley Road (Southbound) at the junction of [B511] College Crescent - Lanes one and two (of three) closed to facilitate emergency Thames Water works.
2025-12-30T13:59:26.605027,TIMS-221816,Works,Minimal,[A302] GROSVENOR GARDENS (SW1W ) (Westminster),['inner ring'],[A302] Grosvenor Gardens (Southbound) at the junction of [A302] Victoria Street - The right turn from Buckingham Palace Road into Grosvenor Gardens has been closed due to emergency repairs by Cadent Gas.
2025-12-30T13:59:26.605027,TIMS-222027,Works,Minimal,"[B212] STRATHEDEN ROAD (SE3 ) (Greenwich,Lewisham)",[],Thames Water works - [B212] Stratheden Road (Both directions) at the junction of [A2] Shooters Hill Road - The road is closed due to Thames Water works. 
2025-12-30T13:59:26.605027,TIMS-215004,Works,Minimal,"DU CANE ROAD (W12 ,W3 ) (Hammersmith & Fulham)",[],Du Cane Road (Both directions) at the junction of Hilary Road - Two-way temporary traffic signals are in operation for bridge works.
2025-12-30T13:59:26.605027,TIMS-222053,Planned events,Minimal,"[A4] TRAFALGAR SQUARE (SW1Y ,WC2N ) (Westminster)",[],[A4] Trafalgar Square (All approaches) at the junction of [A4] Charing Cross - An event is expected to take place from 12:00 at Trafalgar Square.
2025-12-30T13:59:26.605027,TIMS-219885,Works,Minimal,"[A1205] BURDETT ROAD (E1 ,E3 ) (Tower Hamlets)",[],[A1205] Burdett Road (Both directions) at the junction of [A11] Mile End Road - Lane restrictions in place to facilitate Thames Water works.
2025-12-30T13:59:26.605027,TIMS-221911,Works,Minimal,SELBORNE ROAD (E17 ) (Waltham Forest),[],Selborne Road (Both directions) at the junction of Vernon Road - Temporary traffic signals in operation to facilitate Thames Water works. 
2025-12-30T13:59:26.605027,TIMS-219993,Works,Minimal,[A200] LOWER ROAD (SE16 ) (Southwark),[],[A200] Lower Road (Both directions) at the junction of Gomm Road - Temporary traffic signals to be implemented to facilitate cable works. 
2025-12-30T13:59:26.605027,TIMS-221797,Planned events,Minimal,HORSE GUARDS AVENUE (SW1A ) (Westminster),[],Horse Guards Avenue (Both directions) between [A3211] Victoria Embankment and Whitehall Court - The road will be closed to facilitate the build for New Year's Eve celebrations. 
2025-12-30T13:59:26.605027,TIMS-220134,Works,Minimal,"[A206] WOOLWICH CHURCH STREET (SE18 ,SE7 ) (Greenwich)",[],[A206] Woolwich Church Street (Westbound) at the junction of Warspite Road - Lane restriction due to ongoing cycle scheme works.
2025-12-30T13:59:26.605027,TIMS-221720,Works,Minimal,"[A112] PRINCE REGENT LANE (E13 ,E16 ) (Newham)",[],[A112] Prince Regent Lane (Northbound) at the junction of Churchill Road - Road closed northbound due to emergency Thames Water works.
2025-12-30T13:59:26.605027,TIMS-218924,Works,Minimal,[A206] WOOLWICH CHURCH STREET (SE18 ) (Greenwich),[],[A206] Woolwich Church Street (Both directions) at the junction of [A206] Woolwich Ferry Roundabout - Various restrictions in place to facilitate cycle lane works.
2025-12-30T13:59:26.605027,TIMS-222054,Works,Minimal,[A407] HIGH ROAD (NW10 ) (Brent),[],[A407] High Road (Both directions) at the junction of Bertie Road - Temporary traffic signals in operation to facilitate Cadent Gas works.
2025-12-30T14:26:00.374788,TIMS-222050,Works,Serious,[A40] WESTERN AVENUE (W3 ) (Ealing),['a40'],[A40] Western Avenue (Eastbound) at the junction of Braid Avenue - Lane one (of two) closure to facilitate works. 
2025-12-30T14:26:00.374788,TIMS-206772,Works,Moderate,"[A12] EASTERN AVENUE EAST (RM2 ,RM3 ) (Havering)",['a12'],"Gallows Corner Flyover Refurbishment - [A12] Eastern Avenue East (All directions) at the junction of [A12] Colchester Road - Various restrictions, to facilitate the refurbishment of Gallows Corner Flyover. Full closure of the Flyover and the roundabout including all approaches in place."
2025-12-30T14:26:00.374788,TIMS-213893,Works,Moderate,"[A23] STREATHAM HILL (SW16 ,SW2 ) (Lambeth)",['a23'],"[A23] Streatham Hill (Both directions) between [A205] Christchurch Road and Leigham Court Road - Various restrictions for TfL works. Lane restrictions, in place over the course of the works. On 15/02/2026, 16/02/2026, 17/05/2026, 18/05/2026 there will be a full overnight closure. "
2025-12-30T14:26:00.374788,TIMS-200007,Works,Moderate,"KING WILLIAM STREET (EC3V,EC4N,EC4R) (City of London)",['bishopsgate cross route'],King William Street (Southbound) at the junction of Lombard Street - Road closed to facilitate urban realm works.
2025-12-30T14:26:00.374788,TIMS-218732,Planned events,Moderate,"[A4202] PARK LANE (W1J ,W1K ,W2 ) (Westminster)",['inner ring'],Winter Wonderland - Hyde Park - [A4202] Park Lane (All directions) at the junction of [A4202] Achilles Way - Winter Wonderland event has opened at 10:00
2025-12-30T14:26:00.374788,TIMS-216408,Works,Moderate,[A400] HAMPSTEAD ROAD (NW1 ) (Camden),['inner ring'],[A400] Hampstead Road (Both directions) at the junction of Robert Street - Temporary traffic signals and lane restrictions are in place for HS2 works.
2025-12-30T14:26:00.374788,TIMS-204461,Works,Moderate,"[A3203] LAMBETH BRIDGE (SE1 ,SW1P ) (Lambeth,Westminster)",['southern river route'],[A3203] Lambeth Bridge (Eastbound) between [A3036] A 3036 and [A3212] Millbank - Lane restrictions are in place at either side of the bridge for junction improvement works.
2025-12-30T14:26:00.374788,TIMS-221134,Network delays,Moderate,"[A101] ROTHERHITHE TUNNEL (E1W ,SE16 ) (Southwark,Tower Hamlets)",['southern river route'],"[A101] Rotherhithe Tunnel (Both directions) between [A200] Jamaica Road and [A13] Commercial Road - The Tunnel may be subject to short, intermittent closures"
2025-12-30T14:26:00.374788,TIMS-220472,Hazards,Moderate,"[A4200] SOUTHAMPTON ROW (WC1A ,WC1B ,WC1N ,WC1V ) (Camden)",[],[A4200] Southampton Row (Both directions) between [A40] High Holborn and [A40] Vernon Place - The road is closed due to emergency UKPN works. Vernon Place westbound bus lane is also closed. 
2025-12-30T14:26:00.374788,TIMS-222065,Collisions,Moderate,"[A402] SHEPHERDS BUSH GREEN (W12 ,W14 ) (Hammersmith & Fulham)",[],[A402] Shepherds Bush Green (Eastbound) at the junction of [A3220] Holland Park Roundabout - Lane three (of three) blocked due to a collision.
2025-12-30T14:26:00.374788,TIMS-222012,Works,Minimal,[A212] CATFORD HILL (SE6 ) (Lewisham),['a205'],[A212] Catford Hill (Both directions) at the junction of Beechfield Road - Two way temporary traffic lights in place to facilitate Thames Water works. 
2025-12-30T14:26:00.374788,TIMS-221961,Network delays,Minimal,[A2204] FERRY APPROACH (SE18 ) (Greenwich),['a205'],[A2204] Ferry Approach (Both directions) at the junction of [A206] Woolwich Ferry Roundabout - The Woolwich Ferry is currently suspended
2025-12-30T14:26:00.374788,TIMS-221957,Works,Minimal,[A3] WANDSWORTH HIGH STREET (SW18 ) (Wandsworth),['a205'],[A3] Wandsworth High Street (Both directions) between [A3] West Hill and [A3] East Hill - Road closures in place due to a burst water main. 
2025-12-30T14:26:00.374788,TIMS-222025,Works,Minimal,[A22] GODSTONE ROAD (CR8 ) (Croydon),['a23'],"[A22] Godstone Road (Both directions) at the junction of Station Road - Two-way temporary signals in operation near Kenley station, due to burst water main repairs. "
2025-12-30T14:26:00.374788,TIMS-221773,Works,Minimal,"[A216] MITCHAM LANE (SW16 ) (Lambeth,Wandsworth)",['a23'],[A216] Mitcham Lane (Both directions) at the junction of Fernwood Avenue - Temporary signals in operation to facilitate repairs to a burst water main.
2025-12-30T14:26:00.374788,TIMS-222023,Works,Minimal,"[A40] WESTERN AVENUE (HA4 ,UB10 ) (Hillingdon)",['a40'],"[A40] Western Avenue (Westbound) at the junction of [A4180] West End Road - Lane one (of three) closure after the onslip from Polish War Memorial, due to urgent water main repairs. "
2025-12-30T14:26:00.374788,TIMS-210389,Works,Minimal,"[A40] WESTWAY (W10 ,W12 ) (Hammersmith & Fulham,Kensington & Chelsea)",['a40'],[A40] Westway (Eastbound) at the junction of [A3220] West Cross Route - The exit slip road to the Northern Roundabout is closed to facilitate repair works. 
2025-12-30T14:26:00.374788,TIMS-222029,Works,Minimal,"[A1203] THE HIGHWAY (E1 ,E1W ) (Tower Hamlets)",['city route'],"[A1203] The Highway (Westbound) at the junction of [A1202] Dock Street - Lane closure due to urgent UKPN cable repairs.
"
2025-12-30T14:26:00.374788,TIMS-212391,Works,Minimal,[A4020] UXBRIDGE ROAD (W12 ) (Hammersmith & Fulham),[],[A4020] Uxbridge Road (Both directions) at the junction of [A402] Shepherds Bush Green - Restrictions in place in various locations on Uxbridge Road and Shepherds Bush Green due to C34 cycle lane scheme works.
2025-12-30T14:26:00.374788,TIMS-221963,Works,Minimal,JAIL LANE (TN16 ) (Bromley),[],Jail Lane (Both directions) at the junction of Old Tye Avenue - Road closed to facilitate Thames Water works. 
2025-12-30T14:26:00.374788,TIMS-213362,Works,Minimal,"[A107] MARE STREET (E8 ,E9 ) (Hackney)",[],"[A107] Mare Street (Both directions) between [A1207] Graham Road and [A107] Amhurst Road - Road is closed to facilitate urban realm works. Additionally, temporary signals are in place at the junction of Graham Road."
2025-12-30T14:26:00.374788,TIMS-219173,Works,Minimal,[A219] WOOD LANE (W12 ) (Hammersmith & Fulham),[],[A219] Wood Lane (Both directions) at the junction of [A40] Westway - Various carriageway and footway restrictions in place to facilitate Cycle Superhighway works.
2025-12-30T14:26:00.374788,TIMS-221831,Works,Minimal,"PECKHAM RYE (SE15 ,SE22 ) (Southwark)",[],Peckham Rye (All directions) at the junction of [A2214] Nunhead Lane - Temporary traffic signals are in place to facilitate ermergency SGN works.
2025-12-30T14:26:00.374788,TIMS-217012,Works,Minimal,[A206] WOOLWICH ROAD (SE7 ) (Greenwich),[],[A206] Woolwich Road (Both directions) between Anchor & Hope Lane and John Wilson Street. - Lane restrictions to facilitate the construction of a segregated cycle lane. 
2025-12-30T14:26:00.374788,TIMS-220784,Works,Minimal,"[A1205] BURDETT ROAD (E1 ,E14 ,E3 ) (Tower Hamlets)",[],"[A1205] Burdett Road (Both directions) at the junction of [B140] St Pauls Way - Temporary traffic signals lane restrictions in use to facilitate Thames Water works. In addition, no access to St Paul's Way."
2025-12-30T14:26:00.374788,TIMS-220707,Planned events,Minimal,MILLENNIUM WAY (SE10 ) (Greenwich),[],Disney on Ice - The O2 - Millennium Way (All approaches) at the junction of Ordnance Crescent - Disney on Ice.
2025-12-30T14:26:00.374788,TIMS-222064,Works,Moderate,[A13] COMMERCIAL ROAD (E14 ) (Tower Hamlets),['a13'],"[A13] Commercial Road (Both directions) at the junction of [A13] East India Dock Road - Works: Emergency gas works.
Burdett Road  S/B Left only on East India
West India Dock Rd only left onto Commercial Road
Commercial Road E/B Ahead and Left turn only
East India Dock Rd W/b Ahead and left Turn only
---------------------------------------------------------------
Estimated duration of closure: 7 days, may only be one day. Company details: Cadent Gas
Working on behalf of:  Cadent – Ref:2512239098
TM Contact Number: 0207157 9983 (24hrs)
Traffic Management to be used: TM lane closure and road restrictions.
Have you sent this request via Star Go website: After call
Crew on site: Now works to start at 1330hrs"
2025-12-30T14:26:00.374788,TIMS-221978,Works,Minimal,"[A3] BATTERSEA RISE (SW11 ,SW18 ) (Wandsworth)",['a205'],[A3] Battersea Rise (Both directions) at the junction of Bolingbroke Grove - There are 2-way temporary traffic lights at this location for Thames Water works. 
2025-12-30T14:26:00.374788,TIMS-221700,Works,Minimal,[A205] WALDRAM CRESCENT (SE23 ) (Lewisham),['a205'],[A205] Waldram Crescent (Both directions) at the junction of Stanstead Road - Contra-flow in operation to facilitate SGN works.
2025-12-30T14:26:00.374788,TIMS-209852,Works,Minimal,"[A3205] NINE ELMS LANE (SW11 ,SW8 ) (Lambeth,Wandsworth)","['a3', 'inner ring']",[A3205] Nine Elms Lane (Both directions) at the junction of Ponton Road - Lane closures in place to facilitate Urban Realm Works.
2025-12-30T14:26:00.374788,TIMS-220695,Works,Minimal,"[A41] FINCHLEY ROAD (NW3 ,NW6 ,NW8 ) (Camden)",['a41'],[A41] Finchley Road (Southbound) at the junction of [B511] College Crescent - Lanes one and two (of three) closed to facilitate emergency Thames Water works.
2025-12-30T14:26:00.374788,TIMS-221816,Works,Minimal,[A302] GROSVENOR GARDENS (SW1W ) (Westminster),['inner ring'],[A302] Grosvenor Gardens (Southbound) at the junction of [A302] Victoria Street - The right turn from Buckingham Palace Road into Grosvenor Gardens has been closed due to emergency repairs by Cadent Gas.
2025-12-30T14:26:00.374788,TIMS-222027,Works,Minimal,"[B212] STRATHEDEN ROAD (SE3 ) (Greenwich,Lewisham)",[],Thames Water works - [B212] Stratheden Road (Both directions) at the junction of [A2] Shooters Hill Road - The road is closed due to Thames Water works. 
2025-12-30T14:26:00.374788,TIMS-222053,Planned events,Minimal,"[A4] TRAFALGAR SQUARE (SW1Y ,WC2N ) (Westminster)",[],[A4] Trafalgar Square (All approaches) at the junction of [A4] Charing Cross - An event is expected to take place from 12:00 at Trafalgar Square.
2025-12-30T14:26:00.374788,TIMS-222054,Works,Minimal,[A407] HIGH ROAD (NW10 ) (Brent),[],[A407] High Road (Both directions) at the junction of Bertie Road - Temporary traffic signals in operation to facilitate Cadent Gas works.
2025-12-30T14:26:00.374788,TIMS-221797,Planned events,Minimal,HORSE GUARDS AVENUE (SW1A ) (Westminster),[],Horse Guards Avenue (Both directions) between [A3211] Victoria Embankment and Whitehall Court - The road will be closed to facilitate the build for New Year's Eve celebrations. 
2025-12-30T14:26:00.374788,TIMS-215004,Works,Minimal,"DU CANE ROAD (W12 ,W3 ) (Hammersmith & Fulham)",[],Du Cane Road (Both directions) at the junction of Hilary Road - Two-way temporary traffic signals are in operation for bridge works.
2025-12-30T14:26:00.374788,TIMS-221720,Works,Minimal,"[A112] PRINCE REGENT LANE (E13 ,E16 ) (Newham)",[],[A112] Prince Regent Lane (Northbound) at the junction of Churchill Road - Road closed northbound due to emergency Thames Water works.
2025-12-30T14:26:00.374788,TIMS-220134,Works,Minimal,"[A206] WOOLWICH CHURCH STREET (SE18 ,SE7 ) (Greenwich)",[],[A206] Woolwich Church Street (Westbound) at the junction of Warspite Road - Lane restriction due to ongoing cycle scheme works.
2025-12-30T14:26:00.374788,TIMS-219993,Works,Minimal,[A200] LOWER ROAD (SE16 ) (Southwark),[],[A200] Lower Road (Both directions) at the junction of Gomm Road - Temporary traffic signals to be implemented to facilitate cable works. 
2025-12-30T14:26:00.374788,TIMS-219885,Works,Minimal,"[A1205] BURDETT ROAD (E1 ,E3 ) (Tower Hamlets)",[],[A1205] Burdett Road (Both directions) at the junction of [A11] Mile End Road - Lane restrictions in place to facilitate Thames Water works.
2025-12-30T14:26:00.374788,TIMS-218924,Works,Minimal,[A206] WOOLWICH CHURCH STREET (SE18 ) (Greenwich),[],[A206] Woolwich Church Street (Both directions) at the junction of [A206] Woolwich Ferry Roundabout - Various restrictions in place to facilitate cycle lane works.
2025-12-30T14:26:00.374788,TIMS-221911,Works,Minimal,SELBORNE ROAD (E17 ) (Waltham Forest),[],Selborne Road (Both directions) at the junction of Vernon Road - Temporary traffic signals in operation to facilitate Thames Water works. 
2025-12-30T14:26:00.374788,TIMS-221083,Planned events,Minimal,"MARSHGATE LANE (E15 ,E20 ,E3 ) (Hackney,Newham,Tower Hamlets)",[],West Ham United vs Brighton and Hove Albion - London Stadium - Marshgate Lane (All approaches) at the junction of Siding Street - Premier League football match with a 19:30 kick off
2025-12-30T14:44:40.520723,TIMS-222050,Works,Serious,[A40] WESTERN AVENUE (W3 ) (Ealing),['a40'],[A40] Western Avenue (Eastbound) at the junction of Braid Avenue - Lane one (of two) closure to facilitate works. 
2025-12-30T14:44:40.520723,TIMS-206772,Works,Moderate,"[A12] EASTERN AVENUE EAST (RM2 ,RM3 ) (Havering)",['a12'],"Gallows Corner Flyover Refurbishment - [A12] Eastern Avenue East (All directions) at the junction of [A12] Colchester Road - Various restrictions, to facilitate the refurbishment of Gallows Corner Flyover. Full closure of the Flyover and the roundabout including all approaches in place."
2025-12-30T14:44:40.520723,TIMS-213893,Works,Moderate,"[A23] STREATHAM HILL (SW16 ,SW2 ) (Lambeth)",['a23'],"[A23] Streatham Hill (Both directions) between [A205] Christchurch Road and Leigham Court Road - Various restrictions for TfL works. Lane restrictions, in place over the course of the works. On 15/02/2026, 16/02/2026, 17/05/2026, 18/05/2026 there will be a full overnight closure. "
2025-12-30T14:44:40.520723,TIMS-200007,Works,Moderate,"KING WILLIAM STREET (EC3V,EC4N,EC4R) (City of London)",['bishopsgate cross route'],King William Street (Southbound) at the junction of Lombard Street - Road closed to facilitate urban realm works.
2025-12-30T14:44:40.520723,TIMS-218732,Planned events,Moderate,"[A4202] PARK LANE (W1J ,W1K ,W2 ) (Westminster)",['inner ring'],Winter Wonderland - Hyde Park - [A4202] Park Lane (All directions) at the junction of [A4202] Achilles Way - Winter Wonderland event has opened at 10:00
2025-12-30T14:44:40.520723,TIMS-216408,Works,Moderate,[A400] HAMPSTEAD ROAD (NW1 ) (Camden),['inner ring'],[A400] Hampstead Road (Both directions) at the junction of Robert Street - Temporary traffic signals and lane restrictions are in place for HS2 works.
2025-12-30T14:44:40.520723,TIMS-204461,Works,Moderate,"[A3203] LAMBETH BRIDGE (SE1 ,SW1P ) (Lambeth,Westminster)",['southern river route'],[A3203] Lambeth Bridge (Eastbound) between [A3036] A 3036 and [A3212] Millbank - Lane restrictions are in place at either side of the bridge for junction improvement works.
2025-12-30T14:44:40.520723,TIMS-221134,Network delays,Moderate,"[A101] ROTHERHITHE TUNNEL (E1W ,SE16 ) (Southwark,Tower Hamlets)",['southern river route'],"[A101] Rotherhithe Tunnel (Both directions) between [A200] Jamaica Road and [A13] Commercial Road - The Tunnel may be subject to short, intermittent closures"
2025-12-30T14:44:40.520723,TIMS-220472,Hazards,Moderate,"[A4200] SOUTHAMPTON ROW (WC1A ,WC1B ,WC1N ,WC1V ) (Camden)",[],[A4200] Southampton Row (Both directions) between [A40] High Holborn and [A40] Vernon Place - The road is closed due to emergency UKPN works. Vernon Place westbound bus lane is also closed. 
2025-12-30T14:44:40.520723,TIMS-222065,Collisions,Moderate,"[A402] SHEPHERDS BUSH GREEN (W12 ,W14 ) (Hammersmith & Fulham)",[],[A402] Shepherds Bush Green (Eastbound) at the junction of [A3220] Holland Park Roundabout - Lane three (of three) blocked due to a collision. Lane one (of three) also blocked on western arm of Holland Park Roundabout.
2025-12-30T14:44:40.520723,TIMS-222012,Works,Minimal,[A212] CATFORD HILL (SE6 ) (Lewisham),['a205'],[A212] Catford Hill (Both directions) at the junction of Beechfield Road - Two way temporary traffic lights in place to facilitate Thames Water works. 
2025-12-30T14:44:40.520723,TIMS-221961,Network delays,Minimal,[A2204] FERRY APPROACH (SE18 ) (Greenwich),['a205'],[A2204] Ferry Approach (Both directions) at the junction of [A206] Woolwich Ferry Roundabout - The Woolwich Ferry is currently suspended
2025-12-30T14:44:40.520723,TIMS-221957,Works,Minimal,[A3] WANDSWORTH HIGH STREET (SW18 ) (Wandsworth),['a205'],[A3] Wandsworth High Street (Both directions) between [A3] West Hill and [A3] East Hill - Road closures in place due to a burst water main. 
2025-12-30T14:44:40.520723,TIMS-222025,Works,Minimal,[A22] GODSTONE ROAD (CR8 ) (Croydon),['a23'],"[A22] Godstone Road (Both directions) at the junction of Station Road - Two-way temporary signals in operation near Kenley station, due to burst water main repairs. "
2025-12-30T14:44:40.520723,TIMS-221773,Works,Minimal,"[A216] MITCHAM LANE (SW16 ) (Lambeth,Wandsworth)",['a23'],[A216] Mitcham Lane (Both directions) at the junction of Fernwood Avenue - Temporary signals in operation to facilitate repairs to a burst water main.
2025-12-30T14:44:40.520723,TIMS-222023,Works,Minimal,"[A40] WESTERN AVENUE (HA4 ,UB10 ) (Hillingdon)",['a40'],"[A40] Western Avenue (Westbound) at the junction of [A4180] West End Road - Lane one (of three) closure after the onslip from Polish War Memorial, due to urgent water main repairs. "
2025-12-30T14:44:40.520723,TIMS-210389,Works,Minimal,"[A40] WESTWAY (W10 ,W12 ) (Hammersmith & Fulham,Kensington & Chelsea)",['a40'],[A40] Westway (Eastbound) at the junction of [A3220] West Cross Route - The exit slip road to the Northern Roundabout is closed to facilitate repair works. 
2025-12-30T14:44:40.520723,TIMS-222029,Works,Minimal,"[A1203] THE HIGHWAY (E1 ,E1W ) (Tower Hamlets)",['city route'],"[A1203] The Highway (Westbound) at the junction of [A1202] Dock Street - Lane closure due to urgent UKPN cable repairs.
"
2025-12-30T14:44:40.520723,TIMS-212391,Works,Minimal,[A4020] UXBRIDGE ROAD (W12 ) (Hammersmith & Fulham),[],[A4020] Uxbridge Road (Both directions) at the junction of [A402] Shepherds Bush Green - Restrictions in place in various locations on Uxbridge Road and Shepherds Bush Green due to C34 cycle lane scheme works.
2025-12-30T14:44:40.520723,TIMS-221963,Works,Minimal,JAIL LANE (TN16 ) (Bromley),[],Jail Lane (Both directions) at the junction of Old Tye Avenue - Road closed to facilitate Thames Water works. 
2025-12-30T14:44:40.520723,TIMS-213362,Works,Minimal,"[A107] MARE STREET (E8 ,E9 ) (Hackney)",[],"[A107] Mare Street (Both directions) between [A1207] Graham Road and [A107] Amhurst Road - Road is closed to facilitate urban realm works. Additionally, temporary signals are in place at the junction of Graham Road."
2025-12-30T14:44:40.520723,TIMS-219173,Works,Minimal,[A219] WOOD LANE (W12 ) (Hammersmith & Fulham),[],[A219] Wood Lane (Both directions) at the junction of [A40] Westway - Various carriageway and footway restrictions in place to facilitate Cycle Superhighway works.
2025-12-30T14:44:40.520723,TIMS-221831,Works,Minimal,"PECKHAM RYE (SE15 ,SE22 ) (Southwark)",[],Peckham Rye (All directions) at the junction of [A2214] Nunhead Lane - Temporary traffic signals are in place to facilitate ermergency SGN works.
2025-12-30T14:44:40.520723,TIMS-217012,Works,Minimal,[A206] WOOLWICH ROAD (SE7 ) (Greenwich),[],[A206] Woolwich Road (Both directions) between Anchor & Hope Lane and John Wilson Street. - Lane restrictions to facilitate the construction of a segregated cycle lane. 
2025-12-30T14:44:40.520723,TIMS-220784,Works,Minimal,"[A1205] BURDETT ROAD (E1 ,E14 ,E3 ) (Tower Hamlets)",[],"[A1205] Burdett Road (Both directions) at the junction of [B140] St Pauls Way - Temporary traffic signals lane restrictions in use to facilitate Thames Water works. In addition, no access to St Paul's Way."
2025-12-30T14:44:40.520723,TIMS-220707,Planned events,Minimal,MILLENNIUM WAY (SE10 ) (Greenwich),[],Disney on Ice - The O2 - Millennium Way (All approaches) at the junction of Ordnance Crescent - Disney on Ice.
2025-12-30T14:44:40.520723,TIMS-222064,Works,Moderate,[A13] COMMERCIAL ROAD (E14 ) (Tower Hamlets),['a13'],"[A13] Commercial Road (Both directions) at the junction of [A13] East India Dock Road - Emergency gas works. These are the traffic restrictions. East India Dock Road, No right turn. West India Dock Road, all traffic to turn left onto Commercial Road. Burdett Road, southbound left only onto East India Dock Road. West India Dock Rd only left onto Commercial Road. Commercial Road Eastbound ahead and left turn only. East India Dock Rd westbound ahead and left turn only."
2025-12-30T14:44:40.520723,TIMS-221978,Works,Minimal,"[A3] BATTERSEA RISE (SW11 ,SW18 ) (Wandsworth)",['a205'],[A3] Battersea Rise (Both directions) at the junction of Bolingbroke Grove - There are 2-way temporary traffic lights at this location for Thames Water works. 
2025-12-30T14:44:40.520723,TIMS-221700,Works,Minimal,[A205] WALDRAM CRESCENT (SE23 ) (Lewisham),['a205'],[A205] Waldram Crescent (Both directions) at the junction of Stanstead Road - Contra-flow in operation to facilitate SGN works.
2025-12-30T14:44:40.520723,TIMS-209852,Works,Minimal,"[A3205] NINE ELMS LANE (SW11 ,SW8 ) (Lambeth,Wandsworth)","['a3', 'inner ring']",[A3205] Nine Elms Lane (Both directions) at the junction of Ponton Road - Lane closures in place to facilitate Urban Realm Works.
2025-12-30T14:44:40.520723,TIMS-220695,Works,Minimal,"[A41] FINCHLEY ROAD (NW3 ,NW6 ,NW8 ) (Camden)",['a41'],[A41] Finchley Road (Southbound) at the junction of [B511] College Crescent - Lanes one and two (of three) closed to facilitate emergency Thames Water works.
2025-12-30T14:44:40.520723,TIMS-221816,Works,Minimal,[A302] GROSVENOR GARDENS (SW1W ) (Westminster),['inner ring'],[A302] Grosvenor Gardens (Southbound) at the junction of [A302] Victoria Street - The right turn from Buckingham Palace Road into Grosvenor Gardens has been closed due to emergency repairs by Cadent Gas.
2025-12-30T14:44:40.520723,TIMS-222027,Works,Minimal,"[B212] STRATHEDEN ROAD (SE3 ) (Greenwich,Lewisham)",[],Thames Water works - [B212] Stratheden Road (Both directions) at the junction of [A2] Shooters Hill Road - The road is closed due to Thames Water works. 
2025-12-30T14:44:40.520723,TIMS-222053,Planned events,Minimal,"[A4] TRAFALGAR SQUARE (SW1Y ,WC2N ) (Westminster)",[],[A4] Trafalgar Square (All approaches) at the junction of [A4] Charing Cross - An event is expected to take place from 12:00 at Trafalgar Square.
2025-12-30T14:44:40.520723,TIMS-222054,Works,Minimal,[A407] HIGH ROAD (NW10 ) (Brent),[],[A407] High Road (Both directions) at the junction of Bertie Road - Temporary traffic signals in operation to facilitate Cadent Gas works.
2025-12-30T14:44:40.520723,TIMS-221797,Planned events,Minimal,HORSE GUARDS AVENUE (SW1A ) (Westminster),[],Horse Guards Avenue (Both directions) between [A3211] Victoria Embankment and Whitehall Court - The road will be closed to facilitate the build for New Year's Eve celebrations. 
2025-12-30T14:44:40.520723,TIMS-215004,Works,Minimal,"DU CANE ROAD (W12 ,W3 ) (Hammersmith & Fulham)",[],Du Cane Road (Both directions) at the junction of Hilary Road - Two-way temporary traffic signals are in operation for bridge works.
2025-12-30T14:44:40.520723,TIMS-221720,Works,Minimal,"[A112] PRINCE REGENT LANE (E13 ,E16 ) (Newham)",[],[A112] Prince Regent Lane (Northbound) at the junction of Churchill Road - Road closed northbound due to emergency Thames Water works.
2025-12-30T14:44:40.520723,TIMS-220134,Works,Minimal,"[A206] WOOLWICH CHURCH STREET (SE18 ,SE7 ) (Greenwich)",[],[A206] Woolwich Church Street (Westbound) at the junction of Warspite Road - Lane restriction due to ongoing cycle scheme works.
2025-12-30T14:44:40.520723,TIMS-219993,Works,Minimal,[A200] LOWER ROAD (SE16 ) (Southwark),[],[A200] Lower Road (Both directions) at the junction of Gomm Road - Temporary traffic signals to be implemented to facilitate cable works. 
2025-12-30T14:44:40.520723,TIMS-219885,Works,Minimal,"[A1205] BURDETT ROAD (E1 ,E3 ) (Tower Hamlets)",[],[A1205] Burdett Road (Both directions) at the junction of [A11] Mile End Road - Lane restrictions in place to facilitate Thames Water works.
2025-12-30T14:44:40.520723,TIMS-218924,Works,Minimal,[A206] WOOLWICH CHURCH STREET (SE18 ) (Greenwich),[],[A206] Woolwich Church Street (Both directions) at the junction of [A206] Woolwich Ferry Roundabout - Various restrictions in place to facilitate cycle lane works.
2025-12-30T14:44:40.520723,TIMS-221911,Works,Minimal,SELBORNE ROAD (E17 ) (Waltham Forest),[],Selborne Road (Both directions) at the junction of Vernon Road - Temporary traffic signals in operation to facilitate Thames Water works. 
2025-12-30T14:44:40.520723,TIMS-221083,Planned events,Minimal,"MARSHGATE LANE (E15 ,E20 ,E3 ) (Hackney,Newham,Tower Hamlets)",[],West Ham United vs Brighton and Hove Albion - London Stadium - Marshgate Lane (All approaches) at the junction of Siding Street - Premier League football match with a 19:30 kick off
2025-12-30T14:56:31.385218,TIMS-222050,Works,Serious,[A40] WESTERN AVENUE (W3 ) (Ealing),['a40'],[A40] Western Avenue (Eastbound) at the junction of Braid Avenue - Lane one (of two) closure to facilitate works. 
2025-12-30T14:56:31.385218,TIMS-206772,Works,Moderate,"[A12] EASTERN AVENUE EAST (RM2 ,RM3 ) (Havering)",['a12'],"Gallows Corner Flyover Refurbishment - [A12] Eastern Avenue East (All directions) at the junction of [A12] Colchester Road - Various restrictions, to facilitate the refurbishment of Gallows Corner Flyover. Full closure of the Flyover and the roundabout including all approaches in place."
2025-12-30T14:56:31.385218,TIMS-213893,Works,Moderate,"[A23] STREATHAM HILL (SW16 ,SW2 ) (Lambeth)",['a23'],"[A23] Streatham Hill (Both directions) between [A205] Christchurch Road and Leigham Court Road - Various restrictions for TfL works. Lane restrictions, in place over the course of the works. On 15/02/2026, 16/02/2026, 17/05/2026, 18/05/2026 there will be a full overnight closure. "
2025-12-30T14:56:31.385218,TIMS-200007,Works,Moderate,"KING WILLIAM STREET (EC3V,EC4N,EC4R) (City of London)",['bishopsgate cross route'],King William Street (Southbound) at the junction of Lombard Street - Road closed to facilitate urban realm works.
2025-12-30T14:56:31.385218,TIMS-216408,Works,Moderate,[A400] HAMPSTEAD ROAD (NW1 ) (Camden),['inner ring'],[A400] Hampstead Road (Both directions) at the junction of Robert Street - Temporary traffic signals and lane restrictions are in place for HS2 works.
2025-12-30T14:56:31.385218,TIMS-218732,Planned events,Moderate,"[A4202] PARK LANE (W1J ,W1K ,W2 ) (Westminster)",['inner ring'],Winter Wonderland - Hyde Park - [A4202] Park Lane (All directions) at the junction of [A4202] Achilles Way - Winter Wonderland event has opened at 10:00
2025-12-30T14:56:31.385218,TIMS-204461,Works,Moderate,"[A3203] LAMBETH BRIDGE (SE1 ,SW1P ) (Lambeth,Westminster)",['southern river route'],[A3203] Lambeth Bridge (Eastbound) between [A3036] A 3036 and [A3212] Millbank - Lane restrictions are in place at either side of the bridge for junction improvement works.
2025-12-30T14:56:31.385218,TIMS-221134,Network delays,Moderate,"[A101] ROTHERHITHE TUNNEL (E1W ,SE16 ) (Southwark,Tower Hamlets)",['southern river route'],"[A101] Rotherhithe Tunnel (Both directions) between [A200] Jamaica Road and [A13] Commercial Road - The Tunnel may be subject to short, intermittent closures"
2025-12-30T14:56:31.385218,TIMS-220472,Hazards,Moderate,"[A4200] SOUTHAMPTON ROW (WC1A ,WC1B ,WC1N ,WC1V ) (Camden)",[],[A4200] Southampton Row (Both directions) between [A40] High Holborn and [A40] Vernon Place - The road is closed due to emergency UKPN works. Vernon Place westbound bus lane is also closed. 
2025-12-30T14:56:31.385218,TIMS-221957,Works,Minimal,[A3] WANDSWORTH HIGH STREET (SW18 ) (Wandsworth),['a205'],[A3] Wandsworth High Street (Both directions) between [A3] West Hill and [A3] East Hill - Road closures in place due to a burst water main. 
2025-12-30T14:56:31.385218,TIMS-221961,Network delays,Minimal,[A2204] FERRY APPROACH (SE18 ) (Greenwich),['a205'],[A2204] Ferry Approach (Both directions) at the junction of [A206] Woolwich Ferry Roundabout - The Woolwich Ferry is currently suspended
2025-12-30T14:56:31.385218,TIMS-222012,Works,Minimal,[A212] CATFORD HILL (SE6 ) (Lewisham),['a205'],[A212] Catford Hill (Both directions) at the junction of Beechfield Road - Two way temporary traffic lights in place to facilitate Thames Water works. 
2025-12-30T14:56:31.385218,TIMS-222025,Works,Minimal,[A22] GODSTONE ROAD (CR8 ) (Croydon),['a23'],"[A22] Godstone Road (Both directions) at the junction of Station Road - Two-way temporary signals in operation near Kenley station, due to burst water main repairs. "
2025-12-30T14:56:31.385218,TIMS-221773,Works,Minimal,"[A216] MITCHAM LANE (SW16 ) (Lambeth,Wandsworth)",['a23'],[A216] Mitcham Lane (Both directions) at the junction of Fernwood Avenue - Temporary signals in operation to facilitate repairs to a burst water main.
2025-12-30T14:56:31.385218,TIMS-222023,Works,Minimal,"[A40] WESTERN AVENUE (HA4 ,UB10 ) (Hillingdon)",['a40'],"[A40] Western Avenue (Westbound) at the junction of [A4180] West End Road - Lane one (of three) closure after the onslip from Polish War Memorial, due to urgent water main repairs. "
2025-12-30T14:56:31.385218,TIMS-210389,Works,Minimal,"[A40] WESTWAY (W10 ,W12 ) (Hammersmith & Fulham,Kensington & Chelsea)",['a40'],[A40] Westway (Eastbound) at the junction of [A3220] West Cross Route - The exit slip road to the Northern Roundabout is closed to facilitate repair works. 
2025-12-30T14:56:31.385218,TIMS-222029,Works,Minimal,"[A1203] THE HIGHWAY (E1 ,E1W ) (Tower Hamlets)",['city route'],"[A1203] The Highway (Westbound) at the junction of [A1202] Dock Street - Lane closure due to urgent UKPN cable repairs.
"
2025-12-30T14:56:31.385218,TIMS-219173,Works,Minimal,[A219] WOOD LANE (W12 ) (Hammersmith & Fulham),[],[A219] Wood Lane (Both directions) at the junction of [A40] Westway - Various carriageway and footway restrictions in place to facilitate Cycle Superhighway works.
2025-12-30T14:56:31.385218,TIMS-217012,Works,Minimal,[A206] WOOLWICH ROAD (SE7 ) (Greenwich),[],[A206] Woolwich Road (Both directions) between Anchor & Hope Lane and John Wilson Street. - Lane restrictions to facilitate the construction of a segregated cycle lane. 
2025-12-30T14:56:31.385218,TIMS-221963,Works,Minimal,JAIL LANE (TN16 ) (Bromley),[],Jail Lane (Both directions) at the junction of Old Tye Avenue - Road closed to facilitate Thames Water works. 
2025-12-30T14:56:31.385218,TIMS-213362,Works,Minimal,"[A107] MARE STREET (E8 ,E9 ) (Hackney)",[],"[A107] Mare Street (Both directions) between [A1207] Graham Road and [A107] Amhurst Road - Road is closed to facilitate urban realm works. Additionally, temporary signals are in place at the junction of Graham Road."
2025-12-30T14:56:31.385218,TIMS-220707,Planned events,Minimal,MILLENNIUM WAY (SE10 ) (Greenwich),[],Disney on Ice - The O2 - Millennium Way (All approaches) at the junction of Ordnance Crescent - Disney on Ice.
2025-12-30T14:56:31.385218,TIMS-220784,Works,Minimal,"[A1205] BURDETT ROAD (E1 ,E14 ,E3 ) (Tower Hamlets)",[],"[A1205] Burdett Road (Both directions) at the junction of [B140] St Pauls Way - Temporary traffic signals lane restrictions in use to facilitate Thames Water works. In addition, no access to St Paul's Way."
2025-12-30T14:56:31.385218,TIMS-212391,Works,Minimal,[A4020] UXBRIDGE ROAD (W12 ) (Hammersmith & Fulham),[],[A4020] Uxbridge Road (Both directions) at the junction of [A402] Shepherds Bush Green - Restrictions in place in various locations on Uxbridge Road and Shepherds Bush Green due to C34 cycle lane scheme works.
2025-12-30T14:56:31.385218,TIMS-221831,Works,Minimal,"PECKHAM RYE (SE15 ,SE22 ) (Southwark)",[],Peckham Rye (All directions) at the junction of [A2214] Nunhead Lane - Temporary traffic signals are in place to facilitate ermergency SGN works.
2025-12-30T14:56:31.385218,TIMS-222064,Works,Moderate,[A13] COMMERCIAL ROAD (E14 ) (Tower Hamlets),['a13'],"[A13] Commercial Road (Both directions) at the junction of [A13] East India Dock Road - Emergency gas works. These are the traffic restrictions. East India Dock Road, No right turn. West India Dock Road, all traffic to turn left onto Commercial Road. Burdett Road, southbound left only onto East India Dock Road. West India Dock Rd only left onto Commercial Road. Commercial Road Eastbound ahead and left turn only. East India Dock Rd westbound ahead and left turn only."
2025-12-30T14:56:31.385218,TIMS-221700,Works,Minimal,[A205] WALDRAM CRESCENT (SE23 ) (Lewisham),['a205'],[A205] Waldram Crescent (Both directions) at the junction of Stanstead Road - Contra-flow in operation to facilitate SGN works.
2025-12-30T14:56:31.385218,TIMS-221978,Works,Minimal,"[A3] BATTERSEA RISE (SW11 ,SW18 ) (Wandsworth)",['a205'],[A3] Battersea Rise (Both directions) at the junction of Bolingbroke Grove - There are 2-way temporary traffic lights at this location for Thames Water works. 
2025-12-30T14:56:31.385218,TIMS-209852,Works,Minimal,"[A3205] NINE ELMS LANE (SW11 ,SW8 ) (Lambeth,Wandsworth)","['a3', 'inner ring']",[A3205] Nine Elms Lane (Both directions) at the junction of Ponton Road - Lane closures in place to facilitate Urban Realm Works.
2025-12-30T14:56:31.385218,TIMS-220695,Works,Minimal,"[A41] FINCHLEY ROAD (NW3 ,NW6 ,NW8 ) (Camden)",['a41'],[A41] Finchley Road (Southbound) at the junction of [B511] College Crescent - Lanes one and two (of three) closed to facilitate emergency Thames Water works.
2025-12-30T14:56:31.385218,TIMS-221816,Works,Minimal,[A302] GROSVENOR GARDENS (SW1W ) (Westminster),['inner ring'],[A302] Grosvenor Gardens (Southbound) at the junction of [A302] Victoria Street - The right turn from Buckingham Palace Road into Grosvenor Gardens has been closed due to emergency repairs by Cadent Gas.
2025-12-30T14:56:31.385218,TIMS-221797,Planned events,Minimal,HORSE GUARDS AVENUE (SW1A ) (Westminster),[],Horse Guards Avenue (Both directions) between [A3211] Victoria Embankment and Whitehall Court - The road will be closed to facilitate the build for New Year's Eve celebrations. 
2025-12-30T14:56:31.385218,TIMS-222053,Planned events,Minimal,"[A4] TRAFALGAR SQUARE (SW1Y ,WC2N ) (Westminster)",[],[A4] Trafalgar Square (All approaches) at the junction of [A4] Charing Cross - An event is expected to take place from 12:00 at Trafalgar Square.
2025-12-30T14:56:31.385218,TIMS-215004,Works,Minimal,"DU CANE ROAD (W12 ,W3 ) (Hammersmith & Fulham)",[],Du Cane Road (Both directions) at the junction of Hilary Road - Two-way temporary traffic signals are in operation for bridge works.
2025-12-30T14:56:31.385218,TIMS-222027,Works,Minimal,"[B212] STRATHEDEN ROAD (SE3 ) (Greenwich,Lewisham)",[],Thames Water works - [B212] Stratheden Road (Both directions) at the junction of [A2] Shooters Hill Road - The road is closed due to Thames Water works. 
2025-12-30T14:56:31.385218,TIMS-218924,Works,Minimal,[A206] WOOLWICH CHURCH STREET (SE18 ) (Greenwich),[],[A206] Woolwich Church Street (Both directions) at the junction of [A206] Woolwich Ferry Roundabout - Various restrictions in place to facilitate cycle lane works.
2025-12-30T14:56:31.385218,TIMS-219993,Works,Minimal,[A200] LOWER ROAD (SE16 ) (Southwark),[],[A200] Lower Road (Both directions) at the junction of Gomm Road - Temporary traffic signals to be implemented to facilitate cable works. 
2025-12-30T14:56:31.385218,TIMS-221720,Works,Minimal,"[A112] PRINCE REGENT LANE (E13 ,E16 ) (Newham)",[],[A112] Prince Regent Lane (Northbound) at the junction of Churchill Road - Road closed northbound due to emergency Thames Water works.
2025-12-30T14:56:31.385218,TIMS-220134,Works,Minimal,"[A206] WOOLWICH CHURCH STREET (SE18 ,SE7 ) (Greenwich)",[],[A206] Woolwich Church Street (Westbound) at the junction of Warspite Road - Lane restriction due to ongoing cycle scheme works.
2025-12-30T14:56:31.385218,TIMS-222054,Works,Minimal,[A407] HIGH ROAD (NW10 ) (Brent),[],[A407] High Road (Both directions) at the junction of Bertie Road - Temporary traffic signals in operation to facilitate Cadent Gas works.
2025-12-30T14:56:31.385218,TIMS-221911,Works,Minimal,SELBORNE ROAD (E17 ) (Waltham Forest),[],Selborne Road (Both directions) at the junction of Vernon Road - Temporary traffic signals in operation to facilitate Thames Water works. 
2025-12-30T14:56:31.385218,TIMS-219885,Works,Minimal,"[A1205] BURDETT ROAD (E1 ,E3 ) (Tower Hamlets)",[],[A1205] Burdett Road (Both directions) at the junction of [A11] Mile End Road - Lane restrictions in place to facilitate Thames Water works.
2025-12-30T14:56:31.385218,TIMS-221083,Planned events,Minimal,"MARSHGATE LANE (E15 ,E20 ,E3 ) (Hackney,Newham,Tower Hamlets)",[],West Ham United vs Brighton and Hove Albion - London Stadium - Marshgate Lane (All approaches) at the junction of Siding Street - Premier League football match with a 19:30 kick off
2025-12-30T15:18:20.010268,TIMS-222050,Works,Serious,[A40] WESTERN AVENUE (W3 ) (Ealing),['a40'],[A40] Western Avenue (Eastbound) at the junction of Braid Avenue - Lane one (of two) closure to facilitate works. 
2025-12-30T15:18:20.010268,TIMS-206772,Works,Moderate,"[A12] EASTERN AVENUE EAST (RM2 ,RM3 ) (Havering)",['a12'],"Gallows Corner Flyover Refurbishment - [A12] Eastern Avenue East (All directions) at the junction of [A12] Colchester Road - Various restrictions, to facilitate the refurbishment of Gallows Corner Flyover. Full closure of the Flyover and the roundabout including all approaches in place."
2025-12-30T15:18:20.010268,TIMS-213893,Works,Moderate,"[A23] STREATHAM HILL (SW16 ,SW2 ) (Lambeth)",['a23'],"[A23] Streatham Hill (Both directions) between [A205] Christchurch Road and Leigham Court Road - Various restrictions for TfL works. Lane restrictions, in place over the course of the works. On 15/02/2026, 16/02/2026, 17/05/2026, 18/05/2026 there will be a full overnight closure. "
2025-12-30T15:18:20.010268,TIMS-200007,Works,Moderate,"KING WILLIAM STREET (EC3V,EC4N,EC4R) (City of London)",['bishopsgate cross route'],King William Street (Southbound) at the junction of Lombard Street - Road closed to facilitate urban realm works.
2025-12-30T15:18:20.010268,TIMS-218732,Planned events,Moderate,"[A4202] PARK LANE (W1J ,W1K ,W2 ) (Westminster)",['inner ring'],Winter Wonderland - Hyde Park - [A4202] Park Lane (All directions) at the junction of [A4202] Achilles Way - Winter Wonderland event has opened at 10:00
2025-12-30T15:18:20.010268,TIMS-216408,Works,Moderate,[A400] HAMPSTEAD ROAD (NW1 ) (Camden),['inner ring'],[A400] Hampstead Road (Both directions) at the junction of Robert Street - Temporary traffic signals and lane restrictions are in place for HS2 works.
2025-12-30T15:18:20.010268,TIMS-221134,Network delays,Moderate,"[A101] ROTHERHITHE TUNNEL (E1W ,SE16 ) (Southwark,Tower Hamlets)",['southern river route'],"[A101] Rotherhithe Tunnel (Both directions) between [A200] Jamaica Road and [A13] Commercial Road - The Tunnel may be subject to short, intermittent closures"
2025-12-30T15:18:20.010268,TIMS-204461,Works,Moderate,"[A3203] LAMBETH BRIDGE (SE1 ,SW1P ) (Lambeth,Westminster)",['southern river route'],[A3203] Lambeth Bridge (Eastbound) between [A3036] A 3036 and [A3212] Millbank - Lane restrictions are in place at either side of the bridge for junction improvement works.
2025-12-30T15:18:20.010268,TIMS-220472,Hazards,Moderate,"[A4200] SOUTHAMPTON ROW (WC1A ,WC1B ,WC1N ,WC1V ) (Camden)",[],[A4200] Southampton Row (Both directions) between [A40] High Holborn and [A40] Vernon Place - The road is closed due to emergency UKPN works. Vernon Place westbound bus lane is also closed. 
2025-12-30T15:18:20.010268,TIMS-222067,Collisions,Moderate,"[A217] ST DUNSTANS HILL (SM1 ,SM3 ) (Sutton)",['a24'],[A217] St Dunstans Hill (Both directions) at the junction of Lumley Road - Road is closed due to a road traffic collision
2025-12-30T15:18:20.010268,TIMS-222066,Works,Moderate,HAYES ROAD (UB2 ) (Hounslow),[],Hayes Road (Both directions) at the junction of Bullsbridge Industrial Estate - Lane closures are in place to facilitate emergency Affinity Water works.
2025-12-30T15:18:20.010268,TIMS-222012,Works,Minimal,[A212] CATFORD HILL (SE6 ) (Lewisham),['a205'],[A212] Catford Hill (Both directions) at the junction of Beechfield Road - Two way temporary traffic lights in place to facilitate Thames Water works. 
2025-12-30T15:18:20.010268,TIMS-221961,Network delays,Minimal,[A2204] FERRY APPROACH (SE18 ) (Greenwich),['a205'],[A2204] Ferry Approach (Both directions) at the junction of [A206] Woolwich Ferry Roundabout - The Woolwich Ferry is currently suspended
2025-12-30T15:18:20.010268,TIMS-221957,Works,Minimal,[A3] WANDSWORTH HIGH STREET (SW18 ) (Wandsworth),['a205'],[A3] Wandsworth High Street (Both directions) between [A3] West Hill and [A3] East Hill - Road closures in place due to a burst water main. 
2025-12-30T15:18:20.010268,TIMS-222025,Works,Minimal,[A22] GODSTONE ROAD (CR8 ) (Croydon),['a23'],"[A22] Godstone Road (Both directions) at the junction of Station Road - Two-way temporary signals in operation near Kenley station, due to burst water main repairs. "
2025-12-30T15:18:20.010268,TIMS-221773,Works,Minimal,"[A216] MITCHAM LANE (SW16 ) (Lambeth,Wandsworth)",['a23'],[A216] Mitcham Lane (Both directions) at the junction of Fernwood Avenue - Temporary signals in operation to facilitate repairs to a burst water main.
2025-12-30T15:18:20.010268,TIMS-210389,Works,Minimal,"[A40] WESTWAY (W10 ,W12 ) (Hammersmith & Fulham,Kensington & Chelsea)",['a40'],[A40] Westway (Eastbound) at the junction of [A3220] West Cross Route - The exit slip road to the Northern Roundabout is closed to facilitate repair works. 
2025-12-30T15:18:20.010268,TIMS-222023,Works,Minimal,"[A40] WESTERN AVENUE (HA4 ,UB10 ) (Hillingdon)",['a40'],"[A40] Western Avenue (Westbound) at the junction of [A4180] West End Road - Lane one (of three) closure after the onslip from Polish War Memorial, due to urgent water main repairs. "
2025-12-30T15:18:20.010268,TIMS-222029,Works,Minimal,"[A1203] THE HIGHWAY (E1 ,E1W ) (Tower Hamlets)",['city route'],"[A1203] The Highway (Westbound) at the junction of [A1202] Dock Street - Lane closure due to urgent UKPN cable repairs.
"
2025-12-30T15:18:20.010268,TIMS-217012,Works,Minimal,[A206] WOOLWICH ROAD (SE7 ) (Greenwich),[],[A206] Woolwich Road (Both directions) between Anchor & Hope Lane and John Wilson Street. - Lane restrictions to facilitate the construction of a segregated cycle lane. 
2025-12-30T15:18:20.010268,TIMS-221963,Works,Minimal,JAIL LANE (TN16 ) (Bromley),[],Jail Lane (Both directions) at the junction of Old Tye Avenue - Road closed to facilitate Thames Water works. 
2025-12-30T15:18:20.010268,TIMS-221831,Works,Minimal,"PECKHAM RYE (SE15 ,SE22 ) (Southwark)",[],Peckham Rye (All directions) at the junction of [A2214] Nunhead Lane - Temporary traffic signals are in place to facilitate ermergency SGN works.
2025-12-30T15:18:20.010268,TIMS-213362,Works,Minimal,"[A107] MARE STREET (E8 ,E9 ) (Hackney)",[],"[A107] Mare Street (Both directions) between [A1207] Graham Road and [A107] Amhurst Road - Road is closed to facilitate urban realm works. Additionally, temporary signals are in place at the junction of Graham Road."
2025-12-30T15:18:20.010268,TIMS-212391,Works,Minimal,[A4020] UXBRIDGE ROAD (W12 ) (Hammersmith & Fulham),[],[A4020] Uxbridge Road (Both directions) at the junction of [A402] Shepherds Bush Green - Restrictions in place in various locations on Uxbridge Road and Shepherds Bush Green due to C34 cycle lane scheme works.
2025-12-30T15:18:20.010268,TIMS-219173,Works,Minimal,[A219] WOOD LANE (W12 ) (Hammersmith & Fulham),[],[A219] Wood Lane (Both directions) at the junction of [A40] Westway - Various carriageway and footway restrictions in place to facilitate Cycle Superhighway works.
2025-12-30T15:18:20.010268,TIMS-220784,Works,Minimal,"[A1205] BURDETT ROAD (E1 ,E14 ,E3 ) (Tower Hamlets)",[],"[A1205] Burdett Road (Both directions) at the junction of [B140] St Pauls Way - Temporary traffic signals lane restrictions in use to facilitate Thames Water works. In addition, no access to St Paul's Way."
2025-12-30T15:18:20.010268,TIMS-220707,Planned events,Minimal,MILLENNIUM WAY (SE10 ) (Greenwich),[],Disney on Ice - The O2 - Millennium Way (All approaches) at the junction of Ordnance Crescent - Disney on Ice.
2025-12-30T15:18:20.010268,TIMS-222064,Works,Moderate,[A13] COMMERCIAL ROAD (E14 ) (Tower Hamlets),['a13'],"[A13] Commercial Road (Both directions) at the junction of [A13] East India Dock Road - Emergency gas works. These are the traffic restrictions. East India Dock Road, No right turn. West India Dock Road, all traffic to turn left onto Commercial Road. Burdett Road, southbound left only onto East India Dock Road. West India Dock Rd only left onto Commercial Road. Commercial Road Eastbound ahead and left turn only. East India Dock Rd westbound ahead and left turn only."
2025-12-30T15:18:20.010268,TIMS-221978,Works,Minimal,"[A3] BATTERSEA RISE (SW11 ,SW18 ) (Wandsworth)",['a205'],[A3] Battersea Rise (Both directions) at the junction of Bolingbroke Grove - There are 2-way temporary traffic lights at this location for Thames Water works. 
2025-12-30T15:18:20.010268,TIMS-221700,Works,Minimal,[A205] WALDRAM CRESCENT (SE23 ) (Lewisham),['a205'],[A205] Waldram Crescent (Both directions) at the junction of Stanstead Road - Contra-flow in operation to facilitate SGN works.
2025-12-30T15:18:20.010268,TIMS-209852,Works,Minimal,"[A3205] NINE ELMS LANE (SW11 ,SW8 ) (Lambeth,Wandsworth)","['a3', 'inner ring']",[A3205] Nine Elms Lane (Both directions) at the junction of Ponton Road - Lane closures in place to facilitate Urban Realm Works.
2025-12-30T15:18:20.010268,TIMS-220695,Works,Minimal,"[A41] FINCHLEY ROAD (NW3 ,NW6 ,NW8 ) (Camden)",['a41'],[A41] Finchley Road (Southbound) at the junction of [B511] College Crescent - Lanes one and two (of three) closed to facilitate emergency Thames Water works.
2025-12-30T15:18:20.010268,TIMS-221816,Works,Minimal,[A302] GROSVENOR GARDENS (SW1W ) (Westminster),['inner ring'],[A302] Grosvenor Gardens (Southbound) at the junction of [A302] Victoria Street - The right turn from Buckingham Palace Road into Grosvenor Gardens has been closed due to emergency repairs by Cadent Gas.
2025-12-30T15:18:20.010268,TIMS-222053,Planned events,Minimal,"[A4] TRAFALGAR SQUARE (SW1Y ,WC2N ) (Westminster)",[],[A4] Trafalgar Square (All approaches) at the junction of [A4] Charing Cross - An event is expected to take place from 12:00 at Trafalgar Square.
2025-12-30T15:18:20.010268,TIMS-222054,Works,Minimal,[A407] HIGH ROAD (NW10 ) (Brent),[],[A407] High Road (Both directions) at the junction of Bertie Road - Temporary traffic signals in operation to facilitate Cadent Gas works.
2025-12-30T15:18:20.010268,TIMS-222027,Works,Minimal,"[B212] STRATHEDEN ROAD (SE3 ) (Greenwich,Lewisham)",[],Thames Water works - [B212] Stratheden Road (Both directions) at the junction of [A2] Shooters Hill Road - The road is closed due to Thames Water works. 
2025-12-30T15:18:20.010268,TIMS-215004,Works,Minimal,"DU CANE ROAD (W12 ,W3 ) (Hammersmith & Fulham)",[],Du Cane Road (Both directions) at the junction of Hilary Road - Two-way temporary traffic signals are in operation for bridge works.
2025-12-30T15:18:20.010268,TIMS-218924,Works,Minimal,[A206] WOOLWICH CHURCH STREET (SE18 ) (Greenwich),[],[A206] Woolwich Church Street (Both directions) at the junction of [A206] Woolwich Ferry Roundabout - Various restrictions in place to facilitate cycle lane works.
2025-12-30T15:18:20.010268,TIMS-221911,Works,Minimal,SELBORNE ROAD (E17 ) (Waltham Forest),[],Selborne Road (Both directions) at the junction of Vernon Road - Temporary traffic signals in operation to facilitate Thames Water works. 
2025-12-30T15:18:20.010268,TIMS-221797,Planned events,Minimal,HORSE GUARDS AVENUE (SW1A ) (Westminster),[],Horse Guards Avenue (Both directions) between [A3211] Victoria Embankment and Whitehall Court - The road will be closed to facilitate the build for New Year's Eve celebrations. 
2025-12-30T15:18:20.010268,TIMS-221720,Works,Minimal,"[A112] PRINCE REGENT LANE (E13 ,E16 ) (Newham)",[],[A112] Prince Regent Lane (Northbound) at the junction of Churchill Road - Road closed northbound due to emergency Thames Water works.
2025-12-30T15:18:20.010268,TIMS-221083,Planned events,Minimal,"MARSHGATE LANE (E15 ,E20 ,E3 ) (Hackney,Newham,Tower Hamlets)",[],West Ham United vs Brighton and Hove Albion - London Stadium - Marshgate Lane (All approaches) at the junction of Siding Street - Premier League football match with a 19:30 kick off
2025-12-30T15:18:20.010268,TIMS-219885,Works,Minimal,"[A1205] BURDETT ROAD (E1 ,E3 ) (Tower Hamlets)",[],[A1205] Burdett Road (Both directions) at the junction of [A11] Mile End Road - Lane restrictions in place to facilitate Thames Water works.
2025-12-30T15:18:20.010268,TIMS-219993,Works,Minimal,[A200] LOWER ROAD (SE16 ) (Southwark),[],[A200] Lower Road (Both directions) at the junction of Gomm Road - Temporary traffic signals to be implemented to facilitate cable works. 
2025-12-30T15:18:20.010268,TIMS-220134,Works,Minimal,"[A206] WOOLWICH CHURCH STREET (SE18 ,SE7 ) (Greenwich)",[],[A206] Woolwich Church Street (Westbound) at the junction of Warspite Road - Lane restriction due to ongoing cycle scheme works.
2025-12-30T15:39:30.677753,TIMS-222050,Works,Serious,[A40] WESTERN AVENUE (W3 ) (Ealing),['a40'],[A40] Western Avenue (Eastbound) at the junction of Braid Avenue - Lane one (of two) closure to facilitate works. 
2025-12-30T15:39:30.677753,TIMS-206772,Works,Moderate,"[A12] EASTERN AVENUE EAST (RM2 ,RM3 ) (Havering)",['a12'],"Gallows Corner Flyover Refurbishment - [A12] Eastern Avenue East (All directions) at the junction of [A12] Colchester Road - Various restrictions, to facilitate the refurbishment of Gallows Corner Flyover. Full closure of the Flyover and the roundabout including all approaches in place."
2025-12-30T15:39:30.677753,TIMS-213893,Works,Moderate,"[A23] STREATHAM HILL (SW16 ,SW2 ) (Lambeth)",['a23'],"[A23] Streatham Hill (Both directions) between [A205] Christchurch Road and Leigham Court Road - Various restrictions for TfL works. Lane restrictions, in place over the course of the works. On 15/02/2026, 16/02/2026, 17/05/2026, 18/05/2026 there will be a full overnight closure. "
2025-12-30T15:39:30.677753,TIMS-200007,Works,Moderate,"KING WILLIAM STREET (EC3V,EC4N,EC4R) (City of London)",['bishopsgate cross route'],King William Street (Southbound) at the junction of Lombard Street - Road closed to facilitate urban realm works.
2025-12-30T15:39:30.677753,TIMS-218732,Planned events,Moderate,"[A4202] PARK LANE (W1J ,W1K ,W2 ) (Westminster)",['inner ring'],Winter Wonderland - Hyde Park - [A4202] Park Lane (All directions) at the junction of [A4202] Achilles Way - Winter Wonderland event has opened at 10:00
2025-12-30T15:39:30.677753,TIMS-216408,Works,Moderate,[A400] HAMPSTEAD ROAD (NW1 ) (Camden),['inner ring'],[A400] Hampstead Road (Both directions) at the junction of Robert Street - Temporary traffic signals and lane restrictions are in place for HS2 works.
2025-12-30T15:39:30.677753,TIMS-204461,Works,Moderate,"[A3203] LAMBETH BRIDGE (SE1 ,SW1P ) (Lambeth,Westminster)",['southern river route'],[A3203] Lambeth Bridge (Eastbound) between [A3036] A 3036 and [A3212] Millbank - Lane restrictions are in place at either side of the bridge for junction improvement works.
2025-12-30T15:39:30.677753,TIMS-221134,Network delays,Moderate,"[A101] ROTHERHITHE TUNNEL (E1W ,SE16 ) (Southwark,Tower Hamlets)",['southern river route'],"[A101] Rotherhithe Tunnel (Both directions) between [A200] Jamaica Road and [A13] Commercial Road - The Tunnel may be subject to short, intermittent closures"
2025-12-30T15:39:30.677753,TIMS-220472,Hazards,Moderate,"[A4200] SOUTHAMPTON ROW (WC1A ,WC1B ,WC1N ,WC1V ) (Camden)",[],[A4200] Southampton Row (Both directions) between [A40] High Holborn and [A40] Vernon Place - The road is closed due to emergency UKPN works. Vernon Place westbound bus lane is also closed. 
2025-12-30T15:39:30.677753,TIMS-222067,Collisions,Moderate,"[A217] ST DUNSTANS HILL (SM1 ,SM3 ) (Sutton)",['a24'],[A217] St Dunstans Hill (Both directions) at the junction of Lumley Road - Road is closed due to a road traffic collision
2025-12-30T15:39:30.677753,TIMS-222069,Collisions,Moderate,"[A4] GREAT WEST ROAD (TW4 ,TW5 ) (Hounslow)",['a4'],[A4] Great West Road (Eastbound) at the junction of Springwell Road - Lane one (of two) blocked due to a collision.
2025-12-30T15:39:30.677753,TIMS-222066,Works,Moderate,HAYES ROAD (UB2 ) (Hounslow),[],Hayes Road (Both directions) at the junction of Bullsbridge Industrial Estate - Lane closures are in place to facilitate emergency Affinity Water works.
2025-12-30T15:39:30.677753,TIMS-221957,Works,Minimal,[A3] WANDSWORTH HIGH STREET (SW18 ) (Wandsworth),['a205'],[A3] Wandsworth High Street (Both directions) between [A3] West Hill and [A3] East Hill - Road closures in place due to a burst water main. 
2025-12-30T15:39:30.677753,TIMS-222012,Works,Minimal,[A212] CATFORD HILL (SE6 ) (Lewisham),['a205'],[A212] Catford Hill (Both directions) at the junction of Beechfield Road - Two way temporary traffic lights in place to facilitate Thames Water works. 
2025-12-30T15:39:30.677753,TIMS-221961,Network delays,Minimal,[A2204] FERRY APPROACH (SE18 ) (Greenwich),['a205'],[A2204] Ferry Approach (Both directions) at the junction of [A206] Woolwich Ferry Roundabout - The Woolwich Ferry is currently suspended
2025-12-30T15:39:30.677753,TIMS-221773,Works,Minimal,"[A216] MITCHAM LANE (SW16 ) (Lambeth,Wandsworth)",['a23'],[A216] Mitcham Lane (Both directions) at the junction of Fernwood Avenue - Temporary signals in operation to facilitate repairs to a burst water main.
2025-12-30T15:39:30.677753,TIMS-222025,Works,Minimal,[A22] GODSTONE ROAD (CR8 ) (Croydon),['a23'],"[A22] Godstone Road (Both directions) at the junction of Station Road - Two-way temporary signals in operation near Kenley station, due to burst water main repairs. "
2025-12-30T15:39:30.677753,TIMS-210389,Works,Minimal,"[A40] WESTWAY (W10 ,W12 ) (Hammersmith & Fulham,Kensington & Chelsea)",['a40'],[A40] Westway (Eastbound) at the junction of [A3220] West Cross Route - The exit slip road to the Northern Roundabout is closed to facilitate repair works. 
2025-12-30T15:39:30.677753,TIMS-222023,Works,Minimal,"[A40] WESTERN AVENUE (HA4 ,UB10 ) (Hillingdon)",['a40'],"[A40] Western Avenue (Westbound) at the junction of [A4180] West End Road - Lane one (of three) closure after the onslip from Polish War Memorial, due to urgent water main repairs. "
2025-12-30T15:39:30.677753,TIMS-222029,Works,Minimal,"[A1203] THE HIGHWAY (E1 ,E1W ) (Tower Hamlets)",['city route'],"[A1203] The Highway (Westbound) at the junction of [A1202] Dock Street - Lane closure due to urgent UKPN cable repairs.
"
2025-12-30T15:39:30.677753,TIMS-217012,Works,Minimal,[A206] WOOLWICH ROAD (SE7 ) (Greenwich),[],[A206] Woolwich Road (Both directions) between Anchor & Hope Lane and John Wilson Street. - Lane restrictions to facilitate the construction of a segregated cycle lane. 
2025-12-30T15:39:30.677753,TIMS-221963,Works,Minimal,JAIL LANE (TN16 ) (Bromley),[],Jail Lane (Both directions) at the junction of Old Tye Avenue - Road closed to facilitate Thames Water works. 
2025-12-30T15:39:30.677753,TIMS-220784,Works,Minimal,"[A1205] BURDETT ROAD (E1 ,E14 ,E3 ) (Tower Hamlets)",[],"[A1205] Burdett Road (Both directions) at the junction of [B140] St Pauls Way - Temporary traffic signals lane restrictions in use to facilitate Thames Water works. In addition, no access to St Paul's Way."
2025-12-30T15:39:30.677753,TIMS-220707,Planned events,Minimal,MILLENNIUM WAY (SE10 ) (Greenwich),[],Disney on Ice - The O2 - Millennium Way (All approaches) at the junction of Ordnance Crescent - Disney on Ice.
2025-12-30T15:39:30.677753,TIMS-213362,Works,Minimal,"[A107] MARE STREET (E8 ,E9 ) (Hackney)",[],"[A107] Mare Street (Both directions) between [A1207] Graham Road and [A107] Amhurst Road - Road is closed to facilitate urban realm works. Additionally, temporary signals are in place at the junction of Graham Road."
2025-12-30T15:39:30.677753,TIMS-219173,Works,Minimal,[A219] WOOD LANE (W12 ) (Hammersmith & Fulham),[],[A219] Wood Lane (Both directions) at the junction of [A40] Westway - Various carriageway and footway restrictions in place to facilitate Cycle Superhighway works.
2025-12-30T15:39:30.677753,TIMS-212391,Works,Minimal,[A4020] UXBRIDGE ROAD (W12 ) (Hammersmith & Fulham),[],[A4020] Uxbridge Road (Both directions) at the junction of [A402] Shepherds Bush Green - Restrictions in place in various locations on Uxbridge Road and Shepherds Bush Green due to C34 cycle lane scheme works.
2025-12-30T15:39:30.677753,TIMS-221831,Works,Minimal,"PECKHAM RYE (SE15 ,SE22 ) (Southwark)",[],Peckham Rye (All directions) at the junction of [A2214] Nunhead Lane - Temporary traffic signals are in place to facilitate ermergency SGN works.
2025-12-30T15:39:30.677753,TIMS-222068,Breakdowns,Moderate,[A1261] ASPEN WAY (E14 ) (Tower Hamlets),['a13'],[A1261] Aspen Way (Eastbound) at the junction of Upper Bank Street - Lane one of three closed due to a broken down car.
2025-12-30T15:39:30.677753,TIMS-222064,Works,Moderate,[A13] COMMERCIAL ROAD (E14 ) (Tower Hamlets),['a13'],"[A13] Commercial Road (Both directions) at the junction of [A13] East India Dock Road - Emergency gas works. These are the traffic restrictions. East India Dock Road, No right turn. West India Dock Road, all traffic to turn left onto Commercial Road. Burdett Road, southbound left only onto East India Dock Road. West India Dock Rd only left onto Commercial Road. Commercial Road Eastbound ahead and left turn only. East India Dock Rd westbound ahead and left turn only."
2025-12-30T15:39:30.677753,TIMS-221978,Works,Minimal,"[A3] BATTERSEA RISE (SW11 ,SW18 ) (Wandsworth)",['a205'],[A3] Battersea Rise (Both directions) at the junction of Bolingbroke Grove - There are 2-way temporary traffic lights at this location for Thames Water works. 
2025-12-30T15:39:30.677753,TIMS-221700,Works,Minimal,[A205] WALDRAM CRESCENT (SE23 ) (Lewisham),['a205'],[A205] Waldram Crescent (Both directions) at the junction of Stanstead Road - Contra-flow in operation to facilitate SGN works.
2025-12-30T15:39:30.677753,TIMS-209852,Works,Minimal,"[A3205] NINE ELMS LANE (SW11 ,SW8 ) (Lambeth,Wandsworth)","['a3', 'inner ring']",[A3205] Nine Elms Lane (Both directions) at the junction of Ponton Road - Lane closures in place to facilitate Urban Realm Works.
2025-12-30T15:39:30.677753,TIMS-220695,Works,Minimal,"[A41] FINCHLEY ROAD (NW3 ,NW6 ,NW8 ) (Camden)",['a41'],[A41] Finchley Road (Southbound) at the junction of [B511] College Crescent - Lanes one and two (of three) closed to facilitate emergency Thames Water works.
2025-12-30T15:39:30.677753,TIMS-221816,Works,Minimal,[A302] GROSVENOR GARDENS (SW1W ) (Westminster),['inner ring'],[A302] Grosvenor Gardens (Southbound) at the junction of [A302] Victoria Street - The right turn from Buckingham Palace Road into Grosvenor Gardens has been closed due to emergency repairs by Cadent Gas.
2025-12-30T15:39:30.677753,TIMS-221797,Planned events,Minimal,HORSE GUARDS AVENUE (SW1A ) (Westminster),[],Horse Guards Avenue (Both directions) between [A3211] Victoria Embankment and Whitehall Court - The road will be closed to facilitate the build for New Year's Eve celebrations. 
2025-12-30T15:39:30.677753,TIMS-221720,Works,Minimal,"[A112] PRINCE REGENT LANE (E13 ,E16 ) (Newham)",[],[A112] Prince Regent Lane (Northbound) at the junction of Churchill Road - Road closed northbound due to emergency Thames Water works.
2025-12-30T15:39:30.677753,TIMS-221083,Planned events,Minimal,"MARSHGATE LANE (E15 ,E20 ,E3 ) (Hackney,Newham,Tower Hamlets)",[],West Ham United vs Brighton and Hove Albion - London Stadium - Marshgate Lane (All approaches) at the junction of Siding Street - Premier League football match with a 19:30 kick off
2025-12-30T15:39:30.677753,TIMS-222027,Works,Minimal,"[B212] STRATHEDEN ROAD (SE3 ) (Greenwich,Lewisham)",[],Thames Water works - [B212] Stratheden Road (Both directions) at the junction of [A2] Shooters Hill Road - The road is closed due to Thames Water works. 
2025-12-30T15:39:30.677753,TIMS-220134,Works,Minimal,"[A206] WOOLWICH CHURCH STREET (SE18 ,SE7 ) (Greenwich)",[],[A206] Woolwich Church Street (Westbound) at the junction of Warspite Road - Lane restriction due to ongoing cycle scheme works.
2025-12-30T15:39:30.677753,TIMS-219993,Works,Minimal,[A200] LOWER ROAD (SE16 ) (Southwark),[],[A200] Lower Road (Both directions) at the junction of Gomm Road - Temporary traffic signals to be implemented to facilitate cable works. 
2025-12-30T15:39:30.677753,TIMS-222053,Planned events,Minimal,"[A4] TRAFALGAR SQUARE (SW1Y ,WC2N ) (Westminster)",[],[A4] Trafalgar Square (All approaches) at the junction of [A4] Charing Cross - An event is expected to take place from 12:00 at Trafalgar Square.
2025-12-30T15:39:30.677753,TIMS-222054,Works,Minimal,[A407] HIGH ROAD (NW10 ) (Brent),[],[A407] High Road (Both directions) at the junction of Bertie Road - Temporary traffic signals in operation to facilitate Cadent Gas works.
2025-12-30T15:39:30.677753,TIMS-219885,Works,Minimal,"[A1205] BURDETT ROAD (E1 ,E3 ) (Tower Hamlets)",[],[A1205] Burdett Road (Both directions) at the junction of [A11] Mile End Road - Lane restrictions in place to facilitate Thames Water works.
2025-12-30T15:39:30.677753,TIMS-218924,Works,Minimal,[A206] WOOLWICH CHURCH STREET (SE18 ) (Greenwich),[],[A206] Woolwich Church Street (Both directions) at the junction of [A206] Woolwich Ferry Roundabout - Various restrictions in place to facilitate cycle lane works.
2025-12-30T15:39:30.677753,TIMS-221911,Works,Minimal,SELBORNE ROAD (E17 ) (Waltham Forest),[],Selborne Road (Both directions) at the junction of Vernon Road - Temporary traffic signals in operation to facilitate Thames Water works. 
2025-12-30T15:39:30.677753,TIMS-215004,Works,Minimal,"DU CANE ROAD (W12 ,W3 ) (Hammersmith & Fulham)",[],Du Cane Road (Both directions) at the junction of Hilary Road - Two-way temporary traffic signals are in operation for bridge works.
2025-12-30T15:51:52.664305,TIMS-222050,Works,Serious,[A40] WESTERN AVENUE (W3 ) (Ealing),['a40'],[A40] Western Avenue (Eastbound) at the junction of Braid Avenue - Lane one (of two) closure to facilitate works. 
2025-12-30T15:51:52.664305,TIMS-206772,Works,Moderate,"[A12] EASTERN AVENUE EAST (RM2 ,RM3 ) (Havering)",['a12'],"Gallows Corner Flyover Refurbishment - [A12] Eastern Avenue East (All directions) at the junction of [A12] Colchester Road - Various restrictions, to facilitate the refurbishment of Gallows Corner Flyover. Full closure of the Flyover and the roundabout including all approaches in place."
2025-12-30T15:51:52.664305,TIMS-213893,Works,Moderate,"[A23] STREATHAM HILL (SW16 ,SW2 ) (Lambeth)",['a23'],"[A23] Streatham Hill (Both directions) between [A205] Christchurch Road and Leigham Court Road - Various restrictions for TfL works. Lane restrictions, in place over the course of the works. On 15/02/2026, 16/02/2026, 17/05/2026, 18/05/2026 there will be a full overnight closure. "
2025-12-30T15:51:52.664305,TIMS-200007,Works,Moderate,"KING WILLIAM STREET (EC3V,EC4N,EC4R) (City of London)",['bishopsgate cross route'],King William Street (Southbound) at the junction of Lombard Street - Road closed to facilitate urban realm works.
2025-12-30T15:51:52.664305,TIMS-218732,Planned events,Moderate,"[A4202] PARK LANE (W1J ,W1K ,W2 ) (Westminster)",['inner ring'],Winter Wonderland - Hyde Park - [A4202] Park Lane (All directions) at the junction of [A4202] Achilles Way - Winter Wonderland event has opened at 10:00
2025-12-30T15:51:52.664305,TIMS-216408,Works,Moderate,[A400] HAMPSTEAD ROAD (NW1 ) (Camden),['inner ring'],[A400] Hampstead Road (Both directions) at the junction of Robert Street - Temporary traffic signals and lane restrictions are in place for HS2 works.
2025-12-30T15:51:52.664305,TIMS-204461,Works,Moderate,"[A3203] LAMBETH BRIDGE (SE1 ,SW1P ) (Lambeth,Westminster)",['southern river route'],[A3203] Lambeth Bridge (Eastbound) between [A3036] A 3036 and [A3212] Millbank - Lane restrictions are in place at either side of the bridge for junction improvement works.
2025-12-30T15:51:52.664305,TIMS-221134,Network delays,Moderate,"[A101] ROTHERHITHE TUNNEL (E1W ,SE16 ) (Southwark,Tower Hamlets)",['southern river route'],"[A101] Rotherhithe Tunnel (Both directions) between [A200] Jamaica Road and [A13] Commercial Road - The Tunnel may be subject to short, intermittent closures"
2025-12-30T15:51:52.664305,TIMS-220472,Hazards,Moderate,"[A4200] SOUTHAMPTON ROW (WC1A ,WC1B ,WC1N ,WC1V ) (Camden)",[],[A4200] Southampton Row (Both directions) between [A40] High Holborn and [A40] Vernon Place - The road is closed due to emergency UKPN works. Vernon Place westbound bus lane is also closed. 
2025-12-30T15:51:52.664305,TIMS-222067,Collisions,Moderate,"[A217] ST DUNSTANS HILL (SM1 ,SM3 ) (Sutton)",['a24'],[A217] St Dunstans Hill (Both directions) at the junction of Lumley Road - Road is closed due to a road traffic collision
2025-12-30T15:51:52.664305,TIMS-222069,Collisions,Moderate,"[A4] GREAT WEST ROAD (TW4 ,TW5 ) (Hounslow)",['a4'],[A4] Great West Road (Eastbound) at the junction of Springwell Road - Lane one (of two) blocked due to a collision.
2025-12-30T15:51:52.664305,TIMS-222066,Works,Moderate,HAYES ROAD (UB2 ) (Hounslow),[],Hayes Road (Both directions) at the junction of Bullsbridge Industrial Estate - Lane closures are in place to facilitate emergency Affinity Water works.
2025-12-30T15:51:52.664305,TIMS-221957,Works,Minimal,[A3] WANDSWORTH HIGH STREET (SW18 ) (Wandsworth),['a205'],[A3] Wandsworth High Street (Both directions) between [A3] West Hill and [A3] East Hill - Road closures in place due to a burst water main. 
2025-12-30T15:51:52.664305,TIMS-222012,Works,Minimal,[A212] CATFORD HILL (SE6 ) (Lewisham),['a205'],[A212] Catford Hill (Both directions) at the junction of Beechfield Road - Two way temporary traffic lights in place to facilitate Thames Water works. 
2025-12-30T15:51:52.664305,TIMS-221961,Network delays,Minimal,[A2204] FERRY APPROACH (SE18 ) (Greenwich),['a205'],[A2204] Ferry Approach (Both directions) at the junction of [A206] Woolwich Ferry Roundabout - The Woolwich Ferry is currently suspended
2025-12-30T15:51:52.664305,TIMS-221773,Works,Minimal,"[A216] MITCHAM LANE (SW16 ) (Lambeth,Wandsworth)",['a23'],[A216] Mitcham Lane (Both directions) at the junction of Fernwood Avenue - Temporary signals in operation to facilitate repairs to a burst water main.
2025-12-30T15:51:52.664305,TIMS-222025,Works,Minimal,[A22] GODSTONE ROAD (CR8 ) (Croydon),['a23'],"[A22] Godstone Road (Both directions) at the junction of Station Road - Two-way temporary signals in operation near Kenley station, due to burst water main repairs. "
2025-12-30T15:51:52.664305,TIMS-210389,Works,Minimal,"[A40] WESTWAY (W10 ,W12 ) (Hammersmith & Fulham,Kensington & Chelsea)",['a40'],[A40] Westway (Eastbound) at the junction of [A3220] West Cross Route - The exit slip road to the Northern Roundabout is closed to facilitate repair works. 
2025-12-30T15:51:52.664305,TIMS-222023,Works,Minimal,"[A40] WESTERN AVENUE (HA4 ,UB10 ) (Hillingdon)",['a40'],"[A40] Western Avenue (Westbound) at the junction of [A4180] West End Road - Lane one (of three) closure after the onslip from Polish War Memorial, due to urgent water main repairs. "
2025-12-30T15:51:52.664305,TIMS-222029,Works,Minimal,"[A1203] THE HIGHWAY (E1 ,E1W ) (Tower Hamlets)",['city route'],"[A1203] The Highway (Westbound) at the junction of [A1202] Dock Street - Lane closure due to urgent UKPN cable repairs.
"
2025-12-30T15:51:52.664305,TIMS-217012,Works,Minimal,[A206] WOOLWICH ROAD (SE7 ) (Greenwich),[],[A206] Woolwich Road (Both directions) between Anchor & Hope Lane and John Wilson Street. - Lane restrictions to facilitate the construction of a segregated cycle lane. 
2025-12-30T15:51:52.664305,TIMS-221963,Works,Minimal,JAIL LANE (TN16 ) (Bromley),[],Jail Lane (Both directions) at the junction of Old Tye Avenue - Road closed to facilitate Thames Water works. 
2025-12-30T15:51:52.664305,TIMS-220784,Works,Minimal,"[A1205] BURDETT ROAD (E1 ,E14 ,E3 ) (Tower Hamlets)",[],"[A1205] Burdett Road (Both directions) at the junction of [B140] St Pauls Way - Temporary traffic signals lane restrictions in use to facilitate Thames Water works. In addition, no access to St Paul's Way."
2025-12-30T15:51:52.664305,TIMS-220707,Planned events,Minimal,MILLENNIUM WAY (SE10 ) (Greenwich),[],Disney on Ice - The O2 - Millennium Way (All approaches) at the junction of Ordnance Crescent - Disney on Ice.
2025-12-30T15:51:52.664305,TIMS-213362,Works,Minimal,"[A107] MARE STREET (E8 ,E9 ) (Hackney)",[],"[A107] Mare Street (Both directions) between [A1207] Graham Road and [A107] Amhurst Road - Road is closed to facilitate urban realm works. Additionally, temporary signals are in place at the junction of Graham Road."
2025-12-30T15:51:52.664305,TIMS-219173,Works,Minimal,[A219] WOOD LANE (W12 ) (Hammersmith & Fulham),[],[A219] Wood Lane (Both directions) at the junction of [A40] Westway - Various carriageway and footway restrictions in place to facilitate Cycle Superhighway works.
2025-12-30T15:51:52.664305,TIMS-212391,Works,Minimal,[A4020] UXBRIDGE ROAD (W12 ) (Hammersmith & Fulham),[],[A4020] Uxbridge Road (Both directions) at the junction of [A402] Shepherds Bush Green - Restrictions in place in various locations on Uxbridge Road and Shepherds Bush Green due to C34 cycle lane scheme works.
2025-12-30T15:51:52.664305,TIMS-221831,Works,Minimal,"PECKHAM RYE (SE15 ,SE22 ) (Southwark)",[],Peckham Rye (All directions) at the junction of [A2214] Nunhead Lane - Temporary traffic signals are in place to facilitate ermergency SGN works.
2025-12-30T15:51:52.664305,TIMS-222068,Breakdowns,Moderate,[A1261] ASPEN WAY (E14 ) (Tower Hamlets),['a13'],[A1261] Aspen Way (Eastbound) at the junction of Upper Bank Street - Lane one of three closed due to a broken down car.
2025-12-30T15:51:52.664305,TIMS-222064,Works,Moderate,[A13] COMMERCIAL ROAD (E14 ) (Tower Hamlets),['a13'],"[A13] Commercial Road (Both directions) at the junction of [A13] East India Dock Road - Emergency gas works. These are the traffic restrictions. East India Dock Road, No right turn. West India Dock Road, all traffic to turn left onto Commercial Road. Burdett Road, southbound left only onto East India Dock Road. West India Dock Rd only left onto Commercial Road. Commercial Road Eastbound ahead and left turn only. East India Dock Rd westbound ahead and left turn only."
2025-12-30T15:51:52.664305,TIMS-221978,Works,Minimal,"[A3] BATTERSEA RISE (SW11 ,SW18 ) (Wandsworth)",['a205'],[A3] Battersea Rise (Both directions) at the junction of Bolingbroke Grove - There are 2-way temporary traffic lights at this location for Thames Water works. 
2025-12-30T15:51:52.664305,TIMS-221700,Works,Minimal,[A205] WALDRAM CRESCENT (SE23 ) (Lewisham),['a205'],[A205] Waldram Crescent (Both directions) at the junction of Stanstead Road - Contra-flow in operation to facilitate SGN works.
2025-12-30T15:51:52.664305,TIMS-209852,Works,Minimal,"[A3205] NINE ELMS LANE (SW11 ,SW8 ) (Lambeth,Wandsworth)","['a3', 'inner ring']",[A3205] Nine Elms Lane (Both directions) at the junction of Ponton Road - Lane closures in place to facilitate Urban Realm Works.
2025-12-30T15:51:52.664305,TIMS-220695,Works,Minimal,"[A41] FINCHLEY ROAD (NW3 ,NW6 ,NW8 ) (Camden)",['a41'],[A41] Finchley Road (Southbound) at the junction of [B511] College Crescent - Lanes one and two (of three) closed to facilitate emergency Thames Water works.
2025-12-30T15:51:52.664305,TIMS-221816,Works,Minimal,[A302] GROSVENOR GARDENS (SW1W ) (Westminster),['inner ring'],[A302] Grosvenor Gardens (Southbound) at the junction of [A302] Victoria Street - The right turn from Buckingham Palace Road into Grosvenor Gardens has been closed due to emergency repairs by Cadent Gas.
2025-12-30T15:51:52.664305,TIMS-221797,Planned events,Minimal,HORSE GUARDS AVENUE (SW1A ) (Westminster),[],Horse Guards Avenue (Both directions) between [A3211] Victoria Embankment and Whitehall Court - The road will be closed to facilitate the build for New Year's Eve celebrations. 
2025-12-30T15:51:52.664305,TIMS-221720,Works,Minimal,"[A112] PRINCE REGENT LANE (E13 ,E16 ) (Newham)",[],[A112] Prince Regent Lane (Northbound) at the junction of Churchill Road - Road closed northbound due to emergency Thames Water works.
2025-12-30T15:51:52.664305,TIMS-221083,Planned events,Minimal,"MARSHGATE LANE (E15 ,E20 ,E3 ) (Hackney,Newham,Tower Hamlets)",[],West Ham United vs Brighton and Hove Albion - London Stadium - Marshgate Lane (All approaches) at the junction of Siding Street - Premier League football match with a 19:30 kick off
2025-12-30T15:51:52.664305,TIMS-222027,Works,Minimal,"[B212] STRATHEDEN ROAD (SE3 ) (Greenwich,Lewisham)",[],Thames Water works - [B212] Stratheden Road (Both directions) at the junction of [A2] Shooters Hill Road - The road is closed due to Thames Water works. 
2025-12-30T15:51:52.664305,TIMS-220134,Works,Minimal,"[A206] WOOLWICH CHURCH STREET (SE18 ,SE7 ) (Greenwich)",[],[A206] Woolwich Church Street (Westbound) at the junction of Warspite Road - Lane restriction due to ongoing cycle scheme works.
2025-12-30T15:51:52.664305,TIMS-219993,Works,Minimal,[A200] LOWER ROAD (SE16 ) (Southwark),[],[A200] Lower Road (Both directions) at the junction of Gomm Road - Temporary traffic signals to be implemented to facilitate cable works. 
2025-12-30T15:51:52.664305,TIMS-222053,Planned events,Minimal,"[A4] TRAFALGAR SQUARE (SW1Y ,WC2N ) (Westminster)",[],[A4] Trafalgar Square (All approaches) at the junction of [A4] Charing Cross - An event is expected to take place from 12:00 at Trafalgar Square.
2025-12-30T15:51:52.664305,TIMS-222054,Works,Minimal,[A407] HIGH ROAD (NW10 ) (Brent),[],[A407] High Road (Both directions) at the junction of Bertie Road - Temporary traffic signals in operation to facilitate Cadent Gas works.
2025-12-30T15:51:52.664305,TIMS-219885,Works,Minimal,"[A1205] BURDETT ROAD (E1 ,E3 ) (Tower Hamlets)",[],[A1205] Burdett Road (Both directions) at the junction of [A11] Mile End Road - Lane restrictions in place to facilitate Thames Water works.
2025-12-30T15:51:52.664305,TIMS-218924,Works,Minimal,[A206] WOOLWICH CHURCH STREET (SE18 ) (Greenwich),[],[A206] Woolwich Church Street (Both directions) at the junction of [A206] Woolwich Ferry Roundabout - Various restrictions in place to facilitate cycle lane works.
2025-12-30T15:51:52.664305,TIMS-221911,Works,Minimal,SELBORNE ROAD (E17 ) (Waltham Forest),[],Selborne Road (Both directions) at the junction of Vernon Road - Temporary traffic signals in operation to facilitate Thames Water works. 
2025-12-30T15:51:52.664305,TIMS-215004,Works,Minimal,"DU CANE ROAD (W12 ,W3 ) (Hammersmith & Fulham)",[],Du Cane Road (Both directions) at the junction of Hilary Road - Two-way temporary traffic signals are in operation for bridge works.
2025-12-30T16:18:33.574211,TIMS-222050,Works,Serious,[A40] WESTERN AVENUE (W3 ) (Ealing),['a40'],[A40] Western Avenue (Eastbound) at the junction of Braid Avenue - Lane one (of two) closure to facilitate works. 
2025-12-30T16:18:33.574211,TIMS-218732,Planned events,Serious,"[A4202] PARK LANE (W1J ,W1K ,W2 ) (Westminster)",['inner ring'],Winter Wonderland - Hyde Park - [A4202] Park Lane (All directions) at the junction of [A4202] Achilles Way - Winter Wonderland event has opened at 10:00
2025-12-30T16:18:33.574211,TIMS-206772,Works,Moderate,"[A12] EASTERN AVENUE EAST (RM2 ,RM3 ) (Havering)",['a12'],"Gallows Corner Flyover Refurbishment - [A12] Eastern Avenue East (All directions) at the junction of [A12] Colchester Road - Various restrictions, to facilitate the refurbishment of Gallows Corner Flyover. Full closure of the Flyover and the roundabout including all approaches in place."
2025-12-30T16:18:33.574211,TIMS-213893,Works,Moderate,"[A23] STREATHAM HILL (SW16 ,SW2 ) (Lambeth)",['a23'],"[A23] Streatham Hill (Both directions) between [A205] Christchurch Road and Leigham Court Road - Various restrictions for TfL works. Lane restrictions, in place over the course of the works. On 15/02/2026, 16/02/2026, 17/05/2026, 18/05/2026 there will be a full overnight closure. "
2025-12-30T16:18:33.574211,TIMS-200007,Works,Moderate,"KING WILLIAM STREET (EC3V,EC4N,EC4R) (City of London)",['bishopsgate cross route'],King William Street (Southbound) at the junction of Lombard Street - Road closed to facilitate urban realm works.
2025-12-30T16:18:33.574211,TIMS-216408,Works,Moderate,[A400] HAMPSTEAD ROAD (NW1 ) (Camden),['inner ring'],[A400] Hampstead Road (Both directions) at the junction of Robert Street - Temporary traffic signals and lane restrictions are in place for HS2 works.
2025-12-30T16:18:33.574211,TIMS-221134,Network delays,Moderate,"[A101] ROTHERHITHE TUNNEL (E1W ,SE16 ) (Southwark,Tower Hamlets)",['southern river route'],"[A101] Rotherhithe Tunnel (Both directions) between [A200] Jamaica Road and [A13] Commercial Road - The Tunnel may be subject to short, intermittent closures"
2025-12-30T16:18:33.574211,TIMS-204461,Works,Moderate,"[A3203] LAMBETH BRIDGE (SE1 ,SW1P ) (Lambeth,Westminster)",['southern river route'],[A3203] Lambeth Bridge (Eastbound) between [A3036] A 3036 and [A3212] Millbank - Lane restrictions are in place at either side of the bridge for junction improvement works.
2025-12-30T16:18:33.574211,TIMS-220472,Hazards,Moderate,"[A4200] SOUTHAMPTON ROW (WC1A ,WC1B ,WC1N ,WC1V ) (Camden)",[],[A4200] Southampton Row (Both directions) between [A40] High Holborn and [A40] Vernon Place - The road is closed due to emergency UKPN works. Vernon Place westbound bus lane is also closed. 
2025-12-30T16:18:33.574211,TIMS-222067,Collisions,Moderate,"[A217] ST DUNSTANS HILL (SM1 ,SM3 ) (Sutton)",['a24'],[A217] St Dunstans Hill (Both directions) at the junction of Lumley Road - Road is closed due to a road traffic collision
2025-12-30T16:18:33.574211,TIMS-222066,Works,Moderate,HAYES ROAD (UB2 ) (Hounslow),[],Hayes Road (Both directions) at the junction of Bullsbridge Industrial Estate - Lane closures are in place to facilitate emergency Affinity Water works.
2025-12-30T16:18:33.574211,TIMS-222012,Works,Minimal,[A212] CATFORD HILL (SE6 ) (Lewisham),['a205'],[A212] Catford Hill (Both directions) at the junction of Beechfield Road - Two way temporary traffic lights in place to facilitate Thames Water works. 
2025-12-30T16:18:33.574211,TIMS-221961,Network delays,Minimal,[A2204] FERRY APPROACH (SE18 ) (Greenwich),['a205'],[A2204] Ferry Approach (Both directions) at the junction of [A206] Woolwich Ferry Roundabout - The Woolwich Ferry is currently suspended
2025-12-30T16:18:33.574211,TIMS-221957,Works,Minimal,[A3] WANDSWORTH HIGH STREET (SW18 ) (Wandsworth),['a205'],[A3] Wandsworth High Street (Both directions) between [A3] West Hill and [A3] East Hill - Road closures in place due to a burst water main. 
2025-12-30T16:18:33.574211,TIMS-222070,Collisions,Minimal,[A23] LONDON ROAD (CR7 ) (Croydon),['a23'],[A23] London Road (Southbound) at the junction of Malvern Road - Bus lane is obstructed by a road traffic collision
2025-12-30T16:18:33.574211,TIMS-222025,Works,Minimal,[A22] GODSTONE ROAD (CR8 ) (Croydon),['a23'],"[A22] Godstone Road (Both directions) at the junction of Station Road - Two-way temporary signals in operation near Kenley station, due to burst water main repairs. "
2025-12-30T16:18:33.574211,TIMS-221773,Works,Minimal,"[A216] MITCHAM LANE (SW16 ) (Lambeth,Wandsworth)",['a23'],[A216] Mitcham Lane (Both directions) at the junction of Fernwood Avenue - Temporary signals in operation to facilitate repairs to a burst water main.
2025-12-30T16:18:33.574211,TIMS-210389,Works,Minimal,"[A40] WESTWAY (W10 ,W12 ) (Hammersmith & Fulham,Kensington & Chelsea)",['a40'],[A40] Westway (Eastbound) at the junction of [A3220] West Cross Route - The exit slip road to the Northern Roundabout is closed to facilitate repair works. 
2025-12-30T16:18:33.574211,TIMS-222023,Works,Minimal,"[A40] WESTERN AVENUE (HA4 ,UB10 ) (Hillingdon)",['a40'],"[A40] Western Avenue (Westbound) at the junction of [A4180] West End Road - Lane one (of three) closure after the onslip from Polish War Memorial, due to urgent water main repairs. "
2025-12-30T16:18:33.574211,TIMS-222029,Works,Minimal,"[A1203] THE HIGHWAY (E1 ,E1W ) (Tower Hamlets)",['city route'],"[A1203] The Highway (Westbound) at the junction of [A1202] Dock Street - Lane closure due to urgent UKPN cable repairs.
"
2025-12-30T16:18:33.574211,TIMS-221963,Works,Minimal,JAIL LANE (TN16 ) (Bromley),[],Jail Lane (Both directions) at the junction of Old Tye Avenue - Road closed to facilitate Thames Water works. 
2025-12-30T16:18:33.574211,TIMS-221831,Works,Minimal,"PECKHAM RYE (SE15 ,SE22 ) (Southwark)",[],Peckham Rye (All directions) at the junction of [A2214] Nunhead Lane - Temporary traffic signals are in place to facilitate ermergency SGN works.
2025-12-30T16:18:33.574211,TIMS-213362,Works,Minimal,"[A107] MARE STREET (E8 ,E9 ) (Hackney)",[],"[A107] Mare Street (Both directions) between [A1207] Graham Road and [A107] Amhurst Road - Road is closed to facilitate urban realm works. Additionally, temporary signals are in place at the junction of Graham Road."
2025-12-30T16:18:33.574211,TIMS-212391,Works,Minimal,[A4020] UXBRIDGE ROAD (W12 ) (Hammersmith & Fulham),[],[A4020] Uxbridge Road (Both directions) at the junction of [A402] Shepherds Bush Green - Restrictions in place in various locations on Uxbridge Road and Shepherds Bush Green due to C34 cycle lane scheme works.
2025-12-30T16:18:33.574211,TIMS-220784,Works,Minimal,"[A1205] BURDETT ROAD (E1 ,E14 ,E3 ) (Tower Hamlets)",[],"[A1205] Burdett Road (Both directions) at the junction of [B140] St Pauls Way - Temporary traffic signals lane restrictions in use to facilitate Thames Water works. In addition, no access to St Paul's Way."
2025-12-30T16:18:33.574211,TIMS-217012,Works,Minimal,[A206] WOOLWICH ROAD (SE7 ) (Greenwich),[],[A206] Woolwich Road (Both directions) between Anchor & Hope Lane and John Wilson Street. - Lane restrictions to facilitate the construction of a segregated cycle lane. 
2025-12-30T16:18:33.574211,TIMS-220707,Planned events,Minimal,MILLENNIUM WAY (SE10 ) (Greenwich),[],Disney on Ice - The O2 - Millennium Way (All approaches) at the junction of Ordnance Crescent - Disney on Ice.
2025-12-30T16:18:33.574211,TIMS-219173,Works,Minimal,[A219] WOOD LANE (W12 ) (Hammersmith & Fulham),[],[A219] Wood Lane (Both directions) at the junction of [A40] Westway - Various carriageway and footway restrictions in place to facilitate Cycle Superhighway works.
2025-12-30T16:18:33.574211,TIMS-222068,Breakdowns,Moderate,[A1261] ASPEN WAY (E14 ) (Tower Hamlets),['a13'],[A1261] Aspen Way (Eastbound) at the junction of Upper Bank Street - Lane one of three closed due to a broken down car.
2025-12-30T16:18:33.574211,TIMS-222064,Works,Moderate,[A13] COMMERCIAL ROAD (E14 ) (Tower Hamlets),['a13'],"[A13] Commercial Road (Both directions) at the junction of [A13] East India Dock Road - Emergency gas works. These are the traffic restrictions. East India Dock Road, No right turn. West India Dock Road, all traffic to turn left onto Commercial Road. Burdett Road, southbound left only onto East India Dock Road. West India Dock Rd only left onto Commercial Road. Commercial Road Eastbound ahead and left turn only. East India Dock Rd westbound ahead and left turn only."
2025-12-30T16:18:33.574211,TIMS-221978,Works,Minimal,"[A3] BATTERSEA RISE (SW11 ,SW18 ) (Wandsworth)",['a205'],[A3] Battersea Rise (Both directions) at the junction of Bolingbroke Grove - There are 2-way temporary traffic lights at this location for Thames Water works. 
2025-12-30T16:18:33.574211,TIMS-221700,Works,Minimal,[A205] WALDRAM CRESCENT (SE23 ) (Lewisham),['a205'],[A205] Waldram Crescent (Both directions) at the junction of Stanstead Road - Contra-flow in operation to facilitate SGN works.
2025-12-30T16:18:33.574211,TIMS-209852,Works,Minimal,"[A3205] NINE ELMS LANE (SW11 ,SW8 ) (Lambeth,Wandsworth)","['a3', 'inner ring']",[A3205] Nine Elms Lane (Both directions) at the junction of Ponton Road - Lane closures in place to facilitate Urban Realm Works.
2025-12-30T16:18:33.574211,TIMS-220695,Works,Minimal,"[A41] FINCHLEY ROAD (NW3 ,NW6 ,NW8 ) (Camden)",['a41'],[A41] Finchley Road (Southbound) at the junction of [B511] College Crescent - Lanes one and two (of three) closed to facilitate emergency Thames Water works.
2025-12-30T16:18:33.574211,TIMS-221816,Works,Minimal,[A302] GROSVENOR GARDENS (SW1W ) (Westminster),['inner ring'],[A302] Grosvenor Gardens (Southbound) at the junction of [A302] Victoria Street - The right turn from Buckingham Palace Road into Grosvenor Gardens has been closed due to emergency repairs by Cadent Gas.
2025-12-30T16:18:33.574211,TIMS-221720,Works,Minimal,"[A112] PRINCE REGENT LANE (E13 ,E16 ) (Newham)",[],[A112] Prince Regent Lane (Northbound) at the junction of Churchill Road - Road closed northbound due to emergency Thames Water works.
2025-12-30T16:18:33.574211,TIMS-215004,Works,Minimal,"DU CANE ROAD (W12 ,W3 ) (Hammersmith & Fulham)",[],Du Cane Road (Both directions) at the junction of Hilary Road - Two-way temporary traffic signals are in operation for bridge works.
2025-12-30T16:18:33.574211,TIMS-222054,Works,Minimal,[A407] HIGH ROAD (NW10 ) (Brent),[],[A407] High Road (Both directions) at the junction of Bertie Road - Temporary traffic signals in operation to facilitate Cadent Gas works.
2025-12-30T16:18:33.574211,TIMS-219993,Works,Minimal,[A200] LOWER ROAD (SE16 ) (Southwark),[],[A200] Lower Road (Both directions) at the junction of Gomm Road - Temporary traffic signals to be implemented to facilitate cable works. 
2025-12-30T16:18:33.574211,TIMS-222027,Works,Minimal,"[B212] STRATHEDEN ROAD (SE3 ) (Greenwich,Lewisham)",[],Thames Water works - [B212] Stratheden Road (Both directions) at the junction of [A2] Shooters Hill Road - The road is closed due to Thames Water works. 
2025-12-30T16:18:33.574211,TIMS-219885,Works,Minimal,"[A1205] BURDETT ROAD (E1 ,E3 ) (Tower Hamlets)",[],[A1205] Burdett Road (Both directions) at the junction of [A11] Mile End Road - Lane restrictions in place to facilitate Thames Water works.
2025-12-30T16:18:33.574211,TIMS-220134,Works,Minimal,"[A206] WOOLWICH CHURCH STREET (SE18 ,SE7 ) (Greenwich)",[],[A206] Woolwich Church Street (Westbound) at the junction of Warspite Road - Lane restriction due to ongoing cycle scheme works.
2025-12-30T16:18:33.574211,TIMS-221911,Works,Minimal,SELBORNE ROAD (E17 ) (Waltham Forest),[],Selborne Road (Both directions) at the junction of Vernon Road - Temporary traffic signals in operation to facilitate Thames Water works. 
2025-12-30T16:18:33.574211,TIMS-221083,Planned events,Minimal,"MARSHGATE LANE (E15 ,E20 ,E3 ) (Hackney,Newham,Tower Hamlets)",[],West Ham United vs Brighton and Hove Albion - London Stadium - Marshgate Lane (All approaches) at the junction of Siding Street - Premier League football match with a 19:30 kick off
2025-12-30T16:18:33.574211,TIMS-218924,Works,Minimal,[A206] WOOLWICH CHURCH STREET (SE18 ) (Greenwich),[],[A206] Woolwich Church Street (Both directions) at the junction of [A206] Woolwich Ferry Roundabout - Various restrictions in place to facilitate cycle lane works.
2025-12-30T16:18:33.574211,TIMS-221797,Planned events,Minimal,HORSE GUARDS AVENUE (SW1A ) (Westminster),[],Horse Guards Avenue (Both directions) between [A3211] Victoria Embankment and Whitehall Court - The road will be closed to facilitate the build for New Year's Eve celebrations. 
2025-12-30T16:46:21.712021,TIMS-222050,Works,Serious,[A40] WESTERN AVENUE (W3 ) (Ealing),['a40'],[A40] Western Avenue (Eastbound) at the junction of Braid Avenue - Lane one (of two) closure to facilitate works. 
2025-12-30T16:46:21.712021,TIMS-218732,Planned events,Serious,"[A4202] PARK LANE (W1J ,W1K ,W2 ) (Westminster)",['inner ring'],Winter Wonderland - Hyde Park - [A4202] Park Lane (All directions) at the junction of [A4202] Achilles Way - Winter Wonderland event has opened at 10:00
2025-12-30T16:46:21.712021,TIMS-206772,Works,Moderate,"[A12] EASTERN AVENUE EAST (RM2 ,RM3 ) (Havering)",['a12'],"Gallows Corner Flyover Refurbishment - [A12] Eastern Avenue East (All directions) at the junction of [A12] Colchester Road - Various restrictions, to facilitate the refurbishment of Gallows Corner Flyover. Full closure of the Flyover and the roundabout including all approaches in place."
2025-12-30T16:46:21.712021,TIMS-213893,Works,Moderate,"[A23] STREATHAM HILL (SW16 ,SW2 ) (Lambeth)",['a23'],"[A23] Streatham Hill (Both directions) between [A205] Christchurch Road and Leigham Court Road - Various restrictions for TfL works. Lane restrictions, in place over the course of the works. On 15/02/2026, 16/02/2026, 17/05/2026, 18/05/2026 there will be a full overnight closure. "
2025-12-30T16:46:21.712021,TIMS-200007,Works,Moderate,"KING WILLIAM STREET (EC3V,EC4N,EC4R) (City of London)",['bishopsgate cross route'],King William Street (Southbound) at the junction of Lombard Street - Road closed to facilitate urban realm works.
2025-12-30T16:46:21.712021,TIMS-216408,Works,Moderate,[A400] HAMPSTEAD ROAD (NW1 ) (Camden),['inner ring'],[A400] Hampstead Road (Both directions) at the junction of Robert Street - Temporary traffic signals and lane restrictions are in place for HS2 works.
2025-12-30T16:46:21.712021,TIMS-221134,Network delays,Moderate,"[A101] ROTHERHITHE TUNNEL (E1W ,SE16 ) (Southwark,Tower Hamlets)",['southern river route'],"[A101] Rotherhithe Tunnel (Both directions) between [A200] Jamaica Road and [A13] Commercial Road - The Tunnel may be subject to short, intermittent closures"
2025-12-30T16:46:21.712021,TIMS-204461,Works,Moderate,"[A3203] LAMBETH BRIDGE (SE1 ,SW1P ) (Lambeth,Westminster)",['southern river route'],[A3203] Lambeth Bridge (Eastbound) between [A3036] A 3036 and [A3212] Millbank - Lane restrictions are in place at either side of the bridge for junction improvement works.
2025-12-30T16:46:21.712021,TIMS-220472,Hazards,Moderate,"[A4200] SOUTHAMPTON ROW (WC1A ,WC1B ,WC1N ,WC1V ) (Camden)",[],[A4200] Southampton Row (Both directions) between [A40] High Holborn and [A40] Vernon Place - The road is closed due to emergency UKPN works. Vernon Place westbound bus lane is also closed. 
2025-12-30T16:46:21.712021,TIMS-222067,Collisions,Moderate,"[A217] ST DUNSTANS HILL (SM1 ,SM3 ) (Sutton)",['a24'],[A217] St Dunstans Hill (Both directions) at the junction of Lumley Road - Road is closed southbound due to a road traffic collision
2025-12-30T16:46:21.712021,TIMS-222066,Works,Moderate,HAYES ROAD (UB2 ) (Hounslow),[],Hayes Road (Both directions) at the junction of Bullsbridge Industrial Estate - Lane closures are in place to facilitate emergency Affinity Water works.
2025-12-30T16:46:21.712021,TIMS-222012,Works,Minimal,[A212] CATFORD HILL (SE6 ) (Lewisham),['a205'],[A212] Catford Hill (Both directions) at the junction of Beechfield Road - Two way temporary traffic lights in place to facilitate Thames Water works. 
2025-12-30T16:46:21.712021,TIMS-221961,Network delays,Minimal,[A2204] FERRY APPROACH (SE18 ) (Greenwich),['a205'],[A2204] Ferry Approach (Both directions) at the junction of [A206] Woolwich Ferry Roundabout - The Woolwich Ferry is currently suspended
2025-12-30T16:46:21.712021,TIMS-221957,Works,Minimal,[A3] WANDSWORTH HIGH STREET (SW18 ) (Wandsworth),['a205'],[A3] Wandsworth High Street (Both directions) between [A3] West Hill and [A3] East Hill - Road closures in place due to a burst water main. 
2025-12-30T16:46:21.712021,TIMS-221773,Works,Minimal,"[A216] MITCHAM LANE (SW16 ) (Lambeth,Wandsworth)",['a23'],[A216] Mitcham Lane (Both directions) at the junction of Fernwood Avenue - Temporary signals in operation to facilitate repairs to a burst water main.
2025-12-30T16:46:21.712021,TIMS-222025,Works,Minimal,[A22] GODSTONE ROAD (CR8 ) (Croydon),['a23'],"[A22] Godstone Road (Both directions) at the junction of Station Road - Two-way temporary signals in operation near Kenley station, due to burst water main repairs. "
2025-12-30T16:46:21.712021,TIMS-222070,Collisions,Minimal,[A23] LONDON ROAD (CR7 ) (Croydon),['a23'],[A23] London Road (Southbound) at the junction of Malvern Road - Bus lane is obstructed by a road traffic collision
2025-12-30T16:46:21.712021,TIMS-210389,Works,Minimal,"[A40] WESTWAY (W10 ,W12 ) (Hammersmith & Fulham,Kensington & Chelsea)",['a40'],[A40] Westway (Eastbound) at the junction of [A3220] West Cross Route - The exit slip road to the Northern Roundabout is closed to facilitate repair works. 
2025-12-30T16:46:21.712021,TIMS-222023,Works,Minimal,"[A40] WESTERN AVENUE (HA4 ,UB10 ) (Hillingdon)",['a40'],"[A40] Western Avenue (Westbound) at the junction of [A4180] West End Road - Lane one (of three) closure after the onslip from Polish War Memorial, due to urgent water main repairs. "
2025-12-30T16:46:21.712021,TIMS-222029,Works,Minimal,"[A1203] THE HIGHWAY (E1 ,E1W ) (Tower Hamlets)",['city route'],"[A1203] The Highway (Westbound) at the junction of [A1202] Dock Street - Lane closure due to urgent UKPN cable repairs.
"
2025-12-30T16:46:21.712021,TIMS-212391,Works,Minimal,[A4020] UXBRIDGE ROAD (W12 ) (Hammersmith & Fulham),[],[A4020] Uxbridge Road (Both directions) at the junction of [A402] Shepherds Bush Green - Restrictions in place in various locations on Uxbridge Road and Shepherds Bush Green due to C34 cycle lane scheme works.
2025-12-30T16:46:21.712021,TIMS-220707,Planned events,Minimal,MILLENNIUM WAY (SE10 ) (Greenwich),[],Disney on Ice - The O2 - Millennium Way (All approaches) at the junction of Ordnance Crescent - Disney on Ice.
2025-12-30T16:46:21.712021,TIMS-220784,Works,Minimal,"[A1205] BURDETT ROAD (E1 ,E14 ,E3 ) (Tower Hamlets)",[],"[A1205] Burdett Road (Both directions) at the junction of [B140] St Pauls Way - Temporary traffic signals lane restrictions in use to facilitate Thames Water works. In addition, no access to St Paul's Way."
2025-12-30T16:46:21.712021,TIMS-220848,Planned events,Minimal,"[A304] FULHAM ROAD (SW10 ,SW6 ) (Hammersmith & Fulham,Kensington & Chelsea)",[],Chelsea vs. AFC Bournemouth - Stamford Bridge - [A304] Fulham Road (All approaches) at the junction of Britannia Road - Chelsea vs. AFC Bournemouth. 19:30 kick off. 
2025-12-30T16:46:21.712021,TIMS-221963,Works,Minimal,JAIL LANE (TN16 ) (Bromley),[],Jail Lane (Both directions) at the junction of Old Tye Avenue - Road closed to facilitate Thames Water works. 
2025-12-30T16:46:21.712021,TIMS-219173,Works,Minimal,[A219] WOOD LANE (W12 ) (Hammersmith & Fulham),[],[A219] Wood Lane (Both directions) at the junction of [A40] Westway - Various carriageway and footway restrictions in place to facilitate Cycle Superhighway works.
2025-12-30T16:46:21.712021,TIMS-217012,Works,Minimal,[A206] WOOLWICH ROAD (SE7 ) (Greenwich),[],[A206] Woolwich Road (Both directions) between Anchor & Hope Lane and John Wilson Street. - Lane restrictions to facilitate the construction of a segregated cycle lane. 
2025-12-30T16:46:21.712021,TIMS-213362,Works,Minimal,"[A107] MARE STREET (E8 ,E9 ) (Hackney)",[],"[A107] Mare Street (Both directions) between [A1207] Graham Road and [A107] Amhurst Road - Road is closed to facilitate urban realm works. Additionally, temporary signals are in place at the junction of Graham Road."
2025-12-30T16:46:21.712021,TIMS-221831,Works,Minimal,"PECKHAM RYE (SE15 ,SE22 ) (Southwark)",[],Peckham Rye (All directions) at the junction of [A2214] Nunhead Lane - Temporary traffic signals are in place to facilitate ermergency SGN works.
2025-12-30T16:46:21.712021,TIMS-222064,Works,Moderate,[A13] COMMERCIAL ROAD (E14 ) (Tower Hamlets),['a13'],"[A13] Commercial Road (Both directions) at the junction of [A13] East India Dock Road - Emergency gas works. These are the traffic restrictions. East India Dock Road, No right turn. West India Dock Road, all traffic to turn left onto Commercial Road. Burdett Road, southbound left only onto East India Dock Road. West India Dock Rd only left onto Commercial Road. Commercial Road Eastbound ahead and left turn only. East India Dock Rd westbound ahead and left turn only."
2025-12-30T16:46:21.712021,TIMS-222068,Breakdowns,Moderate,[A1261] ASPEN WAY (E14 ) (Tower Hamlets),['a13'],[A1261] Aspen Way (Eastbound) at the junction of Upper Bank Street - Lane one of three closed due to a broken down car.
2025-12-30T16:46:21.712021,TIMS-221700,Works,Minimal,[A205] WALDRAM CRESCENT (SE23 ) (Lewisham),['a205'],[A205] Waldram Crescent (Both directions) at the junction of Stanstead Road - Contra-flow in operation to facilitate SGN works.
2025-12-30T16:46:21.712021,TIMS-221978,Works,Minimal,"[A3] BATTERSEA RISE (SW11 ,SW18 ) (Wandsworth)",['a205'],[A3] Battersea Rise (Both directions) at the junction of Bolingbroke Grove - There are 2-way temporary traffic lights at this location for Thames Water works. 
2025-12-30T16:46:21.712021,TIMS-209852,Works,Minimal,"[A3205] NINE ELMS LANE (SW11 ,SW8 ) (Lambeth,Wandsworth)","['a3', 'inner ring']",[A3205] Nine Elms Lane (Both directions) at the junction of Ponton Road - Lane closures in place to facilitate Urban Realm Works.
2025-12-30T16:46:21.712021,TIMS-220695,Works,Minimal,"[A41] FINCHLEY ROAD (NW3 ,NW6 ,NW8 ) (Camden)",['a41'],[A41] Finchley Road (Southbound) at the junction of [B511] College Crescent - Lanes one and two (of three) closed to facilitate emergency Thames Water works.
2025-12-30T16:46:21.712021,TIMS-221816,Works,Minimal,[A302] GROSVENOR GARDENS (SW1W ) (Westminster),['inner ring'],[A302] Grosvenor Gardens (Southbound) at the junction of [A302] Victoria Street - The right turn from Buckingham Palace Road into Grosvenor Gardens has been closed due to emergency repairs by Cadent Gas.
2025-12-30T16:46:21.712021,TIMS-222054,Works,Minimal,[A407] HIGH ROAD (NW10 ) (Brent),[],[A407] High Road (Both directions) at the junction of Bertie Road - Temporary traffic signals in operation to facilitate Cadent Gas works.
2025-12-30T16:46:21.712021,TIMS-215004,Works,Minimal,"DU CANE ROAD (W12 ,W3 ) (Hammersmith & Fulham)",[],Du Cane Road (Both directions) at the junction of Hilary Road - Two-way temporary traffic signals are in operation for bridge works.
2025-12-30T16:46:21.712021,TIMS-219885,Works,Minimal,"[A1205] BURDETT ROAD (E1 ,E3 ) (Tower Hamlets)",[],[A1205] Burdett Road (Both directions) at the junction of [A11] Mile End Road - Lane restrictions in place to facilitate Thames Water works.
2025-12-30T16:46:21.712021,TIMS-218924,Works,Minimal,[A206] WOOLWICH CHURCH STREET (SE18 ) (Greenwich),[],[A206] Woolwich Church Street (Both directions) at the junction of [A206] Woolwich Ferry Roundabout - Various restrictions in place to facilitate cycle lane works.
2025-12-30T16:46:21.712021,TIMS-220134,Works,Minimal,"[A206] WOOLWICH CHURCH STREET (SE18 ,SE7 ) (Greenwich)",[],[A206] Woolwich Church Street (Westbound) at the junction of Warspite Road - Lane restriction due to ongoing cycle scheme works.
2025-12-30T16:46:21.712021,TIMS-221911,Works,Minimal,SELBORNE ROAD (E17 ) (Waltham Forest),[],Selborne Road (Both directions) at the junction of Vernon Road - Temporary traffic signals in operation to facilitate Thames Water works. 
2025-12-30T16:46:21.712021,TIMS-221797,Planned events,Minimal,HORSE GUARDS AVENUE (SW1A ) (Westminster),[],Horse Guards Avenue (Both directions) between [A3211] Victoria Embankment and Whitehall Court - The road will be closed to facilitate the build for New Year's Eve celebrations. 
2025-12-30T16:46:21.712021,TIMS-221720,Works,Minimal,"[A112] PRINCE REGENT LANE (E13 ,E16 ) (Newham)",[],[A112] Prince Regent Lane (Northbound) at the junction of Churchill Road - Road closed northbound due to emergency Thames Water works.
2025-12-30T16:46:21.712021,TIMS-221083,Planned events,Minimal,"MARSHGATE LANE (E15 ,E20 ,E3 ) (Hackney,Newham,Tower Hamlets)",[],West Ham United vs Brighton and Hove Albion - London Stadium - Marshgate Lane (All approaches) at the junction of Siding Street - Premier League football match with a 19:30 kick off
2025-12-30T16:46:21.712021,TIMS-222027,Works,Minimal,"[B212] STRATHEDEN ROAD (SE3 ) (Greenwich,Lewisham)",[],Thames Water works - [B212] Stratheden Road (Both directions) at the junction of [A2] Shooters Hill Road - The road is closed due to Thames Water works. 
2025-12-30T16:46:21.712021,TIMS-219993,Works,Minimal,[A200] LOWER ROAD (SE16 ) (Southwark),[],[A200] Lower Road (Both directions) at the junction of Gomm Road - Temporary traffic signals to be implemented to facilitate cable works. 
2025-12-30T17:00:56.022519,TIMS-222050,Works,Serious,[A40] WESTERN AVENUE (W3 ) (Ealing),['a40'],[A40] Western Avenue (Eastbound) at the junction of Braid Avenue - Lane one (of two) closure to facilitate works. 
2025-12-30T17:00:56.022519,TIMS-218732,Planned events,Serious,"[A4202] PARK LANE (W1J ,W1K ,W2 ) (Westminster)",['inner ring'],Winter Wonderland - Hyde Park - [A4202] Park Lane (All directions) at the junction of [A4202] Achilles Way - Winter Wonderland event has opened at 10:00
2025-12-30T17:00:56.022519,TIMS-206772,Works,Moderate,"[A12] EASTERN AVENUE EAST (RM2 ,RM3 ) (Havering)",['a12'],"Gallows Corner Flyover Refurbishment - [A12] Eastern Avenue East (All directions) at the junction of [A12] Colchester Road - Various restrictions, to facilitate the refurbishment of Gallows Corner Flyover. Full closure of the Flyover and the roundabout including all approaches in place."
2025-12-30T17:00:56.022519,TIMS-213893,Works,Moderate,"[A23] STREATHAM HILL (SW16 ,SW2 ) (Lambeth)",['a23'],"[A23] Streatham Hill (Both directions) between [A205] Christchurch Road and Leigham Court Road - Various restrictions for TfL works. Lane restrictions, in place over the course of the works. On 15/02/2026, 16/02/2026, 17/05/2026, 18/05/2026 there will be a full overnight closure. "
2025-12-30T17:00:56.022519,TIMS-200007,Works,Moderate,"KING WILLIAM STREET (EC3V,EC4N,EC4R) (City of London)",['bishopsgate cross route'],King William Street (Southbound) at the junction of Lombard Street - Road closed to facilitate urban realm works.
2025-12-30T17:00:56.022519,TIMS-216408,Works,Moderate,[A400] HAMPSTEAD ROAD (NW1 ) (Camden),['inner ring'],[A400] Hampstead Road (Both directions) at the junction of Robert Street - Temporary traffic signals and lane restrictions are in place for HS2 works.
2025-12-30T17:00:56.022519,TIMS-221134,Network delays,Moderate,"[A101] ROTHERHITHE TUNNEL (E1W ,SE16 ) (Southwark,Tower Hamlets)",['southern river route'],"[A101] Rotherhithe Tunnel (Both directions) between [A200] Jamaica Road and [A13] Commercial Road - The Tunnel may be subject to short, intermittent closures"
2025-12-30T17:00:56.022519,TIMS-204461,Works,Moderate,"[A3203] LAMBETH BRIDGE (SE1 ,SW1P ) (Lambeth,Westminster)",['southern river route'],[A3203] Lambeth Bridge (Eastbound) between [A3036] A 3036 and [A3212] Millbank - Lane restrictions are in place at either side of the bridge for junction improvement works.
2025-12-30T17:00:56.022519,TIMS-220472,Hazards,Moderate,"[A4200] SOUTHAMPTON ROW (WC1A ,WC1B ,WC1N ,WC1V ) (Camden)",[],[A4200] Southampton Row (Both directions) between [A40] High Holborn and [A40] Vernon Place - The road is closed due to emergency UKPN works. Vernon Place westbound bus lane is also closed. 
2025-12-30T17:00:56.022519,TIMS-222067,Collisions,Moderate,"[A217] ST DUNSTANS HILL (SM1 ,SM3 ) (Sutton)",['a24'],[A217] St Dunstans Hill (Both directions) at the junction of Lumley Road - Road is closed in both directions due to a road traffic collision
2025-12-30T17:00:56.022519,TIMS-222066,Works,Moderate,HAYES ROAD (UB2 ) (Hounslow),[],Hayes Road (Both directions) at the junction of Bullsbridge Industrial Estate - Lane closures are in place to facilitate emergency Affinity Water works.
2025-12-30T17:00:56.022519,TIMS-222012,Works,Minimal,[A212] CATFORD HILL (SE6 ) (Lewisham),['a205'],[A212] Catford Hill (Both directions) at the junction of Beechfield Road - Two way temporary traffic lights in place to facilitate Thames Water works. 
2025-12-30T17:00:56.022519,TIMS-221961,Network delays,Minimal,[A2204] FERRY APPROACH (SE18 ) (Greenwich),['a205'],[A2204] Ferry Approach (Both directions) at the junction of [A206] Woolwich Ferry Roundabout - The Woolwich Ferry is currently suspended
2025-12-30T17:00:56.022519,TIMS-221957,Works,Minimal,[A3] WANDSWORTH HIGH STREET (SW18 ) (Wandsworth),['a205'],[A3] Wandsworth High Street (Both directions) between [A3] West Hill and [A3] East Hill - Road closures in place due to a burst water main. 
2025-12-30T17:00:56.022519,TIMS-221773,Works,Minimal,"[A216] MITCHAM LANE (SW16 ) (Lambeth,Wandsworth)",['a23'],[A216] Mitcham Lane (Both directions) at the junction of Fernwood Avenue - Temporary signals in operation to facilitate repairs to a burst water main.
2025-12-30T17:00:56.022519,TIMS-222025,Works,Minimal,[A22] GODSTONE ROAD (CR8 ) (Croydon),['a23'],"[A22] Godstone Road (Both directions) at the junction of Station Road - Two-way temporary signals in operation near Kenley station, due to burst water main repairs. "
2025-12-30T17:00:56.022519,TIMS-222070,Collisions,Minimal,[A23] LONDON ROAD (CR7 ) (Croydon),['a23'],[A23] London Road (Southbound) at the junction of Malvern Road - Bus lane is obstructed by a road traffic collision
2025-12-30T17:00:56.022519,TIMS-210389,Works,Minimal,"[A40] WESTWAY (W10 ,W12 ) (Hammersmith & Fulham,Kensington & Chelsea)",['a40'],[A40] Westway (Eastbound) at the junction of [A3220] West Cross Route - The exit slip road to the Northern Roundabout is closed to facilitate repair works. 
2025-12-30T17:00:56.022519,TIMS-222023,Works,Minimal,"[A40] WESTERN AVENUE (HA4 ,UB10 ) (Hillingdon)",['a40'],"[A40] Western Avenue (Westbound) at the junction of [A4180] West End Road - Lane one (of three) closure after the onslip from Polish War Memorial, due to urgent water main repairs. "
2025-12-30T17:00:56.022519,TIMS-222029,Works,Minimal,"[A1203] THE HIGHWAY (E1 ,E1W ) (Tower Hamlets)",['city route'],"[A1203] The Highway (Westbound) at the junction of [A1202] Dock Street - Lane closure due to urgent UKPN cable repairs.
"
2025-12-30T17:00:56.022519,TIMS-212391,Works,Minimal,[A4020] UXBRIDGE ROAD (W12 ) (Hammersmith & Fulham),[],[A4020] Uxbridge Road (Both directions) at the junction of [A402] Shepherds Bush Green - Restrictions in place in various locations on Uxbridge Road and Shepherds Bush Green due to C34 cycle lane scheme works.
2025-12-30T17:00:56.022519,TIMS-220707,Planned events,Minimal,MILLENNIUM WAY (SE10 ) (Greenwich),[],Disney on Ice - The O2 - Millennium Way (All approaches) at the junction of Ordnance Crescent - Disney on Ice.
2025-12-30T17:00:56.022519,TIMS-220784,Works,Minimal,"[A1205] BURDETT ROAD (E1 ,E14 ,E3 ) (Tower Hamlets)",[],"[A1205] Burdett Road (Both directions) at the junction of [B140] St Pauls Way - Temporary traffic signals lane restrictions in use to facilitate Thames Water works. In addition, no access to St Paul's Way."
2025-12-30T17:00:56.022519,TIMS-220848,Planned events,Minimal,"[A304] FULHAM ROAD (SW10 ,SW6 ) (Hammersmith & Fulham,Kensington & Chelsea)",[],Chelsea vs. AFC Bournemouth - Stamford Bridge - [A304] Fulham Road (All approaches) at the junction of Britannia Road - Chelsea vs. AFC Bournemouth. 19:30 kick off. 
2025-12-30T17:00:56.022519,TIMS-221963,Works,Minimal,JAIL LANE (TN16 ) (Bromley),[],Jail Lane (Both directions) at the junction of Old Tye Avenue - Road closed to facilitate Thames Water works. 
2025-12-30T17:00:56.022519,TIMS-219173,Works,Minimal,[A219] WOOD LANE (W12 ) (Hammersmith & Fulham),[],[A219] Wood Lane (Both directions) at the junction of [A40] Westway - Various carriageway and footway restrictions in place to facilitate Cycle Superhighway works.
2025-12-30T17:00:56.022519,TIMS-217012,Works,Minimal,[A206] WOOLWICH ROAD (SE7 ) (Greenwich),[],[A206] Woolwich Road (Both directions) between Anchor & Hope Lane and John Wilson Street. - Lane restrictions to facilitate the construction of a segregated cycle lane. 
2025-12-30T17:00:56.022519,TIMS-213362,Works,Minimal,"[A107] MARE STREET (E8 ,E9 ) (Hackney)",[],"[A107] Mare Street (Both directions) between [A1207] Graham Road and [A107] Amhurst Road - Road is closed to facilitate urban realm works. Additionally, temporary signals are in place at the junction of Graham Road."
2025-12-30T17:00:56.022519,TIMS-221831,Works,Minimal,"PECKHAM RYE (SE15 ,SE22 ) (Southwark)",[],Peckham Rye (All directions) at the junction of [A2214] Nunhead Lane - Temporary traffic signals are in place to facilitate ermergency SGN works.
2025-12-30T17:00:56.022519,TIMS-222064,Works,Moderate,[A13] COMMERCIAL ROAD (E14 ) (Tower Hamlets),['a13'],"[A13] Commercial Road (Both directions) at the junction of [A13] East India Dock Road - Emergency gas works. These are the traffic restrictions. East India Dock Road, No right turn. West India Dock Road, all traffic to turn left onto Commercial Road. Burdett Road, southbound left only onto East India Dock Road. West India Dock Rd only left onto Commercial Road. Commercial Road Eastbound ahead and left turn only. East India Dock Rd westbound ahead and left turn only."
2025-12-30T17:00:56.022519,TIMS-222068,Breakdowns,Moderate,[A1261] ASPEN WAY (E14 ) (Tower Hamlets),['a13'],[A1261] Aspen Way (Eastbound) at the junction of Upper Bank Street - Lane one of three closed due to a broken down car.
2025-12-30T17:00:56.022519,TIMS-221700,Works,Minimal,[A205] WALDRAM CRESCENT (SE23 ) (Lewisham),['a205'],[A205] Waldram Crescent (Both directions) at the junction of Stanstead Road - Contra-flow in operation to facilitate SGN works.
2025-12-30T17:00:56.022519,TIMS-221978,Works,Minimal,"[A3] BATTERSEA RISE (SW11 ,SW18 ) (Wandsworth)",['a205'],[A3] Battersea Rise (Both directions) at the junction of Bolingbroke Grove - There are 2-way temporary traffic lights at this location for Thames Water works. 
2025-12-30T17:00:56.022519,TIMS-209852,Works,Minimal,"[A3205] NINE ELMS LANE (SW11 ,SW8 ) (Lambeth,Wandsworth)","['a3', 'inner ring']",[A3205] Nine Elms Lane (Both directions) at the junction of Ponton Road - Lane closures in place to facilitate Urban Realm Works.
2025-12-30T17:00:56.022519,TIMS-220695,Works,Minimal,"[A41] FINCHLEY ROAD (NW3 ,NW6 ,NW8 ) (Camden)",['a41'],[A41] Finchley Road (Southbound) at the junction of [B511] College Crescent - Lanes one and two (of three) closed to facilitate emergency Thames Water works.
2025-12-30T17:00:56.022519,TIMS-221816,Works,Minimal,[A302] GROSVENOR GARDENS (SW1W ) (Westminster),['inner ring'],[A302] Grosvenor Gardens (Southbound) at the junction of [A302] Victoria Street - The right turn from Buckingham Palace Road into Grosvenor Gardens has been closed due to emergency repairs by Cadent Gas.
2025-12-30T17:00:56.022519,TIMS-222054,Works,Minimal,[A407] HIGH ROAD (NW10 ) (Brent),[],[A407] High Road (Both directions) at the junction of Bertie Road - Temporary traffic signals in operation to facilitate Cadent Gas works.
2025-12-30T17:00:56.022519,TIMS-215004,Works,Minimal,"DU CANE ROAD (W12 ,W3 ) (Hammersmith & Fulham)",[],Du Cane Road (Both directions) at the junction of Hilary Road - Two-way temporary traffic signals are in operation for bridge works.
2025-12-30T17:00:56.022519,TIMS-219885,Works,Minimal,"[A1205] BURDETT ROAD (E1 ,E3 ) (Tower Hamlets)",[],[A1205] Burdett Road (Both directions) at the junction of [A11] Mile End Road - Lane restrictions in place to facilitate Thames Water works.
2025-12-30T17:00:56.022519,TIMS-218924,Works,Minimal,[A206] WOOLWICH CHURCH STREET (SE18 ) (Greenwich),[],[A206] Woolwich Church Street (Both directions) at the junction of [A206] Woolwich Ferry Roundabout - Various restrictions in place to facilitate cycle lane works.
2025-12-30T17:00:56.022519,TIMS-220134,Works,Minimal,"[A206] WOOLWICH CHURCH STREET (SE18 ,SE7 ) (Greenwich)",[],[A206] Woolwich Church Street (Westbound) at the junction of Warspite Road - Lane restriction due to ongoing cycle scheme works.
2025-12-30T17:00:56.022519,TIMS-221911,Works,Minimal,SELBORNE ROAD (E17 ) (Waltham Forest),[],Selborne Road (Both directions) at the junction of Vernon Road - Temporary traffic signals in operation to facilitate Thames Water works. 
2025-12-30T17:00:56.022519,TIMS-221797,Planned events,Minimal,HORSE GUARDS AVENUE (SW1A ) (Westminster),[],Horse Guards Avenue (Both directions) between [A3211] Victoria Embankment and Whitehall Court - The road will be closed to facilitate the build for New Year's Eve celebrations. 
2025-12-30T17:00:56.022519,TIMS-221720,Works,Minimal,"[A112] PRINCE REGENT LANE (E13 ,E16 ) (Newham)",[],[A112] Prince Regent Lane (Northbound) at the junction of Churchill Road - Road closed northbound due to emergency Thames Water works.
2025-12-30T17:00:56.022519,TIMS-221083,Planned events,Minimal,"MARSHGATE LANE (E15 ,E20 ,E3 ) (Hackney,Newham,Tower Hamlets)",[],West Ham United vs Brighton and Hove Albion - London Stadium - Marshgate Lane (All approaches) at the junction of Siding Street - Premier League football match with a 19:30 kick off
2025-12-30T17:00:56.022519,TIMS-222027,Works,Minimal,"[B212] STRATHEDEN ROAD (SE3 ) (Greenwich,Lewisham)",[],Thames Water works - [B212] Stratheden Road (Both directions) at the junction of [A2] Shooters Hill Road - The road is closed due to Thames Water works. 
2025-12-30T17:00:56.022519,TIMS-219993,Works,Minimal,[A200] LOWER ROAD (SE16 ) (Southwark),[],[A200] Lower Road (Both directions) at the junction of Gomm Road - Temporary traffic signals to be implemented to facilitate cable works. 
